ISO-10303-21;
HEADER;
/* Generated by software containing ST-Developer
 * from STEP Tools, Inc. (www.steptools.com) 
 */
/* OPTION: using custom renumber hook */

FILE_DESCRIPTION(
/* description */ ('STEP AP242 Edition 2',
'CAx-IF Rec.Pracs.---Representation and Presentation of Product Manufa
cturing Information (PMI)---4.0---2014-10-13',
'CAx-IF Rec.Pracs.---3D Tessellated Geometry---0.4---2014-09-14','2;1',
'CAx-IF Rec.Pracs.---User Defined Attributes---1.5---2016-08-15'),
/* implementation_level */ '2;1');

FILE_NAME(
/* name */ 'Part Studio 6 - Part 1',
/* time_stamp */ '2026-04-21T16:48:18Z',
/* author */ (''),
/* organization */ (''),
/* preprocessor_version */ 'ST-DEVELOPER v20',
/* originating_system */ 'ONSHAPE BY PTC INC, 1.213',
/* authorisation */ '  ');

FILE_SCHEMA (('AP242_MANAGED_MODEL_BASED_3D_ENGINEERING_MIM_LF { 1 0 10303 442 3 1 4 }'));
ENDSEC;

DATA;
#10=SHAPE_REPRESENTATION_RELATIONSHIP('','',#4245,#11);
#11=ADVANCED_BREP_SHAPE_REPRESENTATION('',(#4243),#7781);
#12=PLANE('',#4898);
#13=PLANE('',#4899);
#14=PLANE('',#4900);
#15=PLANE('',#4901);
#16=PLANE('',#4902);
#17=PLANE('',#4903);
#18=PLANE('',#4904);
#19=LINE('',#6458,#247);
#20=LINE('',#6463,#248);
#21=LINE('',#6469,#249);
#22=LINE('',#6475,#250);
#23=LINE('',#6481,#251);
#24=LINE('',#6487,#252);
#25=LINE('',#6493,#253);
#26=LINE('',#6499,#254);
#27=LINE('',#6505,#255);
#28=LINE('',#6511,#256);
#29=LINE('',#6517,#257);
#30=LINE('',#6523,#258);
#31=LINE('',#6529,#259);
#32=LINE('',#6535,#260);
#33=LINE('',#6541,#261);
#34=LINE('',#6547,#262);
#35=LINE('',#6553,#263);
#36=LINE('',#6559,#264);
#37=LINE('',#6565,#265);
#38=LINE('',#6571,#266);
#39=LINE('',#6577,#267);
#40=LINE('',#6583,#268);
#41=LINE('',#6589,#269);
#42=LINE('',#6595,#270);
#43=LINE('',#6601,#271);
#44=LINE('',#6607,#272);
#45=LINE('',#6613,#273);
#46=LINE('',#6619,#274);
#47=LINE('',#6625,#275);
#48=LINE('',#6631,#276);
#49=LINE('',#6637,#277);
#50=LINE('',#6643,#278);
#51=LINE('',#6649,#279);
#52=LINE('',#6655,#280);
#53=LINE('',#6661,#281);
#54=LINE('',#6667,#282);
#55=LINE('',#6673,#283);
#56=LINE('',#6679,#284);
#57=LINE('',#6685,#285);
#58=LINE('',#6691,#286);
#59=LINE('',#6697,#287);
#60=LINE('',#6703,#288);
#61=LINE('',#6709,#289);
#62=LINE('',#6715,#290);
#63=LINE('',#6721,#291);
#64=LINE('',#6727,#292);
#65=LINE('',#6733,#293);
#66=LINE('',#6739,#294);
#67=LINE('',#6745,#295);
#68=LINE('',#6751,#296);
#69=LINE('',#6757,#297);
#70=LINE('',#6763,#298);
#71=LINE('',#6769,#299);
#72=LINE('',#6775,#300);
#73=LINE('',#6781,#301);
#74=LINE('',#6787,#302);
#75=LINE('',#6793,#303);
#76=LINE('',#6799,#304);
#77=LINE('',#6805,#305);
#78=LINE('',#6811,#306);
#79=LINE('',#6817,#307);
#80=LINE('',#6823,#308);
#81=LINE('',#6829,#309);
#82=LINE('',#6835,#310);
#83=LINE('',#6841,#311);
#84=LINE('',#6847,#312);
#85=LINE('',#6853,#313);
#86=LINE('',#6859,#314);
#87=LINE('',#6865,#315);
#88=LINE('',#6871,#316);
#89=LINE('',#6877,#317);
#90=LINE('',#6883,#318);
#91=LINE('',#6889,#319);
#92=LINE('',#6895,#320);
#93=LINE('',#6901,#321);
#94=LINE('',#6907,#322);
#95=LINE('',#6913,#323);
#96=LINE('',#6919,#324);
#97=LINE('',#6925,#325);
#98=LINE('',#6931,#326);
#99=LINE('',#6937,#327);
#100=LINE('',#6943,#328);
#101=LINE('',#6949,#329);
#102=LINE('',#6955,#330);
#103=LINE('',#6961,#331);
#104=LINE('',#6967,#332);
#105=LINE('',#6973,#333);
#106=LINE('',#6979,#334);
#107=LINE('',#6985,#335);
#108=LINE('',#6991,#336);
#109=LINE('',#6997,#337);
#110=LINE('',#7003,#338);
#111=LINE('',#7009,#339);
#112=LINE('',#7015,#340);
#113=LINE('',#7021,#341);
#114=LINE('',#7027,#342);
#115=LINE('',#7033,#343);
#116=LINE('',#7039,#344);
#117=LINE('',#7045,#345);
#118=LINE('',#7051,#346);
#119=LINE('',#7057,#347);
#120=LINE('',#7063,#348);
#121=LINE('',#7069,#349);
#122=LINE('',#7075,#350);
#123=LINE('',#7081,#351);
#124=LINE('',#7087,#352);
#125=LINE('',#7093,#353);
#126=LINE('',#7099,#354);
#127=LINE('',#7105,#355);
#128=LINE('',#7111,#356);
#129=LINE('',#7117,#357);
#130=LINE('',#7123,#358);
#131=LINE('',#7129,#359);
#132=LINE('',#7135,#360);
#133=LINE('',#7141,#361);
#134=LINE('',#7147,#362);
#135=LINE('',#7153,#363);
#136=LINE('',#7159,#364);
#137=LINE('',#7165,#365);
#138=LINE('',#7171,#366);
#139=LINE('',#7177,#367);
#140=LINE('',#7183,#368);
#141=LINE('',#7189,#369);
#142=LINE('',#7195,#370);
#143=LINE('',#7201,#371);
#144=LINE('',#7207,#372);
#145=LINE('',#7213,#373);
#146=LINE('',#7219,#374);
#147=LINE('',#7225,#375);
#148=LINE('',#7231,#376);
#149=LINE('',#7237,#377);
#150=LINE('',#7243,#378);
#151=LINE('',#7249,#379);
#152=LINE('',#7255,#380);
#153=LINE('',#7261,#381);
#154=LINE('',#7267,#382);
#155=LINE('',#7273,#383);
#156=LINE('',#7279,#384);
#157=LINE('',#7285,#385);
#158=LINE('',#7291,#386);
#159=LINE('',#7297,#387);
#160=LINE('',#7303,#388);
#161=LINE('',#7309,#389);
#162=LINE('',#7315,#390);
#163=LINE('',#7321,#391);
#164=LINE('',#7327,#392);
#165=LINE('',#7333,#393);
#166=LINE('',#7339,#394);
#167=LINE('',#7345,#395);
#168=LINE('',#7351,#396);
#169=LINE('',#7357,#397);
#170=LINE('',#7363,#398);
#171=LINE('',#7369,#399);
#172=LINE('',#7375,#400);
#173=LINE('',#7381,#401);
#174=LINE('',#7387,#402);
#175=LINE('',#7393,#403);
#176=LINE('',#7399,#404);
#177=LINE('',#7405,#405);
#178=LINE('',#7411,#406);
#179=LINE('',#7417,#407);
#180=LINE('',#7423,#408);
#181=LINE('',#7429,#409);
#182=LINE('',#7435,#410);
#183=LINE('',#7441,#411);
#184=LINE('',#7447,#412);
#185=LINE('',#7453,#413);
#186=LINE('',#7459,#414);
#187=LINE('',#7465,#415);
#188=LINE('',#7471,#416);
#189=LINE('',#7477,#417);
#190=LINE('',#7483,#418);
#191=LINE('',#7489,#419);
#192=LINE('',#7495,#420);
#193=LINE('',#7501,#421);
#194=LINE('',#7507,#422);
#195=LINE('',#7513,#423);
#196=LINE('',#7519,#424);
#197=LINE('',#7525,#425);
#198=LINE('',#7531,#426);
#199=LINE('',#7537,#427);
#200=LINE('',#7543,#428);
#201=LINE('',#7549,#429);
#202=LINE('',#7555,#430);
#203=LINE('',#7561,#431);
#204=LINE('',#7567,#432);
#205=LINE('',#7573,#433);
#206=LINE('',#7579,#434);
#207=LINE('',#7585,#435);
#208=LINE('',#7591,#436);
#209=LINE('',#7597,#437);
#210=LINE('',#7603,#438);
#211=LINE('',#7609,#439);
#212=LINE('',#7615,#440);
#213=LINE('',#7621,#441);
#214=LINE('',#7627,#442);
#215=LINE('',#7633,#443);
#216=LINE('',#7639,#444);
#217=LINE('',#7645,#445);
#218=LINE('',#7651,#446);
#219=LINE('',#7657,#447);
#220=LINE('',#7663,#448);
#221=LINE('',#7669,#449);
#222=LINE('',#7675,#450);
#223=LINE('',#7681,#451);
#224=LINE('',#7687,#452);
#225=LINE('',#7693,#453);
#226=LINE('',#7699,#454);
#227=LINE('',#7705,#455);
#228=LINE('',#7711,#456);
#229=LINE('',#7717,#457);
#230=LINE('',#7723,#458);
#231=LINE('',#7729,#459);
#232=LINE('',#7735,#460);
#233=LINE('',#7741,#461);
#234=LINE('',#7747,#462);
#235=LINE('',#7754,#463);
#236=LINE('',#7757,#464);
#237=LINE('',#7759,#465);
#238=LINE('',#7761,#466);
#239=LINE('',#7763,#467);
#240=LINE('',#7765,#468);
#241=LINE('',#7767,#469);
#242=LINE('',#7769,#470);
#243=LINE('',#7771,#471);
#244=LINE('',#7773,#472);
#245=LINE('',#7775,#473);
#246=LINE('',#7777,#474);
#247=VECTOR('',#4915,1.);
#248=VECTOR('',#4918,1.);
#249=VECTOR('',#4925,1.);
#250=VECTOR('',#4932,1.);
#251=VECTOR('',#4939,1.);
#252=VECTOR('',#4946,1.);
#253=VECTOR('',#4953,1.);
#254=VECTOR('',#4960,1.);
#255=VECTOR('',#4967,1.);
#256=VECTOR('',#4974,1.);
#257=VECTOR('',#4981,1.);
#258=VECTOR('',#4988,1.);
#259=VECTOR('',#4995,1.);
#260=VECTOR('',#5002,1.);
#261=VECTOR('',#5009,1.);
#262=VECTOR('',#5016,1.);
#263=VECTOR('',#5023,1.);
#264=VECTOR('',#5030,1.);
#265=VECTOR('',#5037,1.);
#266=VECTOR('',#5044,1.);
#267=VECTOR('',#5051,1.);
#268=VECTOR('',#5058,1.);
#269=VECTOR('',#5065,1.);
#270=VECTOR('',#5072,1.);
#271=VECTOR('',#5079,1.);
#272=VECTOR('',#5086,1.);
#273=VECTOR('',#5093,1.);
#274=VECTOR('',#5100,1.);
#275=VECTOR('',#5107,1.);
#276=VECTOR('',#5114,1.);
#277=VECTOR('',#5121,1.);
#278=VECTOR('',#5128,1.);
#279=VECTOR('',#5135,1.);
#280=VECTOR('',#5142,1.);
#281=VECTOR('',#5149,1.);
#282=VECTOR('',#5156,1.);
#283=VECTOR('',#5163,1.);
#284=VECTOR('',#5170,1.);
#285=VECTOR('',#5177,1.);
#286=VECTOR('',#5184,1.);
#287=VECTOR('',#5191,1.);
#288=VECTOR('',#5198,1.);
#289=VECTOR('',#5205,1.);
#290=VECTOR('',#5212,1.);
#291=VECTOR('',#5219,1.);
#292=VECTOR('',#5226,1.);
#293=VECTOR('',#5233,1.);
#294=VECTOR('',#5240,1.);
#295=VECTOR('',#5247,1.);
#296=VECTOR('',#5254,1.);
#297=VECTOR('',#5261,1.);
#298=VECTOR('',#5268,1.);
#299=VECTOR('',#5275,1.);
#300=VECTOR('',#5282,1.);
#301=VECTOR('',#5289,1.);
#302=VECTOR('',#5296,1.);
#303=VECTOR('',#5303,1.);
#304=VECTOR('',#5310,1.);
#305=VECTOR('',#5317,1.);
#306=VECTOR('',#5324,1.);
#307=VECTOR('',#5331,1.);
#308=VECTOR('',#5338,1.);
#309=VECTOR('',#5345,1.);
#310=VECTOR('',#5352,1.);
#311=VECTOR('',#5359,1.);
#312=VECTOR('',#5366,1.);
#313=VECTOR('',#5373,1.);
#314=VECTOR('',#5380,1.);
#315=VECTOR('',#5387,1.);
#316=VECTOR('',#5394,1.);
#317=VECTOR('',#5401,1.);
#318=VECTOR('',#5408,1.);
#319=VECTOR('',#5415,1.);
#320=VECTOR('',#5422,1.);
#321=VECTOR('',#5429,1.);
#322=VECTOR('',#5436,1.);
#323=VECTOR('',#5443,1.);
#324=VECTOR('',#5450,1.);
#325=VECTOR('',#5457,1.);
#326=VECTOR('',#5464,1.);
#327=VECTOR('',#5471,1.);
#328=VECTOR('',#5478,1.);
#329=VECTOR('',#5485,1.);
#330=VECTOR('',#5492,1.);
#331=VECTOR('',#5499,1.);
#332=VECTOR('',#5506,1.);
#333=VECTOR('',#5513,1.);
#334=VECTOR('',#5520,1.);
#335=VECTOR('',#5527,1.);
#336=VECTOR('',#5534,1.);
#337=VECTOR('',#5541,1.);
#338=VECTOR('',#5548,1.);
#339=VECTOR('',#5555,1.);
#340=VECTOR('',#5562,1.);
#341=VECTOR('',#5569,1.);
#342=VECTOR('',#5576,1.);
#343=VECTOR('',#5583,1.);
#344=VECTOR('',#5590,1.);
#345=VECTOR('',#5597,1.);
#346=VECTOR('',#5604,1.);
#347=VECTOR('',#5611,1.);
#348=VECTOR('',#5618,1.);
#349=VECTOR('',#5625,1.);
#350=VECTOR('',#5632,1.);
#351=VECTOR('',#5639,1.);
#352=VECTOR('',#5646,1.);
#353=VECTOR('',#5653,1.);
#354=VECTOR('',#5660,1.);
#355=VECTOR('',#5667,1.);
#356=VECTOR('',#5674,1.);
#357=VECTOR('',#5681,1.);
#358=VECTOR('',#5688,1.);
#359=VECTOR('',#5695,1.);
#360=VECTOR('',#5702,1.);
#361=VECTOR('',#5709,1.);
#362=VECTOR('',#5716,1.);
#363=VECTOR('',#5723,1.);
#364=VECTOR('',#5730,1.);
#365=VECTOR('',#5737,1.);
#366=VECTOR('',#5744,1.);
#367=VECTOR('',#5751,1.);
#368=VECTOR('',#5758,1.);
#369=VECTOR('',#5765,1.);
#370=VECTOR('',#5772,1.);
#371=VECTOR('',#5779,1.);
#372=VECTOR('',#5786,1.);
#373=VECTOR('',#5793,1.);
#374=VECTOR('',#5800,1.);
#375=VECTOR('',#5807,1.);
#376=VECTOR('',#5814,1.);
#377=VECTOR('',#5821,1.);
#378=VECTOR('',#5828,1.);
#379=VECTOR('',#5835,1.);
#380=VECTOR('',#5842,1.);
#381=VECTOR('',#5849,1.);
#382=VECTOR('',#5856,1.);
#383=VECTOR('',#5863,1.);
#384=VECTOR('',#5870,1.);
#385=VECTOR('',#5877,1.);
#386=VECTOR('',#5884,1.);
#387=VECTOR('',#5891,1.);
#388=VECTOR('',#5898,1.);
#389=VECTOR('',#5905,1.);
#390=VECTOR('',#5912,1.);
#391=VECTOR('',#5919,1.);
#392=VECTOR('',#5926,1.);
#393=VECTOR('',#5933,1.);
#394=VECTOR('',#5940,1.);
#395=VECTOR('',#5947,1.);
#396=VECTOR('',#5954,1.);
#397=VECTOR('',#5961,1.);
#398=VECTOR('',#5968,1.);
#399=VECTOR('',#5975,1.);
#400=VECTOR('',#5982,1.);
#401=VECTOR('',#5989,1.);
#402=VECTOR('',#5996,1.);
#403=VECTOR('',#6003,1.);
#404=VECTOR('',#6010,1.);
#405=VECTOR('',#6017,1.);
#406=VECTOR('',#6024,1.);
#407=VECTOR('',#6031,1.);
#408=VECTOR('',#6038,1.);
#409=VECTOR('',#6045,1.);
#410=VECTOR('',#6052,1.);
#411=VECTOR('',#6059,1.);
#412=VECTOR('',#6066,1.);
#413=VECTOR('',#6073,1.);
#414=VECTOR('',#6080,1.);
#415=VECTOR('',#6087,1.);
#416=VECTOR('',#6094,1.);
#417=VECTOR('',#6101,1.);
#418=VECTOR('',#6108,1.);
#419=VECTOR('',#6115,1.);
#420=VECTOR('',#6122,1.);
#421=VECTOR('',#6129,1.);
#422=VECTOR('',#6136,1.);
#423=VECTOR('',#6143,1.);
#424=VECTOR('',#6150,1.);
#425=VECTOR('',#6157,1.);
#426=VECTOR('',#6164,1.);
#427=VECTOR('',#6171,1.);
#428=VECTOR('',#6178,1.);
#429=VECTOR('',#6185,1.);
#430=VECTOR('',#6192,1.);
#431=VECTOR('',#6199,1.);
#432=VECTOR('',#6206,1.);
#433=VECTOR('',#6213,1.);
#434=VECTOR('',#6220,1.);
#435=VECTOR('',#6227,1.);
#436=VECTOR('',#6234,1.);
#437=VECTOR('',#6241,1.);
#438=VECTOR('',#6248,1.);
#439=VECTOR('',#6255,1.);
#440=VECTOR('',#6262,1.);
#441=VECTOR('',#6269,1.);
#442=VECTOR('',#6276,1.);
#443=VECTOR('',#6283,1.);
#444=VECTOR('',#6290,1.);
#445=VECTOR('',#6297,1.);
#446=VECTOR('',#6304,1.);
#447=VECTOR('',#6311,1.);
#448=VECTOR('',#6318,1.);
#449=VECTOR('',#6325,1.);
#450=VECTOR('',#6332,1.);
#451=VECTOR('',#6339,1.);
#452=VECTOR('',#6346,1.);
#453=VECTOR('',#6353,1.);
#454=VECTOR('',#6360,1.);
#455=VECTOR('',#6367,1.);
#456=VECTOR('',#6374,1.);
#457=VECTOR('',#6381,1.);
#458=VECTOR('',#6388,1.);
#459=VECTOR('',#6395,1.);
#460=VECTOR('',#6402,1.);
#461=VECTOR('',#6409,1.);
#462=VECTOR('',#6416,1.);
#463=VECTOR('',#6427,1.);
#464=VECTOR('',#6428,1.);
#465=VECTOR('',#6429,1.);
#466=VECTOR('',#6430,1.);
#467=VECTOR('',#6433,1.);
#468=VECTOR('',#6434,1.);
#469=VECTOR('',#6435,1.);
#470=VECTOR('',#6438,1.);
#471=VECTOR('',#6439,1.);
#472=VECTOR('',#6442,1.);
#473=VECTOR('',#6443,1.);
#474=VECTOR('',#6446,1.);
#475=ORIENTED_EDGE('',*,*,#1799,.T.);
#476=ORIENTED_EDGE('',*,*,#1800,.F.);
#477=ORIENTED_EDGE('',*,*,#1801,.T.);
#478=ORIENTED_EDGE('',*,*,#1802,.F.);
#479=ORIENTED_EDGE('',*,*,#1803,.F.);
#480=ORIENTED_EDGE('',*,*,#1804,.T.);
#481=ORIENTED_EDGE('',*,*,#1803,.T.);
#482=ORIENTED_EDGE('',*,*,#1805,.T.);
#483=ORIENTED_EDGE('',*,*,#1806,.F.);
#484=ORIENTED_EDGE('',*,*,#1807,.F.);
#485=ORIENTED_EDGE('',*,*,#1806,.T.);
#486=ORIENTED_EDGE('',*,*,#1808,.T.);
#487=ORIENTED_EDGE('',*,*,#1809,.F.);
#488=ORIENTED_EDGE('',*,*,#1810,.F.);
#489=ORIENTED_EDGE('',*,*,#1809,.T.);
#490=ORIENTED_EDGE('',*,*,#1811,.T.);
#491=ORIENTED_EDGE('',*,*,#1812,.F.);
#492=ORIENTED_EDGE('',*,*,#1813,.F.);
#493=ORIENTED_EDGE('',*,*,#1812,.T.);
#494=ORIENTED_EDGE('',*,*,#1814,.F.);
#495=ORIENTED_EDGE('',*,*,#1815,.F.);
#496=ORIENTED_EDGE('',*,*,#1816,.T.);
#497=ORIENTED_EDGE('',*,*,#1815,.T.);
#498=ORIENTED_EDGE('',*,*,#1817,.F.);
#499=ORIENTED_EDGE('',*,*,#1818,.F.);
#500=ORIENTED_EDGE('',*,*,#1819,.T.);
#501=ORIENTED_EDGE('',*,*,#1818,.T.);
#502=ORIENTED_EDGE('',*,*,#1820,.F.);
#503=ORIENTED_EDGE('',*,*,#1821,.F.);
#504=ORIENTED_EDGE('',*,*,#1822,.T.);
#505=ORIENTED_EDGE('',*,*,#1821,.T.);
#506=ORIENTED_EDGE('',*,*,#1823,.T.);
#507=ORIENTED_EDGE('',*,*,#1824,.F.);
#508=ORIENTED_EDGE('',*,*,#1825,.F.);
#509=ORIENTED_EDGE('',*,*,#1824,.T.);
#510=ORIENTED_EDGE('',*,*,#1826,.T.);
#511=ORIENTED_EDGE('',*,*,#1827,.F.);
#512=ORIENTED_EDGE('',*,*,#1828,.F.);
#513=ORIENTED_EDGE('',*,*,#1827,.T.);
#514=ORIENTED_EDGE('',*,*,#1829,.T.);
#515=ORIENTED_EDGE('',*,*,#1830,.F.);
#516=ORIENTED_EDGE('',*,*,#1831,.F.);
#517=ORIENTED_EDGE('',*,*,#1830,.T.);
#518=ORIENTED_EDGE('',*,*,#1832,.F.);
#519=ORIENTED_EDGE('',*,*,#1833,.F.);
#520=ORIENTED_EDGE('',*,*,#1834,.T.);
#521=ORIENTED_EDGE('',*,*,#1833,.T.);
#522=ORIENTED_EDGE('',*,*,#1835,.F.);
#523=ORIENTED_EDGE('',*,*,#1836,.F.);
#524=ORIENTED_EDGE('',*,*,#1837,.T.);
#525=ORIENTED_EDGE('',*,*,#1836,.T.);
#526=ORIENTED_EDGE('',*,*,#1838,.F.);
#527=ORIENTED_EDGE('',*,*,#1839,.F.);
#528=ORIENTED_EDGE('',*,*,#1840,.T.);
#529=ORIENTED_EDGE('',*,*,#1839,.T.);
#530=ORIENTED_EDGE('',*,*,#1841,.T.);
#531=ORIENTED_EDGE('',*,*,#1842,.F.);
#532=ORIENTED_EDGE('',*,*,#1843,.F.);
#533=ORIENTED_EDGE('',*,*,#1842,.T.);
#534=ORIENTED_EDGE('',*,*,#1844,.T.);
#535=ORIENTED_EDGE('',*,*,#1845,.F.);
#536=ORIENTED_EDGE('',*,*,#1846,.F.);
#537=ORIENTED_EDGE('',*,*,#1845,.T.);
#538=ORIENTED_EDGE('',*,*,#1847,.T.);
#539=ORIENTED_EDGE('',*,*,#1848,.F.);
#540=ORIENTED_EDGE('',*,*,#1849,.F.);
#541=ORIENTED_EDGE('',*,*,#1848,.T.);
#542=ORIENTED_EDGE('',*,*,#1850,.F.);
#543=ORIENTED_EDGE('',*,*,#1851,.F.);
#544=ORIENTED_EDGE('',*,*,#1852,.T.);
#545=ORIENTED_EDGE('',*,*,#1851,.T.);
#546=ORIENTED_EDGE('',*,*,#1853,.F.);
#547=ORIENTED_EDGE('',*,*,#1854,.F.);
#548=ORIENTED_EDGE('',*,*,#1855,.T.);
#549=ORIENTED_EDGE('',*,*,#1854,.T.);
#550=ORIENTED_EDGE('',*,*,#1856,.F.);
#551=ORIENTED_EDGE('',*,*,#1857,.F.);
#552=ORIENTED_EDGE('',*,*,#1858,.T.);
#553=ORIENTED_EDGE('',*,*,#1857,.T.);
#554=ORIENTED_EDGE('',*,*,#1859,.T.);
#555=ORIENTED_EDGE('',*,*,#1860,.F.);
#556=ORIENTED_EDGE('',*,*,#1861,.F.);
#557=ORIENTED_EDGE('',*,*,#1860,.T.);
#558=ORIENTED_EDGE('',*,*,#1862,.T.);
#559=ORIENTED_EDGE('',*,*,#1863,.F.);
#560=ORIENTED_EDGE('',*,*,#1864,.F.);
#561=ORIENTED_EDGE('',*,*,#1863,.T.);
#562=ORIENTED_EDGE('',*,*,#1865,.T.);
#563=ORIENTED_EDGE('',*,*,#1866,.F.);
#564=ORIENTED_EDGE('',*,*,#1867,.F.);
#565=ORIENTED_EDGE('',*,*,#1866,.T.);
#566=ORIENTED_EDGE('',*,*,#1868,.F.);
#567=ORIENTED_EDGE('',*,*,#1869,.F.);
#568=ORIENTED_EDGE('',*,*,#1870,.T.);
#569=ORIENTED_EDGE('',*,*,#1869,.T.);
#570=ORIENTED_EDGE('',*,*,#1871,.F.);
#571=ORIENTED_EDGE('',*,*,#1872,.F.);
#572=ORIENTED_EDGE('',*,*,#1873,.T.);
#573=ORIENTED_EDGE('',*,*,#1872,.T.);
#574=ORIENTED_EDGE('',*,*,#1874,.F.);
#575=ORIENTED_EDGE('',*,*,#1875,.F.);
#576=ORIENTED_EDGE('',*,*,#1876,.T.);
#577=ORIENTED_EDGE('',*,*,#1875,.T.);
#578=ORIENTED_EDGE('',*,*,#1877,.T.);
#579=ORIENTED_EDGE('',*,*,#1878,.F.);
#580=ORIENTED_EDGE('',*,*,#1879,.F.);
#581=ORIENTED_EDGE('',*,*,#1878,.T.);
#582=ORIENTED_EDGE('',*,*,#1880,.T.);
#583=ORIENTED_EDGE('',*,*,#1881,.F.);
#584=ORIENTED_EDGE('',*,*,#1882,.F.);
#585=ORIENTED_EDGE('',*,*,#1881,.T.);
#586=ORIENTED_EDGE('',*,*,#1883,.T.);
#587=ORIENTED_EDGE('',*,*,#1884,.F.);
#588=ORIENTED_EDGE('',*,*,#1885,.F.);
#589=ORIENTED_EDGE('',*,*,#1884,.T.);
#590=ORIENTED_EDGE('',*,*,#1886,.F.);
#591=ORIENTED_EDGE('',*,*,#1887,.F.);
#592=ORIENTED_EDGE('',*,*,#1888,.T.);
#593=ORIENTED_EDGE('',*,*,#1887,.T.);
#594=ORIENTED_EDGE('',*,*,#1889,.F.);
#595=ORIENTED_EDGE('',*,*,#1890,.F.);
#596=ORIENTED_EDGE('',*,*,#1891,.T.);
#597=ORIENTED_EDGE('',*,*,#1890,.T.);
#598=ORIENTED_EDGE('',*,*,#1892,.F.);
#599=ORIENTED_EDGE('',*,*,#1893,.F.);
#600=ORIENTED_EDGE('',*,*,#1894,.T.);
#601=ORIENTED_EDGE('',*,*,#1893,.T.);
#602=ORIENTED_EDGE('',*,*,#1895,.T.);
#603=ORIENTED_EDGE('',*,*,#1896,.F.);
#604=ORIENTED_EDGE('',*,*,#1897,.F.);
#605=ORIENTED_EDGE('',*,*,#1896,.T.);
#606=ORIENTED_EDGE('',*,*,#1898,.T.);
#607=ORIENTED_EDGE('',*,*,#1899,.F.);
#608=ORIENTED_EDGE('',*,*,#1900,.F.);
#609=ORIENTED_EDGE('',*,*,#1899,.T.);
#610=ORIENTED_EDGE('',*,*,#1901,.T.);
#611=ORIENTED_EDGE('',*,*,#1902,.F.);
#612=ORIENTED_EDGE('',*,*,#1903,.F.);
#613=ORIENTED_EDGE('',*,*,#1902,.T.);
#614=ORIENTED_EDGE('',*,*,#1904,.F.);
#615=ORIENTED_EDGE('',*,*,#1905,.F.);
#616=ORIENTED_EDGE('',*,*,#1906,.T.);
#617=ORIENTED_EDGE('',*,*,#1905,.T.);
#618=ORIENTED_EDGE('',*,*,#1907,.F.);
#619=ORIENTED_EDGE('',*,*,#1908,.F.);
#620=ORIENTED_EDGE('',*,*,#1909,.T.);
#621=ORIENTED_EDGE('',*,*,#1908,.T.);
#622=ORIENTED_EDGE('',*,*,#1910,.F.);
#623=ORIENTED_EDGE('',*,*,#1911,.F.);
#624=ORIENTED_EDGE('',*,*,#1912,.T.);
#625=ORIENTED_EDGE('',*,*,#1911,.T.);
#626=ORIENTED_EDGE('',*,*,#1913,.T.);
#627=ORIENTED_EDGE('',*,*,#1914,.F.);
#628=ORIENTED_EDGE('',*,*,#1915,.F.);
#629=ORIENTED_EDGE('',*,*,#1914,.T.);
#630=ORIENTED_EDGE('',*,*,#1916,.T.);
#631=ORIENTED_EDGE('',*,*,#1917,.F.);
#632=ORIENTED_EDGE('',*,*,#1918,.F.);
#633=ORIENTED_EDGE('',*,*,#1917,.T.);
#634=ORIENTED_EDGE('',*,*,#1919,.T.);
#635=ORIENTED_EDGE('',*,*,#1920,.F.);
#636=ORIENTED_EDGE('',*,*,#1921,.F.);
#637=ORIENTED_EDGE('',*,*,#1920,.T.);
#638=ORIENTED_EDGE('',*,*,#1922,.F.);
#639=ORIENTED_EDGE('',*,*,#1923,.F.);
#640=ORIENTED_EDGE('',*,*,#1924,.T.);
#641=ORIENTED_EDGE('',*,*,#1923,.T.);
#642=ORIENTED_EDGE('',*,*,#1925,.F.);
#643=ORIENTED_EDGE('',*,*,#1926,.F.);
#644=ORIENTED_EDGE('',*,*,#1927,.T.);
#645=ORIENTED_EDGE('',*,*,#1926,.T.);
#646=ORIENTED_EDGE('',*,*,#1928,.F.);
#647=ORIENTED_EDGE('',*,*,#1929,.F.);
#648=ORIENTED_EDGE('',*,*,#1930,.T.);
#649=ORIENTED_EDGE('',*,*,#1929,.T.);
#650=ORIENTED_EDGE('',*,*,#1931,.T.);
#651=ORIENTED_EDGE('',*,*,#1932,.F.);
#652=ORIENTED_EDGE('',*,*,#1933,.F.);
#653=ORIENTED_EDGE('',*,*,#1932,.T.);
#654=ORIENTED_EDGE('',*,*,#1934,.T.);
#655=ORIENTED_EDGE('',*,*,#1935,.F.);
#656=ORIENTED_EDGE('',*,*,#1936,.F.);
#657=ORIENTED_EDGE('',*,*,#1935,.T.);
#658=ORIENTED_EDGE('',*,*,#1937,.T.);
#659=ORIENTED_EDGE('',*,*,#1938,.F.);
#660=ORIENTED_EDGE('',*,*,#1939,.F.);
#661=ORIENTED_EDGE('',*,*,#1938,.T.);
#662=ORIENTED_EDGE('',*,*,#1940,.F.);
#663=ORIENTED_EDGE('',*,*,#1941,.F.);
#664=ORIENTED_EDGE('',*,*,#1942,.T.);
#665=ORIENTED_EDGE('',*,*,#1941,.T.);
#666=ORIENTED_EDGE('',*,*,#1943,.F.);
#667=ORIENTED_EDGE('',*,*,#1944,.F.);
#668=ORIENTED_EDGE('',*,*,#1945,.T.);
#669=ORIENTED_EDGE('',*,*,#1944,.T.);
#670=ORIENTED_EDGE('',*,*,#1946,.F.);
#671=ORIENTED_EDGE('',*,*,#1947,.F.);
#672=ORIENTED_EDGE('',*,*,#1948,.T.);
#673=ORIENTED_EDGE('',*,*,#1947,.T.);
#674=ORIENTED_EDGE('',*,*,#1949,.T.);
#675=ORIENTED_EDGE('',*,*,#1950,.F.);
#676=ORIENTED_EDGE('',*,*,#1951,.F.);
#677=ORIENTED_EDGE('',*,*,#1950,.T.);
#678=ORIENTED_EDGE('',*,*,#1952,.T.);
#679=ORIENTED_EDGE('',*,*,#1953,.F.);
#680=ORIENTED_EDGE('',*,*,#1954,.F.);
#681=ORIENTED_EDGE('',*,*,#1953,.T.);
#682=ORIENTED_EDGE('',*,*,#1955,.T.);
#683=ORIENTED_EDGE('',*,*,#1956,.F.);
#684=ORIENTED_EDGE('',*,*,#1957,.F.);
#685=ORIENTED_EDGE('',*,*,#1956,.T.);
#686=ORIENTED_EDGE('',*,*,#1958,.F.);
#687=ORIENTED_EDGE('',*,*,#1959,.F.);
#688=ORIENTED_EDGE('',*,*,#1960,.T.);
#689=ORIENTED_EDGE('',*,*,#1959,.T.);
#690=ORIENTED_EDGE('',*,*,#1961,.F.);
#691=ORIENTED_EDGE('',*,*,#1962,.F.);
#692=ORIENTED_EDGE('',*,*,#1963,.T.);
#693=ORIENTED_EDGE('',*,*,#1962,.T.);
#694=ORIENTED_EDGE('',*,*,#1964,.F.);
#695=ORIENTED_EDGE('',*,*,#1965,.F.);
#696=ORIENTED_EDGE('',*,*,#1966,.T.);
#697=ORIENTED_EDGE('',*,*,#1965,.T.);
#698=ORIENTED_EDGE('',*,*,#1967,.T.);
#699=ORIENTED_EDGE('',*,*,#1968,.F.);
#700=ORIENTED_EDGE('',*,*,#1969,.F.);
#701=ORIENTED_EDGE('',*,*,#1968,.T.);
#702=ORIENTED_EDGE('',*,*,#1970,.T.);
#703=ORIENTED_EDGE('',*,*,#1971,.F.);
#704=ORIENTED_EDGE('',*,*,#1972,.F.);
#705=ORIENTED_EDGE('',*,*,#1971,.T.);
#706=ORIENTED_EDGE('',*,*,#1973,.T.);
#707=ORIENTED_EDGE('',*,*,#1974,.F.);
#708=ORIENTED_EDGE('',*,*,#1975,.F.);
#709=ORIENTED_EDGE('',*,*,#1974,.T.);
#710=ORIENTED_EDGE('',*,*,#1976,.F.);
#711=ORIENTED_EDGE('',*,*,#1977,.F.);
#712=ORIENTED_EDGE('',*,*,#1978,.T.);
#713=ORIENTED_EDGE('',*,*,#1977,.T.);
#714=ORIENTED_EDGE('',*,*,#1979,.F.);
#715=ORIENTED_EDGE('',*,*,#1980,.F.);
#716=ORIENTED_EDGE('',*,*,#1981,.T.);
#717=ORIENTED_EDGE('',*,*,#1980,.T.);
#718=ORIENTED_EDGE('',*,*,#1982,.F.);
#719=ORIENTED_EDGE('',*,*,#1983,.F.);
#720=ORIENTED_EDGE('',*,*,#1984,.T.);
#721=ORIENTED_EDGE('',*,*,#1983,.T.);
#722=ORIENTED_EDGE('',*,*,#1985,.T.);
#723=ORIENTED_EDGE('',*,*,#1986,.F.);
#724=ORIENTED_EDGE('',*,*,#1987,.F.);
#725=ORIENTED_EDGE('',*,*,#1986,.T.);
#726=ORIENTED_EDGE('',*,*,#1988,.T.);
#727=ORIENTED_EDGE('',*,*,#1989,.F.);
#728=ORIENTED_EDGE('',*,*,#1990,.F.);
#729=ORIENTED_EDGE('',*,*,#1989,.T.);
#730=ORIENTED_EDGE('',*,*,#1991,.T.);
#731=ORIENTED_EDGE('',*,*,#1992,.F.);
#732=ORIENTED_EDGE('',*,*,#1993,.F.);
#733=ORIENTED_EDGE('',*,*,#1992,.T.);
#734=ORIENTED_EDGE('',*,*,#1994,.F.);
#735=ORIENTED_EDGE('',*,*,#1995,.F.);
#736=ORIENTED_EDGE('',*,*,#1996,.T.);
#737=ORIENTED_EDGE('',*,*,#1995,.T.);
#738=ORIENTED_EDGE('',*,*,#1997,.F.);
#739=ORIENTED_EDGE('',*,*,#1998,.F.);
#740=ORIENTED_EDGE('',*,*,#1999,.T.);
#741=ORIENTED_EDGE('',*,*,#1998,.T.);
#742=ORIENTED_EDGE('',*,*,#2000,.F.);
#743=ORIENTED_EDGE('',*,*,#2001,.F.);
#744=ORIENTED_EDGE('',*,*,#2002,.T.);
#745=ORIENTED_EDGE('',*,*,#2001,.T.);
#746=ORIENTED_EDGE('',*,*,#2003,.T.);
#747=ORIENTED_EDGE('',*,*,#2004,.F.);
#748=ORIENTED_EDGE('',*,*,#2005,.F.);
#749=ORIENTED_EDGE('',*,*,#2004,.T.);
#750=ORIENTED_EDGE('',*,*,#2006,.T.);
#751=ORIENTED_EDGE('',*,*,#2007,.F.);
#752=ORIENTED_EDGE('',*,*,#2008,.F.);
#753=ORIENTED_EDGE('',*,*,#2007,.T.);
#754=ORIENTED_EDGE('',*,*,#2009,.T.);
#755=ORIENTED_EDGE('',*,*,#2010,.F.);
#756=ORIENTED_EDGE('',*,*,#2011,.F.);
#757=ORIENTED_EDGE('',*,*,#2010,.T.);
#758=ORIENTED_EDGE('',*,*,#2012,.F.);
#759=ORIENTED_EDGE('',*,*,#2013,.F.);
#760=ORIENTED_EDGE('',*,*,#2014,.T.);
#761=ORIENTED_EDGE('',*,*,#2013,.T.);
#762=ORIENTED_EDGE('',*,*,#2015,.F.);
#763=ORIENTED_EDGE('',*,*,#2016,.F.);
#764=ORIENTED_EDGE('',*,*,#2017,.T.);
#765=ORIENTED_EDGE('',*,*,#2016,.T.);
#766=ORIENTED_EDGE('',*,*,#2018,.F.);
#767=ORIENTED_EDGE('',*,*,#2019,.F.);
#768=ORIENTED_EDGE('',*,*,#2020,.T.);
#769=ORIENTED_EDGE('',*,*,#2019,.T.);
#770=ORIENTED_EDGE('',*,*,#2021,.T.);
#771=ORIENTED_EDGE('',*,*,#2022,.F.);
#772=ORIENTED_EDGE('',*,*,#2023,.F.);
#773=ORIENTED_EDGE('',*,*,#2022,.T.);
#774=ORIENTED_EDGE('',*,*,#2024,.T.);
#775=ORIENTED_EDGE('',*,*,#2025,.F.);
#776=ORIENTED_EDGE('',*,*,#2026,.F.);
#777=ORIENTED_EDGE('',*,*,#2025,.T.);
#778=ORIENTED_EDGE('',*,*,#2027,.T.);
#779=ORIENTED_EDGE('',*,*,#2028,.F.);
#780=ORIENTED_EDGE('',*,*,#2029,.F.);
#781=ORIENTED_EDGE('',*,*,#2028,.T.);
#782=ORIENTED_EDGE('',*,*,#2030,.F.);
#783=ORIENTED_EDGE('',*,*,#2031,.F.);
#784=ORIENTED_EDGE('',*,*,#2032,.T.);
#785=ORIENTED_EDGE('',*,*,#2031,.T.);
#786=ORIENTED_EDGE('',*,*,#2033,.F.);
#787=ORIENTED_EDGE('',*,*,#2034,.F.);
#788=ORIENTED_EDGE('',*,*,#2035,.T.);
#789=ORIENTED_EDGE('',*,*,#2034,.T.);
#790=ORIENTED_EDGE('',*,*,#2036,.F.);
#791=ORIENTED_EDGE('',*,*,#2037,.F.);
#792=ORIENTED_EDGE('',*,*,#2038,.T.);
#793=ORIENTED_EDGE('',*,*,#2037,.T.);
#794=ORIENTED_EDGE('',*,*,#2039,.T.);
#795=ORIENTED_EDGE('',*,*,#2040,.F.);
#796=ORIENTED_EDGE('',*,*,#2041,.F.);
#797=ORIENTED_EDGE('',*,*,#2040,.T.);
#798=ORIENTED_EDGE('',*,*,#2042,.T.);
#799=ORIENTED_EDGE('',*,*,#2043,.F.);
#800=ORIENTED_EDGE('',*,*,#2044,.F.);
#801=ORIENTED_EDGE('',*,*,#2043,.T.);
#802=ORIENTED_EDGE('',*,*,#2045,.T.);
#803=ORIENTED_EDGE('',*,*,#2046,.F.);
#804=ORIENTED_EDGE('',*,*,#2047,.F.);
#805=ORIENTED_EDGE('',*,*,#2046,.T.);
#806=ORIENTED_EDGE('',*,*,#2048,.F.);
#807=ORIENTED_EDGE('',*,*,#2049,.F.);
#808=ORIENTED_EDGE('',*,*,#2050,.T.);
#809=ORIENTED_EDGE('',*,*,#2049,.T.);
#810=ORIENTED_EDGE('',*,*,#2051,.F.);
#811=ORIENTED_EDGE('',*,*,#2052,.F.);
#812=ORIENTED_EDGE('',*,*,#2053,.T.);
#813=ORIENTED_EDGE('',*,*,#2052,.T.);
#814=ORIENTED_EDGE('',*,*,#2054,.F.);
#815=ORIENTED_EDGE('',*,*,#2055,.F.);
#816=ORIENTED_EDGE('',*,*,#2056,.T.);
#817=ORIENTED_EDGE('',*,*,#2055,.T.);
#818=ORIENTED_EDGE('',*,*,#2057,.T.);
#819=ORIENTED_EDGE('',*,*,#2058,.F.);
#820=ORIENTED_EDGE('',*,*,#2059,.F.);
#821=ORIENTED_EDGE('',*,*,#2058,.T.);
#822=ORIENTED_EDGE('',*,*,#2060,.T.);
#823=ORIENTED_EDGE('',*,*,#2061,.F.);
#824=ORIENTED_EDGE('',*,*,#2062,.F.);
#825=ORIENTED_EDGE('',*,*,#2061,.T.);
#826=ORIENTED_EDGE('',*,*,#2063,.T.);
#827=ORIENTED_EDGE('',*,*,#2064,.F.);
#828=ORIENTED_EDGE('',*,*,#2065,.F.);
#829=ORIENTED_EDGE('',*,*,#2064,.T.);
#830=ORIENTED_EDGE('',*,*,#2066,.F.);
#831=ORIENTED_EDGE('',*,*,#2067,.F.);
#832=ORIENTED_EDGE('',*,*,#2068,.T.);
#833=ORIENTED_EDGE('',*,*,#2067,.T.);
#834=ORIENTED_EDGE('',*,*,#2069,.F.);
#835=ORIENTED_EDGE('',*,*,#2070,.F.);
#836=ORIENTED_EDGE('',*,*,#2071,.T.);
#837=ORIENTED_EDGE('',*,*,#2070,.T.);
#838=ORIENTED_EDGE('',*,*,#2072,.F.);
#839=ORIENTED_EDGE('',*,*,#2073,.F.);
#840=ORIENTED_EDGE('',*,*,#2074,.T.);
#841=ORIENTED_EDGE('',*,*,#2073,.T.);
#842=ORIENTED_EDGE('',*,*,#2075,.T.);
#843=ORIENTED_EDGE('',*,*,#2076,.F.);
#844=ORIENTED_EDGE('',*,*,#2077,.F.);
#845=ORIENTED_EDGE('',*,*,#2076,.T.);
#846=ORIENTED_EDGE('',*,*,#2078,.T.);
#847=ORIENTED_EDGE('',*,*,#2079,.F.);
#848=ORIENTED_EDGE('',*,*,#2080,.F.);
#849=ORIENTED_EDGE('',*,*,#2079,.T.);
#850=ORIENTED_EDGE('',*,*,#2081,.T.);
#851=ORIENTED_EDGE('',*,*,#2082,.F.);
#852=ORIENTED_EDGE('',*,*,#2083,.F.);
#853=ORIENTED_EDGE('',*,*,#2082,.T.);
#854=ORIENTED_EDGE('',*,*,#2084,.F.);
#855=ORIENTED_EDGE('',*,*,#2085,.F.);
#856=ORIENTED_EDGE('',*,*,#2086,.T.);
#857=ORIENTED_EDGE('',*,*,#2085,.T.);
#858=ORIENTED_EDGE('',*,*,#2087,.F.);
#859=ORIENTED_EDGE('',*,*,#2088,.F.);
#860=ORIENTED_EDGE('',*,*,#2089,.T.);
#861=ORIENTED_EDGE('',*,*,#2088,.T.);
#862=ORIENTED_EDGE('',*,*,#2090,.F.);
#863=ORIENTED_EDGE('',*,*,#2091,.F.);
#864=ORIENTED_EDGE('',*,*,#2092,.T.);
#865=ORIENTED_EDGE('',*,*,#2091,.T.);
#866=ORIENTED_EDGE('',*,*,#2093,.T.);
#867=ORIENTED_EDGE('',*,*,#2094,.F.);
#868=ORIENTED_EDGE('',*,*,#2095,.F.);
#869=ORIENTED_EDGE('',*,*,#2094,.T.);
#870=ORIENTED_EDGE('',*,*,#2096,.T.);
#871=ORIENTED_EDGE('',*,*,#2097,.F.);
#872=ORIENTED_EDGE('',*,*,#2098,.F.);
#873=ORIENTED_EDGE('',*,*,#2097,.T.);
#874=ORIENTED_EDGE('',*,*,#2099,.T.);
#875=ORIENTED_EDGE('',*,*,#2100,.F.);
#876=ORIENTED_EDGE('',*,*,#2101,.F.);
#877=ORIENTED_EDGE('',*,*,#2100,.T.);
#878=ORIENTED_EDGE('',*,*,#2102,.F.);
#879=ORIENTED_EDGE('',*,*,#2103,.F.);
#880=ORIENTED_EDGE('',*,*,#2104,.T.);
#881=ORIENTED_EDGE('',*,*,#2103,.T.);
#882=ORIENTED_EDGE('',*,*,#2105,.F.);
#883=ORIENTED_EDGE('',*,*,#2106,.F.);
#884=ORIENTED_EDGE('',*,*,#2107,.T.);
#885=ORIENTED_EDGE('',*,*,#2106,.T.);
#886=ORIENTED_EDGE('',*,*,#2108,.F.);
#887=ORIENTED_EDGE('',*,*,#2109,.F.);
#888=ORIENTED_EDGE('',*,*,#2110,.T.);
#889=ORIENTED_EDGE('',*,*,#2109,.T.);
#890=ORIENTED_EDGE('',*,*,#2111,.T.);
#891=ORIENTED_EDGE('',*,*,#2112,.F.);
#892=ORIENTED_EDGE('',*,*,#2113,.F.);
#893=ORIENTED_EDGE('',*,*,#2112,.T.);
#894=ORIENTED_EDGE('',*,*,#2114,.T.);
#895=ORIENTED_EDGE('',*,*,#2115,.F.);
#896=ORIENTED_EDGE('',*,*,#2116,.F.);
#897=ORIENTED_EDGE('',*,*,#2115,.T.);
#898=ORIENTED_EDGE('',*,*,#2117,.T.);
#899=ORIENTED_EDGE('',*,*,#2118,.F.);
#900=ORIENTED_EDGE('',*,*,#2119,.F.);
#901=ORIENTED_EDGE('',*,*,#2118,.T.);
#902=ORIENTED_EDGE('',*,*,#2120,.F.);
#903=ORIENTED_EDGE('',*,*,#2121,.F.);
#904=ORIENTED_EDGE('',*,*,#2122,.T.);
#905=ORIENTED_EDGE('',*,*,#2121,.T.);
#906=ORIENTED_EDGE('',*,*,#2123,.F.);
#907=ORIENTED_EDGE('',*,*,#2124,.F.);
#908=ORIENTED_EDGE('',*,*,#2125,.T.);
#909=ORIENTED_EDGE('',*,*,#2124,.T.);
#910=ORIENTED_EDGE('',*,*,#2126,.F.);
#911=ORIENTED_EDGE('',*,*,#2127,.F.);
#912=ORIENTED_EDGE('',*,*,#2128,.T.);
#913=ORIENTED_EDGE('',*,*,#2127,.T.);
#914=ORIENTED_EDGE('',*,*,#2129,.T.);
#915=ORIENTED_EDGE('',*,*,#2130,.F.);
#916=ORIENTED_EDGE('',*,*,#2131,.F.);
#917=ORIENTED_EDGE('',*,*,#2130,.T.);
#918=ORIENTED_EDGE('',*,*,#2132,.T.);
#919=ORIENTED_EDGE('',*,*,#2133,.F.);
#920=ORIENTED_EDGE('',*,*,#2134,.F.);
#921=ORIENTED_EDGE('',*,*,#2133,.T.);
#922=ORIENTED_EDGE('',*,*,#2135,.T.);
#923=ORIENTED_EDGE('',*,*,#2136,.F.);
#924=ORIENTED_EDGE('',*,*,#2137,.F.);
#925=ORIENTED_EDGE('',*,*,#2136,.T.);
#926=ORIENTED_EDGE('',*,*,#2138,.F.);
#927=ORIENTED_EDGE('',*,*,#2139,.F.);
#928=ORIENTED_EDGE('',*,*,#2140,.T.);
#929=ORIENTED_EDGE('',*,*,#2139,.T.);
#930=ORIENTED_EDGE('',*,*,#2141,.F.);
#931=ORIENTED_EDGE('',*,*,#2142,.F.);
#932=ORIENTED_EDGE('',*,*,#2143,.T.);
#933=ORIENTED_EDGE('',*,*,#2142,.T.);
#934=ORIENTED_EDGE('',*,*,#2144,.F.);
#935=ORIENTED_EDGE('',*,*,#2145,.F.);
#936=ORIENTED_EDGE('',*,*,#2146,.T.);
#937=ORIENTED_EDGE('',*,*,#2145,.T.);
#938=ORIENTED_EDGE('',*,*,#2147,.T.);
#939=ORIENTED_EDGE('',*,*,#2148,.F.);
#940=ORIENTED_EDGE('',*,*,#2149,.F.);
#941=ORIENTED_EDGE('',*,*,#2148,.T.);
#942=ORIENTED_EDGE('',*,*,#2150,.T.);
#943=ORIENTED_EDGE('',*,*,#2151,.F.);
#944=ORIENTED_EDGE('',*,*,#2152,.F.);
#945=ORIENTED_EDGE('',*,*,#2151,.T.);
#946=ORIENTED_EDGE('',*,*,#2153,.T.);
#947=ORIENTED_EDGE('',*,*,#2154,.F.);
#948=ORIENTED_EDGE('',*,*,#2155,.F.);
#949=ORIENTED_EDGE('',*,*,#2154,.T.);
#950=ORIENTED_EDGE('',*,*,#2156,.F.);
#951=ORIENTED_EDGE('',*,*,#2157,.F.);
#952=ORIENTED_EDGE('',*,*,#2158,.T.);
#953=ORIENTED_EDGE('',*,*,#2157,.T.);
#954=ORIENTED_EDGE('',*,*,#2159,.F.);
#955=ORIENTED_EDGE('',*,*,#2160,.F.);
#956=ORIENTED_EDGE('',*,*,#2161,.T.);
#957=ORIENTED_EDGE('',*,*,#2160,.T.);
#958=ORIENTED_EDGE('',*,*,#2162,.F.);
#959=ORIENTED_EDGE('',*,*,#2163,.F.);
#960=ORIENTED_EDGE('',*,*,#2164,.T.);
#961=ORIENTED_EDGE('',*,*,#2163,.T.);
#962=ORIENTED_EDGE('',*,*,#2165,.T.);
#963=ORIENTED_EDGE('',*,*,#2166,.F.);
#964=ORIENTED_EDGE('',*,*,#2167,.F.);
#965=ORIENTED_EDGE('',*,*,#2166,.T.);
#966=ORIENTED_EDGE('',*,*,#2168,.T.);
#967=ORIENTED_EDGE('',*,*,#2169,.F.);
#968=ORIENTED_EDGE('',*,*,#2170,.F.);
#969=ORIENTED_EDGE('',*,*,#2169,.T.);
#970=ORIENTED_EDGE('',*,*,#2171,.T.);
#971=ORIENTED_EDGE('',*,*,#2172,.F.);
#972=ORIENTED_EDGE('',*,*,#2173,.F.);
#973=ORIENTED_EDGE('',*,*,#2172,.T.);
#974=ORIENTED_EDGE('',*,*,#2174,.F.);
#975=ORIENTED_EDGE('',*,*,#2175,.F.);
#976=ORIENTED_EDGE('',*,*,#2176,.T.);
#977=ORIENTED_EDGE('',*,*,#2175,.T.);
#978=ORIENTED_EDGE('',*,*,#2177,.F.);
#979=ORIENTED_EDGE('',*,*,#2178,.F.);
#980=ORIENTED_EDGE('',*,*,#2179,.T.);
#981=ORIENTED_EDGE('',*,*,#2178,.T.);
#982=ORIENTED_EDGE('',*,*,#2180,.F.);
#983=ORIENTED_EDGE('',*,*,#2181,.F.);
#984=ORIENTED_EDGE('',*,*,#2182,.T.);
#985=ORIENTED_EDGE('',*,*,#2181,.T.);
#986=ORIENTED_EDGE('',*,*,#2183,.T.);
#987=ORIENTED_EDGE('',*,*,#2184,.F.);
#988=ORIENTED_EDGE('',*,*,#2185,.F.);
#989=ORIENTED_EDGE('',*,*,#2184,.T.);
#990=ORIENTED_EDGE('',*,*,#2186,.T.);
#991=ORIENTED_EDGE('',*,*,#2187,.F.);
#992=ORIENTED_EDGE('',*,*,#2188,.F.);
#993=ORIENTED_EDGE('',*,*,#2187,.T.);
#994=ORIENTED_EDGE('',*,*,#2189,.T.);
#995=ORIENTED_EDGE('',*,*,#2190,.F.);
#996=ORIENTED_EDGE('',*,*,#2191,.F.);
#997=ORIENTED_EDGE('',*,*,#2190,.T.);
#998=ORIENTED_EDGE('',*,*,#2192,.F.);
#999=ORIENTED_EDGE('',*,*,#2193,.F.);
#1000=ORIENTED_EDGE('',*,*,#2194,.T.);
#1001=ORIENTED_EDGE('',*,*,#2193,.T.);
#1002=ORIENTED_EDGE('',*,*,#2195,.F.);
#1003=ORIENTED_EDGE('',*,*,#2196,.F.);
#1004=ORIENTED_EDGE('',*,*,#2197,.T.);
#1005=ORIENTED_EDGE('',*,*,#2196,.T.);
#1006=ORIENTED_EDGE('',*,*,#2198,.F.);
#1007=ORIENTED_EDGE('',*,*,#2199,.F.);
#1008=ORIENTED_EDGE('',*,*,#2200,.T.);
#1009=ORIENTED_EDGE('',*,*,#2199,.T.);
#1010=ORIENTED_EDGE('',*,*,#2201,.T.);
#1011=ORIENTED_EDGE('',*,*,#2202,.F.);
#1012=ORIENTED_EDGE('',*,*,#2203,.F.);
#1013=ORIENTED_EDGE('',*,*,#2202,.T.);
#1014=ORIENTED_EDGE('',*,*,#2204,.T.);
#1015=ORIENTED_EDGE('',*,*,#2205,.F.);
#1016=ORIENTED_EDGE('',*,*,#2206,.F.);
#1017=ORIENTED_EDGE('',*,*,#2205,.T.);
#1018=ORIENTED_EDGE('',*,*,#2207,.T.);
#1019=ORIENTED_EDGE('',*,*,#2208,.F.);
#1020=ORIENTED_EDGE('',*,*,#2209,.F.);
#1021=ORIENTED_EDGE('',*,*,#2208,.T.);
#1022=ORIENTED_EDGE('',*,*,#2210,.F.);
#1023=ORIENTED_EDGE('',*,*,#2211,.F.);
#1024=ORIENTED_EDGE('',*,*,#2212,.T.);
#1025=ORIENTED_EDGE('',*,*,#2211,.T.);
#1026=ORIENTED_EDGE('',*,*,#2213,.F.);
#1027=ORIENTED_EDGE('',*,*,#2214,.F.);
#1028=ORIENTED_EDGE('',*,*,#2215,.T.);
#1029=ORIENTED_EDGE('',*,*,#2214,.T.);
#1030=ORIENTED_EDGE('',*,*,#2216,.F.);
#1031=ORIENTED_EDGE('',*,*,#2217,.F.);
#1032=ORIENTED_EDGE('',*,*,#2218,.T.);
#1033=ORIENTED_EDGE('',*,*,#2217,.T.);
#1034=ORIENTED_EDGE('',*,*,#2219,.T.);
#1035=ORIENTED_EDGE('',*,*,#2220,.F.);
#1036=ORIENTED_EDGE('',*,*,#2221,.F.);
#1037=ORIENTED_EDGE('',*,*,#2220,.T.);
#1038=ORIENTED_EDGE('',*,*,#2222,.T.);
#1039=ORIENTED_EDGE('',*,*,#2223,.F.);
#1040=ORIENTED_EDGE('',*,*,#2224,.F.);
#1041=ORIENTED_EDGE('',*,*,#2223,.T.);
#1042=ORIENTED_EDGE('',*,*,#2225,.T.);
#1043=ORIENTED_EDGE('',*,*,#2226,.F.);
#1044=ORIENTED_EDGE('',*,*,#2227,.F.);
#1045=ORIENTED_EDGE('',*,*,#2226,.T.);
#1046=ORIENTED_EDGE('',*,*,#2228,.F.);
#1047=ORIENTED_EDGE('',*,*,#2229,.F.);
#1048=ORIENTED_EDGE('',*,*,#2230,.T.);
#1049=ORIENTED_EDGE('',*,*,#2229,.T.);
#1050=ORIENTED_EDGE('',*,*,#2231,.F.);
#1051=ORIENTED_EDGE('',*,*,#2232,.F.);
#1052=ORIENTED_EDGE('',*,*,#2233,.T.);
#1053=ORIENTED_EDGE('',*,*,#2232,.T.);
#1054=ORIENTED_EDGE('',*,*,#2234,.F.);
#1055=ORIENTED_EDGE('',*,*,#2235,.F.);
#1056=ORIENTED_EDGE('',*,*,#2236,.T.);
#1057=ORIENTED_EDGE('',*,*,#2235,.T.);
#1058=ORIENTED_EDGE('',*,*,#2237,.T.);
#1059=ORIENTED_EDGE('',*,*,#2238,.F.);
#1060=ORIENTED_EDGE('',*,*,#2239,.F.);
#1061=ORIENTED_EDGE('',*,*,#2238,.T.);
#1062=ORIENTED_EDGE('',*,*,#2240,.T.);
#1063=ORIENTED_EDGE('',*,*,#2241,.F.);
#1064=ORIENTED_EDGE('',*,*,#2242,.F.);
#1065=ORIENTED_EDGE('',*,*,#2241,.T.);
#1066=ORIENTED_EDGE('',*,*,#2243,.T.);
#1067=ORIENTED_EDGE('',*,*,#2244,.F.);
#1068=ORIENTED_EDGE('',*,*,#2245,.F.);
#1069=ORIENTED_EDGE('',*,*,#2244,.T.);
#1070=ORIENTED_EDGE('',*,*,#2246,.F.);
#1071=ORIENTED_EDGE('',*,*,#2247,.F.);
#1072=ORIENTED_EDGE('',*,*,#2248,.T.);
#1073=ORIENTED_EDGE('',*,*,#2247,.T.);
#1074=ORIENTED_EDGE('',*,*,#2249,.F.);
#1075=ORIENTED_EDGE('',*,*,#2250,.F.);
#1076=ORIENTED_EDGE('',*,*,#2251,.T.);
#1077=ORIENTED_EDGE('',*,*,#2250,.T.);
#1078=ORIENTED_EDGE('',*,*,#2252,.F.);
#1079=ORIENTED_EDGE('',*,*,#2253,.F.);
#1080=ORIENTED_EDGE('',*,*,#2254,.T.);
#1081=ORIENTED_EDGE('',*,*,#2253,.T.);
#1082=ORIENTED_EDGE('',*,*,#2255,.T.);
#1083=ORIENTED_EDGE('',*,*,#2256,.F.);
#1084=ORIENTED_EDGE('',*,*,#2257,.F.);
#1085=ORIENTED_EDGE('',*,*,#2256,.T.);
#1086=ORIENTED_EDGE('',*,*,#2258,.T.);
#1087=ORIENTED_EDGE('',*,*,#2259,.F.);
#1088=ORIENTED_EDGE('',*,*,#2260,.F.);
#1089=ORIENTED_EDGE('',*,*,#2259,.T.);
#1090=ORIENTED_EDGE('',*,*,#2261,.T.);
#1091=ORIENTED_EDGE('',*,*,#2262,.F.);
#1092=ORIENTED_EDGE('',*,*,#2263,.F.);
#1093=ORIENTED_EDGE('',*,*,#2262,.T.);
#1094=ORIENTED_EDGE('',*,*,#2264,.F.);
#1095=ORIENTED_EDGE('',*,*,#2265,.F.);
#1096=ORIENTED_EDGE('',*,*,#2266,.T.);
#1097=ORIENTED_EDGE('',*,*,#2265,.T.);
#1098=ORIENTED_EDGE('',*,*,#2267,.F.);
#1099=ORIENTED_EDGE('',*,*,#2268,.F.);
#1100=ORIENTED_EDGE('',*,*,#2269,.T.);
#1101=ORIENTED_EDGE('',*,*,#2268,.T.);
#1102=ORIENTED_EDGE('',*,*,#2270,.F.);
#1103=ORIENTED_EDGE('',*,*,#2271,.F.);
#1104=ORIENTED_EDGE('',*,*,#2272,.T.);
#1105=ORIENTED_EDGE('',*,*,#2271,.T.);
#1106=ORIENTED_EDGE('',*,*,#2273,.T.);
#1107=ORIENTED_EDGE('',*,*,#2274,.F.);
#1108=ORIENTED_EDGE('',*,*,#2275,.F.);
#1109=ORIENTED_EDGE('',*,*,#2274,.T.);
#1110=ORIENTED_EDGE('',*,*,#2276,.T.);
#1111=ORIENTED_EDGE('',*,*,#2277,.F.);
#1112=ORIENTED_EDGE('',*,*,#2278,.F.);
#1113=ORIENTED_EDGE('',*,*,#2277,.T.);
#1114=ORIENTED_EDGE('',*,*,#2279,.T.);
#1115=ORIENTED_EDGE('',*,*,#2280,.F.);
#1116=ORIENTED_EDGE('',*,*,#2281,.F.);
#1117=ORIENTED_EDGE('',*,*,#2280,.T.);
#1118=ORIENTED_EDGE('',*,*,#2282,.F.);
#1119=ORIENTED_EDGE('',*,*,#2283,.F.);
#1120=ORIENTED_EDGE('',*,*,#2284,.T.);
#1121=ORIENTED_EDGE('',*,*,#2283,.T.);
#1122=ORIENTED_EDGE('',*,*,#2285,.F.);
#1123=ORIENTED_EDGE('',*,*,#2286,.F.);
#1124=ORIENTED_EDGE('',*,*,#2287,.T.);
#1125=ORIENTED_EDGE('',*,*,#2286,.T.);
#1126=ORIENTED_EDGE('',*,*,#2288,.F.);
#1127=ORIENTED_EDGE('',*,*,#2289,.F.);
#1128=ORIENTED_EDGE('',*,*,#2290,.T.);
#1129=ORIENTED_EDGE('',*,*,#2289,.T.);
#1130=ORIENTED_EDGE('',*,*,#2291,.T.);
#1131=ORIENTED_EDGE('',*,*,#2292,.F.);
#1132=ORIENTED_EDGE('',*,*,#2293,.F.);
#1133=ORIENTED_EDGE('',*,*,#2292,.T.);
#1134=ORIENTED_EDGE('',*,*,#2294,.T.);
#1135=ORIENTED_EDGE('',*,*,#2295,.F.);
#1136=ORIENTED_EDGE('',*,*,#2296,.F.);
#1137=ORIENTED_EDGE('',*,*,#2295,.T.);
#1138=ORIENTED_EDGE('',*,*,#2297,.T.);
#1139=ORIENTED_EDGE('',*,*,#2298,.F.);
#1140=ORIENTED_EDGE('',*,*,#2299,.F.);
#1141=ORIENTED_EDGE('',*,*,#2298,.T.);
#1142=ORIENTED_EDGE('',*,*,#2300,.F.);
#1143=ORIENTED_EDGE('',*,*,#2301,.F.);
#1144=ORIENTED_EDGE('',*,*,#2302,.T.);
#1145=ORIENTED_EDGE('',*,*,#2301,.T.);
#1146=ORIENTED_EDGE('',*,*,#2303,.F.);
#1147=ORIENTED_EDGE('',*,*,#2304,.F.);
#1148=ORIENTED_EDGE('',*,*,#2305,.T.);
#1149=ORIENTED_EDGE('',*,*,#2304,.T.);
#1150=ORIENTED_EDGE('',*,*,#2306,.F.);
#1151=ORIENTED_EDGE('',*,*,#2307,.F.);
#1152=ORIENTED_EDGE('',*,*,#2308,.T.);
#1153=ORIENTED_EDGE('',*,*,#2307,.T.);
#1154=ORIENTED_EDGE('',*,*,#2309,.T.);
#1155=ORIENTED_EDGE('',*,*,#2310,.F.);
#1156=ORIENTED_EDGE('',*,*,#2311,.F.);
#1157=ORIENTED_EDGE('',*,*,#2310,.T.);
#1158=ORIENTED_EDGE('',*,*,#2312,.T.);
#1159=ORIENTED_EDGE('',*,*,#2313,.F.);
#1160=ORIENTED_EDGE('',*,*,#2314,.F.);
#1161=ORIENTED_EDGE('',*,*,#2313,.T.);
#1162=ORIENTED_EDGE('',*,*,#2315,.T.);
#1163=ORIENTED_EDGE('',*,*,#2316,.F.);
#1164=ORIENTED_EDGE('',*,*,#2317,.F.);
#1165=ORIENTED_EDGE('',*,*,#2316,.T.);
#1166=ORIENTED_EDGE('',*,*,#2318,.F.);
#1167=ORIENTED_EDGE('',*,*,#2319,.F.);
#1168=ORIENTED_EDGE('',*,*,#2320,.T.);
#1169=ORIENTED_EDGE('',*,*,#2319,.T.);
#1170=ORIENTED_EDGE('',*,*,#2321,.F.);
#1171=ORIENTED_EDGE('',*,*,#2322,.F.);
#1172=ORIENTED_EDGE('',*,*,#2323,.T.);
#1173=ORIENTED_EDGE('',*,*,#2322,.T.);
#1174=ORIENTED_EDGE('',*,*,#2324,.F.);
#1175=ORIENTED_EDGE('',*,*,#2325,.F.);
#1176=ORIENTED_EDGE('',*,*,#2326,.T.);
#1177=ORIENTED_EDGE('',*,*,#2325,.T.);
#1178=ORIENTED_EDGE('',*,*,#2327,.T.);
#1179=ORIENTED_EDGE('',*,*,#2328,.F.);
#1180=ORIENTED_EDGE('',*,*,#2329,.F.);
#1181=ORIENTED_EDGE('',*,*,#2328,.T.);
#1182=ORIENTED_EDGE('',*,*,#2330,.T.);
#1183=ORIENTED_EDGE('',*,*,#2331,.F.);
#1184=ORIENTED_EDGE('',*,*,#2332,.F.);
#1185=ORIENTED_EDGE('',*,*,#2331,.T.);
#1186=ORIENTED_EDGE('',*,*,#2333,.T.);
#1187=ORIENTED_EDGE('',*,*,#2334,.F.);
#1188=ORIENTED_EDGE('',*,*,#2335,.F.);
#1189=ORIENTED_EDGE('',*,*,#2334,.T.);
#1190=ORIENTED_EDGE('',*,*,#2336,.F.);
#1191=ORIENTED_EDGE('',*,*,#2337,.F.);
#1192=ORIENTED_EDGE('',*,*,#2338,.T.);
#1193=ORIENTED_EDGE('',*,*,#2337,.T.);
#1194=ORIENTED_EDGE('',*,*,#2339,.F.);
#1195=ORIENTED_EDGE('',*,*,#2340,.F.);
#1196=ORIENTED_EDGE('',*,*,#2341,.T.);
#1197=ORIENTED_EDGE('',*,*,#2340,.T.);
#1198=ORIENTED_EDGE('',*,*,#2342,.F.);
#1199=ORIENTED_EDGE('',*,*,#2343,.F.);
#1200=ORIENTED_EDGE('',*,*,#2344,.T.);
#1201=ORIENTED_EDGE('',*,*,#2343,.T.);
#1202=ORIENTED_EDGE('',*,*,#2345,.T.);
#1203=ORIENTED_EDGE('',*,*,#2346,.F.);
#1204=ORIENTED_EDGE('',*,*,#2347,.F.);
#1205=ORIENTED_EDGE('',*,*,#2346,.T.);
#1206=ORIENTED_EDGE('',*,*,#2348,.T.);
#1207=ORIENTED_EDGE('',*,*,#2349,.F.);
#1208=ORIENTED_EDGE('',*,*,#2350,.F.);
#1209=ORIENTED_EDGE('',*,*,#2349,.T.);
#1210=ORIENTED_EDGE('',*,*,#2351,.T.);
#1211=ORIENTED_EDGE('',*,*,#2352,.F.);
#1212=ORIENTED_EDGE('',*,*,#2353,.F.);
#1213=ORIENTED_EDGE('',*,*,#2352,.T.);
#1214=ORIENTED_EDGE('',*,*,#2354,.F.);
#1215=ORIENTED_EDGE('',*,*,#2355,.F.);
#1216=ORIENTED_EDGE('',*,*,#2356,.T.);
#1217=ORIENTED_EDGE('',*,*,#2355,.T.);
#1218=ORIENTED_EDGE('',*,*,#2357,.F.);
#1219=ORIENTED_EDGE('',*,*,#2358,.F.);
#1220=ORIENTED_EDGE('',*,*,#2359,.T.);
#1221=ORIENTED_EDGE('',*,*,#2358,.T.);
#1222=ORIENTED_EDGE('',*,*,#2360,.F.);
#1223=ORIENTED_EDGE('',*,*,#2361,.F.);
#1224=ORIENTED_EDGE('',*,*,#2362,.T.);
#1225=ORIENTED_EDGE('',*,*,#2361,.T.);
#1226=ORIENTED_EDGE('',*,*,#2363,.T.);
#1227=ORIENTED_EDGE('',*,*,#2364,.F.);
#1228=ORIENTED_EDGE('',*,*,#2365,.F.);
#1229=ORIENTED_EDGE('',*,*,#2364,.T.);
#1230=ORIENTED_EDGE('',*,*,#2366,.T.);
#1231=ORIENTED_EDGE('',*,*,#2367,.F.);
#1232=ORIENTED_EDGE('',*,*,#2368,.F.);
#1233=ORIENTED_EDGE('',*,*,#2367,.T.);
#1234=ORIENTED_EDGE('',*,*,#2369,.T.);
#1235=ORIENTED_EDGE('',*,*,#2370,.F.);
#1236=ORIENTED_EDGE('',*,*,#2371,.F.);
#1237=ORIENTED_EDGE('',*,*,#2370,.T.);
#1238=ORIENTED_EDGE('',*,*,#2372,.F.);
#1239=ORIENTED_EDGE('',*,*,#2373,.F.);
#1240=ORIENTED_EDGE('',*,*,#2374,.T.);
#1241=ORIENTED_EDGE('',*,*,#2373,.T.);
#1242=ORIENTED_EDGE('',*,*,#2375,.F.);
#1243=ORIENTED_EDGE('',*,*,#2376,.F.);
#1244=ORIENTED_EDGE('',*,*,#2377,.T.);
#1245=ORIENTED_EDGE('',*,*,#2376,.T.);
#1246=ORIENTED_EDGE('',*,*,#2378,.F.);
#1247=ORIENTED_EDGE('',*,*,#2379,.F.);
#1248=ORIENTED_EDGE('',*,*,#2380,.T.);
#1249=ORIENTED_EDGE('',*,*,#2379,.T.);
#1250=ORIENTED_EDGE('',*,*,#2381,.T.);
#1251=ORIENTED_EDGE('',*,*,#2382,.F.);
#1252=ORIENTED_EDGE('',*,*,#2383,.F.);
#1253=ORIENTED_EDGE('',*,*,#2382,.T.);
#1254=ORIENTED_EDGE('',*,*,#2384,.T.);
#1255=ORIENTED_EDGE('',*,*,#2385,.F.);
#1256=ORIENTED_EDGE('',*,*,#2386,.F.);
#1257=ORIENTED_EDGE('',*,*,#2385,.T.);
#1258=ORIENTED_EDGE('',*,*,#2387,.T.);
#1259=ORIENTED_EDGE('',*,*,#2388,.F.);
#1260=ORIENTED_EDGE('',*,*,#2389,.F.);
#1261=ORIENTED_EDGE('',*,*,#2388,.T.);
#1262=ORIENTED_EDGE('',*,*,#2390,.F.);
#1263=ORIENTED_EDGE('',*,*,#2391,.F.);
#1264=ORIENTED_EDGE('',*,*,#2392,.T.);
#1265=ORIENTED_EDGE('',*,*,#2391,.T.);
#1266=ORIENTED_EDGE('',*,*,#2393,.F.);
#1267=ORIENTED_EDGE('',*,*,#2394,.F.);
#1268=ORIENTED_EDGE('',*,*,#2395,.T.);
#1269=ORIENTED_EDGE('',*,*,#2394,.T.);
#1270=ORIENTED_EDGE('',*,*,#2396,.F.);
#1271=ORIENTED_EDGE('',*,*,#2397,.F.);
#1272=ORIENTED_EDGE('',*,*,#2398,.T.);
#1273=ORIENTED_EDGE('',*,*,#2397,.T.);
#1274=ORIENTED_EDGE('',*,*,#2399,.T.);
#1275=ORIENTED_EDGE('',*,*,#2400,.F.);
#1276=ORIENTED_EDGE('',*,*,#2401,.F.);
#1277=ORIENTED_EDGE('',*,*,#2400,.T.);
#1278=ORIENTED_EDGE('',*,*,#2402,.T.);
#1279=ORIENTED_EDGE('',*,*,#2403,.F.);
#1280=ORIENTED_EDGE('',*,*,#2404,.F.);
#1281=ORIENTED_EDGE('',*,*,#2403,.T.);
#1282=ORIENTED_EDGE('',*,*,#2405,.T.);
#1283=ORIENTED_EDGE('',*,*,#2406,.F.);
#1284=ORIENTED_EDGE('',*,*,#2407,.F.);
#1285=ORIENTED_EDGE('',*,*,#2406,.T.);
#1286=ORIENTED_EDGE('',*,*,#2408,.F.);
#1287=ORIENTED_EDGE('',*,*,#2409,.F.);
#1288=ORIENTED_EDGE('',*,*,#2410,.T.);
#1289=ORIENTED_EDGE('',*,*,#2409,.T.);
#1290=ORIENTED_EDGE('',*,*,#2411,.F.);
#1291=ORIENTED_EDGE('',*,*,#2412,.F.);
#1292=ORIENTED_EDGE('',*,*,#2413,.T.);
#1293=ORIENTED_EDGE('',*,*,#2412,.T.);
#1294=ORIENTED_EDGE('',*,*,#2414,.F.);
#1295=ORIENTED_EDGE('',*,*,#2415,.F.);
#1296=ORIENTED_EDGE('',*,*,#2416,.T.);
#1297=ORIENTED_EDGE('',*,*,#2415,.T.);
#1298=ORIENTED_EDGE('',*,*,#2417,.T.);
#1299=ORIENTED_EDGE('',*,*,#2418,.F.);
#1300=ORIENTED_EDGE('',*,*,#2419,.F.);
#1301=ORIENTED_EDGE('',*,*,#2418,.T.);
#1302=ORIENTED_EDGE('',*,*,#2420,.T.);
#1303=ORIENTED_EDGE('',*,*,#2421,.F.);
#1304=ORIENTED_EDGE('',*,*,#2422,.F.);
#1305=ORIENTED_EDGE('',*,*,#2421,.T.);
#1306=ORIENTED_EDGE('',*,*,#2423,.T.);
#1307=ORIENTED_EDGE('',*,*,#2424,.F.);
#1308=ORIENTED_EDGE('',*,*,#2425,.F.);
#1309=ORIENTED_EDGE('',*,*,#2424,.T.);
#1310=ORIENTED_EDGE('',*,*,#2426,.F.);
#1311=ORIENTED_EDGE('',*,*,#2427,.F.);
#1312=ORIENTED_EDGE('',*,*,#2428,.T.);
#1313=ORIENTED_EDGE('',*,*,#2427,.T.);
#1314=ORIENTED_EDGE('',*,*,#2429,.F.);
#1315=ORIENTED_EDGE('',*,*,#2430,.F.);
#1316=ORIENTED_EDGE('',*,*,#2431,.T.);
#1317=ORIENTED_EDGE('',*,*,#2430,.T.);
#1318=ORIENTED_EDGE('',*,*,#2432,.F.);
#1319=ORIENTED_EDGE('',*,*,#2433,.F.);
#1320=ORIENTED_EDGE('',*,*,#2434,.T.);
#1321=ORIENTED_EDGE('',*,*,#2433,.T.);
#1322=ORIENTED_EDGE('',*,*,#2435,.T.);
#1323=ORIENTED_EDGE('',*,*,#2436,.F.);
#1324=ORIENTED_EDGE('',*,*,#2437,.F.);
#1325=ORIENTED_EDGE('',*,*,#2436,.T.);
#1326=ORIENTED_EDGE('',*,*,#2438,.T.);
#1327=ORIENTED_EDGE('',*,*,#2439,.F.);
#1328=ORIENTED_EDGE('',*,*,#2440,.F.);
#1329=ORIENTED_EDGE('',*,*,#2439,.T.);
#1330=ORIENTED_EDGE('',*,*,#2441,.T.);
#1331=ORIENTED_EDGE('',*,*,#2442,.F.);
#1332=ORIENTED_EDGE('',*,*,#2443,.F.);
#1333=ORIENTED_EDGE('',*,*,#2442,.T.);
#1334=ORIENTED_EDGE('',*,*,#2444,.F.);
#1335=ORIENTED_EDGE('',*,*,#2445,.F.);
#1336=ORIENTED_EDGE('',*,*,#2446,.T.);
#1337=ORIENTED_EDGE('',*,*,#2445,.T.);
#1338=ORIENTED_EDGE('',*,*,#2447,.F.);
#1339=ORIENTED_EDGE('',*,*,#1801,.F.);
#1340=ORIENTED_EDGE('',*,*,#2448,.T.);
#1341=ORIENTED_EDGE('',*,*,#2449,.F.);
#1342=ORIENTED_EDGE('',*,*,#2450,.T.);
#1343=ORIENTED_EDGE('',*,*,#2451,.T.);
#1344=ORIENTED_EDGE('',*,*,#2452,.F.);
#1345=ORIENTED_EDGE('',*,*,#1804,.F.);
#1346=ORIENTED_EDGE('',*,*,#1807,.T.);
#1347=ORIENTED_EDGE('',*,*,#1810,.T.);
#1348=ORIENTED_EDGE('',*,*,#1813,.T.);
#1349=ORIENTED_EDGE('',*,*,#1816,.F.);
#1350=ORIENTED_EDGE('',*,*,#1819,.F.);
#1351=ORIENTED_EDGE('',*,*,#1822,.F.);
#1352=ORIENTED_EDGE('',*,*,#1825,.T.);
#1353=ORIENTED_EDGE('',*,*,#1828,.T.);
#1354=ORIENTED_EDGE('',*,*,#1831,.T.);
#1355=ORIENTED_EDGE('',*,*,#1834,.F.);
#1356=ORIENTED_EDGE('',*,*,#1837,.F.);
#1357=ORIENTED_EDGE('',*,*,#1840,.F.);
#1358=ORIENTED_EDGE('',*,*,#1843,.T.);
#1359=ORIENTED_EDGE('',*,*,#1846,.T.);
#1360=ORIENTED_EDGE('',*,*,#1849,.T.);
#1361=ORIENTED_EDGE('',*,*,#1852,.F.);
#1362=ORIENTED_EDGE('',*,*,#1855,.F.);
#1363=ORIENTED_EDGE('',*,*,#1858,.F.);
#1364=ORIENTED_EDGE('',*,*,#1861,.T.);
#1365=ORIENTED_EDGE('',*,*,#1864,.T.);
#1366=ORIENTED_EDGE('',*,*,#1867,.T.);
#1367=ORIENTED_EDGE('',*,*,#1870,.F.);
#1368=ORIENTED_EDGE('',*,*,#1873,.F.);
#1369=ORIENTED_EDGE('',*,*,#1876,.F.);
#1370=ORIENTED_EDGE('',*,*,#1879,.T.);
#1371=ORIENTED_EDGE('',*,*,#1882,.T.);
#1372=ORIENTED_EDGE('',*,*,#1885,.T.);
#1373=ORIENTED_EDGE('',*,*,#1888,.F.);
#1374=ORIENTED_EDGE('',*,*,#1891,.F.);
#1375=ORIENTED_EDGE('',*,*,#1894,.F.);
#1376=ORIENTED_EDGE('',*,*,#1897,.T.);
#1377=ORIENTED_EDGE('',*,*,#1900,.T.);
#1378=ORIENTED_EDGE('',*,*,#1903,.T.);
#1379=ORIENTED_EDGE('',*,*,#1906,.F.);
#1380=ORIENTED_EDGE('',*,*,#1909,.F.);
#1381=ORIENTED_EDGE('',*,*,#1912,.F.);
#1382=ORIENTED_EDGE('',*,*,#1915,.T.);
#1383=ORIENTED_EDGE('',*,*,#1918,.T.);
#1384=ORIENTED_EDGE('',*,*,#1921,.T.);
#1385=ORIENTED_EDGE('',*,*,#1924,.F.);
#1386=ORIENTED_EDGE('',*,*,#1927,.F.);
#1387=ORIENTED_EDGE('',*,*,#1930,.F.);
#1388=ORIENTED_EDGE('',*,*,#1933,.T.);
#1389=ORIENTED_EDGE('',*,*,#1936,.T.);
#1390=ORIENTED_EDGE('',*,*,#1939,.T.);
#1391=ORIENTED_EDGE('',*,*,#1942,.F.);
#1392=ORIENTED_EDGE('',*,*,#1945,.F.);
#1393=ORIENTED_EDGE('',*,*,#1948,.F.);
#1394=ORIENTED_EDGE('',*,*,#1951,.T.);
#1395=ORIENTED_EDGE('',*,*,#1954,.T.);
#1396=ORIENTED_EDGE('',*,*,#1957,.T.);
#1397=ORIENTED_EDGE('',*,*,#1960,.F.);
#1398=ORIENTED_EDGE('',*,*,#1963,.F.);
#1399=ORIENTED_EDGE('',*,*,#1966,.F.);
#1400=ORIENTED_EDGE('',*,*,#1969,.T.);
#1401=ORIENTED_EDGE('',*,*,#1972,.T.);
#1402=ORIENTED_EDGE('',*,*,#1975,.T.);
#1403=ORIENTED_EDGE('',*,*,#1978,.F.);
#1404=ORIENTED_EDGE('',*,*,#1981,.F.);
#1405=ORIENTED_EDGE('',*,*,#1984,.F.);
#1406=ORIENTED_EDGE('',*,*,#1987,.T.);
#1407=ORIENTED_EDGE('',*,*,#1990,.T.);
#1408=ORIENTED_EDGE('',*,*,#1993,.T.);
#1409=ORIENTED_EDGE('',*,*,#1996,.F.);
#1410=ORIENTED_EDGE('',*,*,#1999,.F.);
#1411=ORIENTED_EDGE('',*,*,#2002,.F.);
#1412=ORIENTED_EDGE('',*,*,#2005,.T.);
#1413=ORIENTED_EDGE('',*,*,#2008,.T.);
#1414=ORIENTED_EDGE('',*,*,#2011,.T.);
#1415=ORIENTED_EDGE('',*,*,#2014,.F.);
#1416=ORIENTED_EDGE('',*,*,#2017,.F.);
#1417=ORIENTED_EDGE('',*,*,#2020,.F.);
#1418=ORIENTED_EDGE('',*,*,#2023,.T.);
#1419=ORIENTED_EDGE('',*,*,#2026,.T.);
#1420=ORIENTED_EDGE('',*,*,#2029,.T.);
#1421=ORIENTED_EDGE('',*,*,#2032,.F.);
#1422=ORIENTED_EDGE('',*,*,#2035,.F.);
#1423=ORIENTED_EDGE('',*,*,#2038,.F.);
#1424=ORIENTED_EDGE('',*,*,#2041,.T.);
#1425=ORIENTED_EDGE('',*,*,#2044,.T.);
#1426=ORIENTED_EDGE('',*,*,#2047,.T.);
#1427=ORIENTED_EDGE('',*,*,#2050,.F.);
#1428=ORIENTED_EDGE('',*,*,#2053,.F.);
#1429=ORIENTED_EDGE('',*,*,#2056,.F.);
#1430=ORIENTED_EDGE('',*,*,#2059,.T.);
#1431=ORIENTED_EDGE('',*,*,#2062,.T.);
#1432=ORIENTED_EDGE('',*,*,#2065,.T.);
#1433=ORIENTED_EDGE('',*,*,#2068,.F.);
#1434=ORIENTED_EDGE('',*,*,#2071,.F.);
#1435=ORIENTED_EDGE('',*,*,#2074,.F.);
#1436=ORIENTED_EDGE('',*,*,#2077,.T.);
#1437=ORIENTED_EDGE('',*,*,#2080,.T.);
#1438=ORIENTED_EDGE('',*,*,#2083,.T.);
#1439=ORIENTED_EDGE('',*,*,#2086,.F.);
#1440=ORIENTED_EDGE('',*,*,#2089,.F.);
#1441=ORIENTED_EDGE('',*,*,#2092,.F.);
#1442=ORIENTED_EDGE('',*,*,#2095,.T.);
#1443=ORIENTED_EDGE('',*,*,#2098,.T.);
#1444=ORIENTED_EDGE('',*,*,#2101,.T.);
#1445=ORIENTED_EDGE('',*,*,#2104,.F.);
#1446=ORIENTED_EDGE('',*,*,#2107,.F.);
#1447=ORIENTED_EDGE('',*,*,#2110,.F.);
#1448=ORIENTED_EDGE('',*,*,#2113,.T.);
#1449=ORIENTED_EDGE('',*,*,#2116,.T.);
#1450=ORIENTED_EDGE('',*,*,#2119,.T.);
#1451=ORIENTED_EDGE('',*,*,#2122,.F.);
#1452=ORIENTED_EDGE('',*,*,#2125,.F.);
#1453=ORIENTED_EDGE('',*,*,#2128,.F.);
#1454=ORIENTED_EDGE('',*,*,#2131,.T.);
#1455=ORIENTED_EDGE('',*,*,#2134,.T.);
#1456=ORIENTED_EDGE('',*,*,#2137,.T.);
#1457=ORIENTED_EDGE('',*,*,#2140,.F.);
#1458=ORIENTED_EDGE('',*,*,#2143,.F.);
#1459=ORIENTED_EDGE('',*,*,#2146,.F.);
#1460=ORIENTED_EDGE('',*,*,#2149,.T.);
#1461=ORIENTED_EDGE('',*,*,#2152,.T.);
#1462=ORIENTED_EDGE('',*,*,#2155,.T.);
#1463=ORIENTED_EDGE('',*,*,#2158,.F.);
#1464=ORIENTED_EDGE('',*,*,#2161,.F.);
#1465=ORIENTED_EDGE('',*,*,#2164,.F.);
#1466=ORIENTED_EDGE('',*,*,#2167,.T.);
#1467=ORIENTED_EDGE('',*,*,#2170,.T.);
#1468=ORIENTED_EDGE('',*,*,#2173,.T.);
#1469=ORIENTED_EDGE('',*,*,#2176,.F.);
#1470=ORIENTED_EDGE('',*,*,#2179,.F.);
#1471=ORIENTED_EDGE('',*,*,#2182,.F.);
#1472=ORIENTED_EDGE('',*,*,#2185,.T.);
#1473=ORIENTED_EDGE('',*,*,#2188,.T.);
#1474=ORIENTED_EDGE('',*,*,#2191,.T.);
#1475=ORIENTED_EDGE('',*,*,#2194,.F.);
#1476=ORIENTED_EDGE('',*,*,#2197,.F.);
#1477=ORIENTED_EDGE('',*,*,#2200,.F.);
#1478=ORIENTED_EDGE('',*,*,#2203,.T.);
#1479=ORIENTED_EDGE('',*,*,#2206,.T.);
#1480=ORIENTED_EDGE('',*,*,#2209,.T.);
#1481=ORIENTED_EDGE('',*,*,#2212,.F.);
#1482=ORIENTED_EDGE('',*,*,#2215,.F.);
#1483=ORIENTED_EDGE('',*,*,#2218,.F.);
#1484=ORIENTED_EDGE('',*,*,#2221,.T.);
#1485=ORIENTED_EDGE('',*,*,#2224,.T.);
#1486=ORIENTED_EDGE('',*,*,#2227,.T.);
#1487=ORIENTED_EDGE('',*,*,#2230,.F.);
#1488=ORIENTED_EDGE('',*,*,#2233,.F.);
#1489=ORIENTED_EDGE('',*,*,#2236,.F.);
#1490=ORIENTED_EDGE('',*,*,#2239,.T.);
#1491=ORIENTED_EDGE('',*,*,#2242,.T.);
#1492=ORIENTED_EDGE('',*,*,#2245,.T.);
#1493=ORIENTED_EDGE('',*,*,#2248,.F.);
#1494=ORIENTED_EDGE('',*,*,#2251,.F.);
#1495=ORIENTED_EDGE('',*,*,#2254,.F.);
#1496=ORIENTED_EDGE('',*,*,#2257,.T.);
#1497=ORIENTED_EDGE('',*,*,#2260,.T.);
#1498=ORIENTED_EDGE('',*,*,#2263,.T.);
#1499=ORIENTED_EDGE('',*,*,#2266,.F.);
#1500=ORIENTED_EDGE('',*,*,#2269,.F.);
#1501=ORIENTED_EDGE('',*,*,#2272,.F.);
#1502=ORIENTED_EDGE('',*,*,#2275,.T.);
#1503=ORIENTED_EDGE('',*,*,#2278,.T.);
#1504=ORIENTED_EDGE('',*,*,#2281,.T.);
#1505=ORIENTED_EDGE('',*,*,#2284,.F.);
#1506=ORIENTED_EDGE('',*,*,#2287,.F.);
#1507=ORIENTED_EDGE('',*,*,#2290,.F.);
#1508=ORIENTED_EDGE('',*,*,#2293,.T.);
#1509=ORIENTED_EDGE('',*,*,#2296,.T.);
#1510=ORIENTED_EDGE('',*,*,#2299,.T.);
#1511=ORIENTED_EDGE('',*,*,#2302,.F.);
#1512=ORIENTED_EDGE('',*,*,#2305,.F.);
#1513=ORIENTED_EDGE('',*,*,#2308,.F.);
#1514=ORIENTED_EDGE('',*,*,#2311,.T.);
#1515=ORIENTED_EDGE('',*,*,#2314,.T.);
#1516=ORIENTED_EDGE('',*,*,#2317,.T.);
#1517=ORIENTED_EDGE('',*,*,#2320,.F.);
#1518=ORIENTED_EDGE('',*,*,#2323,.F.);
#1519=ORIENTED_EDGE('',*,*,#2326,.F.);
#1520=ORIENTED_EDGE('',*,*,#2329,.T.);
#1521=ORIENTED_EDGE('',*,*,#2332,.T.);
#1522=ORIENTED_EDGE('',*,*,#2335,.T.);
#1523=ORIENTED_EDGE('',*,*,#2338,.F.);
#1524=ORIENTED_EDGE('',*,*,#2341,.F.);
#1525=ORIENTED_EDGE('',*,*,#2344,.F.);
#1526=ORIENTED_EDGE('',*,*,#2347,.T.);
#1527=ORIENTED_EDGE('',*,*,#2350,.T.);
#1528=ORIENTED_EDGE('',*,*,#2353,.T.);
#1529=ORIENTED_EDGE('',*,*,#2356,.F.);
#1530=ORIENTED_EDGE('',*,*,#2359,.F.);
#1531=ORIENTED_EDGE('',*,*,#2362,.F.);
#1532=ORIENTED_EDGE('',*,*,#2365,.T.);
#1533=ORIENTED_EDGE('',*,*,#2368,.T.);
#1534=ORIENTED_EDGE('',*,*,#2371,.T.);
#1535=ORIENTED_EDGE('',*,*,#2374,.F.);
#1536=ORIENTED_EDGE('',*,*,#2377,.F.);
#1537=ORIENTED_EDGE('',*,*,#2380,.F.);
#1538=ORIENTED_EDGE('',*,*,#2383,.T.);
#1539=ORIENTED_EDGE('',*,*,#2386,.T.);
#1540=ORIENTED_EDGE('',*,*,#2389,.T.);
#1541=ORIENTED_EDGE('',*,*,#2392,.F.);
#1542=ORIENTED_EDGE('',*,*,#2395,.F.);
#1543=ORIENTED_EDGE('',*,*,#2398,.F.);
#1544=ORIENTED_EDGE('',*,*,#2401,.T.);
#1545=ORIENTED_EDGE('',*,*,#2404,.T.);
#1546=ORIENTED_EDGE('',*,*,#2407,.T.);
#1547=ORIENTED_EDGE('',*,*,#2410,.F.);
#1548=ORIENTED_EDGE('',*,*,#2413,.F.);
#1549=ORIENTED_EDGE('',*,*,#2416,.F.);
#1550=ORIENTED_EDGE('',*,*,#2419,.T.);
#1551=ORIENTED_EDGE('',*,*,#2422,.T.);
#1552=ORIENTED_EDGE('',*,*,#2425,.T.);
#1553=ORIENTED_EDGE('',*,*,#2428,.F.);
#1554=ORIENTED_EDGE('',*,*,#2431,.F.);
#1555=ORIENTED_EDGE('',*,*,#2434,.F.);
#1556=ORIENTED_EDGE('',*,*,#2437,.T.);
#1557=ORIENTED_EDGE('',*,*,#2440,.T.);
#1558=ORIENTED_EDGE('',*,*,#2443,.T.);
#1559=ORIENTED_EDGE('',*,*,#2446,.F.);
#1560=ORIENTED_EDGE('',*,*,#2448,.F.);
#1561=ORIENTED_EDGE('',*,*,#2449,.T.);
#1562=ORIENTED_EDGE('',*,*,#2453,.T.);
#1563=ORIENTED_EDGE('',*,*,#2454,.F.);
#1564=ORIENTED_EDGE('',*,*,#2455,.F.);
#1565=ORIENTED_EDGE('',*,*,#2452,.T.);
#1566=ORIENTED_EDGE('',*,*,#2456,.T.);
#1567=ORIENTED_EDGE('',*,*,#2457,.T.);
#1568=ORIENTED_EDGE('',*,*,#2453,.F.);
#1569=ORIENTED_EDGE('',*,*,#2458,.T.);
#1570=ORIENTED_EDGE('',*,*,#2459,.T.);
#1571=ORIENTED_EDGE('',*,*,#2456,.F.);
#1572=ORIENTED_EDGE('',*,*,#2451,.F.);
#1573=ORIENTED_EDGE('',*,*,#2455,.T.);
#1574=ORIENTED_EDGE('',*,*,#2460,.F.);
#1575=ORIENTED_EDGE('',*,*,#2458,.F.);
#1576=ORIENTED_EDGE('',*,*,#2450,.F.);
#1577=ORIENTED_EDGE('',*,*,#2454,.T.);
#1578=ORIENTED_EDGE('',*,*,#2457,.F.);
#1579=ORIENTED_EDGE('',*,*,#2459,.F.);
#1580=ORIENTED_EDGE('',*,*,#2460,.T.);
#1581=ORIENTED_EDGE('',*,*,#1799,.F.);
#1582=ORIENTED_EDGE('',*,*,#1800,.T.);
#1583=ORIENTED_EDGE('',*,*,#1802,.T.);
#1584=ORIENTED_EDGE('',*,*,#2447,.T.);
#1585=ORIENTED_EDGE('',*,*,#2444,.T.);
#1586=ORIENTED_EDGE('',*,*,#2441,.F.);
#1587=ORIENTED_EDGE('',*,*,#2438,.F.);
#1588=ORIENTED_EDGE('',*,*,#2435,.F.);
#1589=ORIENTED_EDGE('',*,*,#2432,.T.);
#1590=ORIENTED_EDGE('',*,*,#2429,.T.);
#1591=ORIENTED_EDGE('',*,*,#2426,.T.);
#1592=ORIENTED_EDGE('',*,*,#2423,.F.);
#1593=ORIENTED_EDGE('',*,*,#2420,.F.);
#1594=ORIENTED_EDGE('',*,*,#2417,.F.);
#1595=ORIENTED_EDGE('',*,*,#2414,.T.);
#1596=ORIENTED_EDGE('',*,*,#2411,.T.);
#1597=ORIENTED_EDGE('',*,*,#2408,.T.);
#1598=ORIENTED_EDGE('',*,*,#2405,.F.);
#1599=ORIENTED_EDGE('',*,*,#2402,.F.);
#1600=ORIENTED_EDGE('',*,*,#2399,.F.);
#1601=ORIENTED_EDGE('',*,*,#2396,.T.);
#1602=ORIENTED_EDGE('',*,*,#2393,.T.);
#1603=ORIENTED_EDGE('',*,*,#2390,.T.);
#1604=ORIENTED_EDGE('',*,*,#2387,.F.);
#1605=ORIENTED_EDGE('',*,*,#2384,.F.);
#1606=ORIENTED_EDGE('',*,*,#2381,.F.);
#1607=ORIENTED_EDGE('',*,*,#2378,.T.);
#1608=ORIENTED_EDGE('',*,*,#2375,.T.);
#1609=ORIENTED_EDGE('',*,*,#2372,.T.);
#1610=ORIENTED_EDGE('',*,*,#2369,.F.);
#1611=ORIENTED_EDGE('',*,*,#2366,.F.);
#1612=ORIENTED_EDGE('',*,*,#2363,.F.);
#1613=ORIENTED_EDGE('',*,*,#2360,.T.);
#1614=ORIENTED_EDGE('',*,*,#2357,.T.);
#1615=ORIENTED_EDGE('',*,*,#2354,.T.);
#1616=ORIENTED_EDGE('',*,*,#2351,.F.);
#1617=ORIENTED_EDGE('',*,*,#2348,.F.);
#1618=ORIENTED_EDGE('',*,*,#2345,.F.);
#1619=ORIENTED_EDGE('',*,*,#2342,.T.);
#1620=ORIENTED_EDGE('',*,*,#2339,.T.);
#1621=ORIENTED_EDGE('',*,*,#2336,.T.);
#1622=ORIENTED_EDGE('',*,*,#2333,.F.);
#1623=ORIENTED_EDGE('',*,*,#2330,.F.);
#1624=ORIENTED_EDGE('',*,*,#2327,.F.);
#1625=ORIENTED_EDGE('',*,*,#2324,.T.);
#1626=ORIENTED_EDGE('',*,*,#2321,.T.);
#1627=ORIENTED_EDGE('',*,*,#2318,.T.);
#1628=ORIENTED_EDGE('',*,*,#2315,.F.);
#1629=ORIENTED_EDGE('',*,*,#2312,.F.);
#1630=ORIENTED_EDGE('',*,*,#2309,.F.);
#1631=ORIENTED_EDGE('',*,*,#2306,.T.);
#1632=ORIENTED_EDGE('',*,*,#2303,.T.);
#1633=ORIENTED_EDGE('',*,*,#2300,.T.);
#1634=ORIENTED_EDGE('',*,*,#2297,.F.);
#1635=ORIENTED_EDGE('',*,*,#2294,.F.);
#1636=ORIENTED_EDGE('',*,*,#2291,.F.);
#1637=ORIENTED_EDGE('',*,*,#2288,.T.);
#1638=ORIENTED_EDGE('',*,*,#2285,.T.);
#1639=ORIENTED_EDGE('',*,*,#2282,.T.);
#1640=ORIENTED_EDGE('',*,*,#2279,.F.);
#1641=ORIENTED_EDGE('',*,*,#2276,.F.);
#1642=ORIENTED_EDGE('',*,*,#2273,.F.);
#1643=ORIENTED_EDGE('',*,*,#2270,.T.);
#1644=ORIENTED_EDGE('',*,*,#2267,.T.);
#1645=ORIENTED_EDGE('',*,*,#2264,.T.);
#1646=ORIENTED_EDGE('',*,*,#2261,.F.);
#1647=ORIENTED_EDGE('',*,*,#2258,.F.);
#1648=ORIENTED_EDGE('',*,*,#2255,.F.);
#1649=ORIENTED_EDGE('',*,*,#2252,.T.);
#1650=ORIENTED_EDGE('',*,*,#2249,.T.);
#1651=ORIENTED_EDGE('',*,*,#2246,.T.);
#1652=ORIENTED_EDGE('',*,*,#2243,.F.);
#1653=ORIENTED_EDGE('',*,*,#2240,.F.);
#1654=ORIENTED_EDGE('',*,*,#2237,.F.);
#1655=ORIENTED_EDGE('',*,*,#2234,.T.);
#1656=ORIENTED_EDGE('',*,*,#2231,.T.);
#1657=ORIENTED_EDGE('',*,*,#2228,.T.);
#1658=ORIENTED_EDGE('',*,*,#2225,.F.);
#1659=ORIENTED_EDGE('',*,*,#2222,.F.);
#1660=ORIENTED_EDGE('',*,*,#2219,.F.);
#1661=ORIENTED_EDGE('',*,*,#2216,.T.);
#1662=ORIENTED_EDGE('',*,*,#2213,.T.);
#1663=ORIENTED_EDGE('',*,*,#2210,.T.);
#1664=ORIENTED_EDGE('',*,*,#2207,.F.);
#1665=ORIENTED_EDGE('',*,*,#2204,.F.);
#1666=ORIENTED_EDGE('',*,*,#2201,.F.);
#1667=ORIENTED_EDGE('',*,*,#2198,.T.);
#1668=ORIENTED_EDGE('',*,*,#2195,.T.);
#1669=ORIENTED_EDGE('',*,*,#2192,.T.);
#1670=ORIENTED_EDGE('',*,*,#2189,.F.);
#1671=ORIENTED_EDGE('',*,*,#2186,.F.);
#1672=ORIENTED_EDGE('',*,*,#2183,.F.);
#1673=ORIENTED_EDGE('',*,*,#2180,.T.);
#1674=ORIENTED_EDGE('',*,*,#2177,.T.);
#1675=ORIENTED_EDGE('',*,*,#2174,.T.);
#1676=ORIENTED_EDGE('',*,*,#2171,.F.);
#1677=ORIENTED_EDGE('',*,*,#2168,.F.);
#1678=ORIENTED_EDGE('',*,*,#2165,.F.);
#1679=ORIENTED_EDGE('',*,*,#2162,.T.);
#1680=ORIENTED_EDGE('',*,*,#2159,.T.);
#1681=ORIENTED_EDGE('',*,*,#2156,.T.);
#1682=ORIENTED_EDGE('',*,*,#2153,.F.);
#1683=ORIENTED_EDGE('',*,*,#2150,.F.);
#1684=ORIENTED_EDGE('',*,*,#2147,.F.);
#1685=ORIENTED_EDGE('',*,*,#2144,.T.);
#1686=ORIENTED_EDGE('',*,*,#2141,.T.);
#1687=ORIENTED_EDGE('',*,*,#2138,.T.);
#1688=ORIENTED_EDGE('',*,*,#2135,.F.);
#1689=ORIENTED_EDGE('',*,*,#2132,.F.);
#1690=ORIENTED_EDGE('',*,*,#2129,.F.);
#1691=ORIENTED_EDGE('',*,*,#2126,.T.);
#1692=ORIENTED_EDGE('',*,*,#2123,.T.);
#1693=ORIENTED_EDGE('',*,*,#2120,.T.);
#1694=ORIENTED_EDGE('',*,*,#2117,.F.);
#1695=ORIENTED_EDGE('',*,*,#2114,.F.);
#1696=ORIENTED_EDGE('',*,*,#2111,.F.);
#1697=ORIENTED_EDGE('',*,*,#2108,.T.);
#1698=ORIENTED_EDGE('',*,*,#2105,.T.);
#1699=ORIENTED_EDGE('',*,*,#2102,.T.);
#1700=ORIENTED_EDGE('',*,*,#2099,.F.);
#1701=ORIENTED_EDGE('',*,*,#2096,.F.);
#1702=ORIENTED_EDGE('',*,*,#2093,.F.);
#1703=ORIENTED_EDGE('',*,*,#2090,.T.);
#1704=ORIENTED_EDGE('',*,*,#2087,.T.);
#1705=ORIENTED_EDGE('',*,*,#2084,.T.);
#1706=ORIENTED_EDGE('',*,*,#2081,.F.);
#1707=ORIENTED_EDGE('',*,*,#2078,.F.);
#1708=ORIENTED_EDGE('',*,*,#2075,.F.);
#1709=ORIENTED_EDGE('',*,*,#2072,.T.);
#1710=ORIENTED_EDGE('',*,*,#2069,.T.);
#1711=ORIENTED_EDGE('',*,*,#2066,.T.);
#1712=ORIENTED_EDGE('',*,*,#2063,.F.);
#1713=ORIENTED_EDGE('',*,*,#2060,.F.);
#1714=ORIENTED_EDGE('',*,*,#2057,.F.);
#1715=ORIENTED_EDGE('',*,*,#2054,.T.);
#1716=ORIENTED_EDGE('',*,*,#2051,.T.);
#1717=ORIENTED_EDGE('',*,*,#2048,.T.);
#1718=ORIENTED_EDGE('',*,*,#2045,.F.);
#1719=ORIENTED_EDGE('',*,*,#2042,.F.);
#1720=ORIENTED_EDGE('',*,*,#2039,.F.);
#1721=ORIENTED_EDGE('',*,*,#2036,.T.);
#1722=ORIENTED_EDGE('',*,*,#2033,.T.);
#1723=ORIENTED_EDGE('',*,*,#2030,.T.);
#1724=ORIENTED_EDGE('',*,*,#2027,.F.);
#1725=ORIENTED_EDGE('',*,*,#2024,.F.);
#1726=ORIENTED_EDGE('',*,*,#2021,.F.);
#1727=ORIENTED_EDGE('',*,*,#2018,.T.);
#1728=ORIENTED_EDGE('',*,*,#2015,.T.);
#1729=ORIENTED_EDGE('',*,*,#2012,.T.);
#1730=ORIENTED_EDGE('',*,*,#2009,.F.);
#1731=ORIENTED_EDGE('',*,*,#2006,.F.);
#1732=ORIENTED_EDGE('',*,*,#2003,.F.);
#1733=ORIENTED_EDGE('',*,*,#2000,.T.);
#1734=ORIENTED_EDGE('',*,*,#1997,.T.);
#1735=ORIENTED_EDGE('',*,*,#1994,.T.);
#1736=ORIENTED_EDGE('',*,*,#1991,.F.);
#1737=ORIENTED_EDGE('',*,*,#1988,.F.);
#1738=ORIENTED_EDGE('',*,*,#1985,.F.);
#1739=ORIENTED_EDGE('',*,*,#1982,.T.);
#1740=ORIENTED_EDGE('',*,*,#1979,.T.);
#1741=ORIENTED_EDGE('',*,*,#1976,.T.);
#1742=ORIENTED_EDGE('',*,*,#1973,.F.);
#1743=ORIENTED_EDGE('',*,*,#1970,.F.);
#1744=ORIENTED_EDGE('',*,*,#1967,.F.);
#1745=ORIENTED_EDGE('',*,*,#1964,.T.);
#1746=ORIENTED_EDGE('',*,*,#1961,.T.);
#1747=ORIENTED_EDGE('',*,*,#1958,.T.);
#1748=ORIENTED_EDGE('',*,*,#1955,.F.);
#1749=ORIENTED_EDGE('',*,*,#1952,.F.);
#1750=ORIENTED_EDGE('',*,*,#1949,.F.);
#1751=ORIENTED_EDGE('',*,*,#1946,.T.);
#1752=ORIENTED_EDGE('',*,*,#1943,.T.);
#1753=ORIENTED_EDGE('',*,*,#1940,.T.);
#1754=ORIENTED_EDGE('',*,*,#1937,.F.);
#1755=ORIENTED_EDGE('',*,*,#1934,.F.);
#1756=ORIENTED_EDGE('',*,*,#1931,.F.);
#1757=ORIENTED_EDGE('',*,*,#1928,.T.);
#1758=ORIENTED_EDGE('',*,*,#1925,.T.);
#1759=ORIENTED_EDGE('',*,*,#1922,.T.);
#1760=ORIENTED_EDGE('',*,*,#1919,.F.);
#1761=ORIENTED_EDGE('',*,*,#1916,.F.);
#1762=ORIENTED_EDGE('',*,*,#1913,.F.);
#1763=ORIENTED_EDGE('',*,*,#1910,.T.);
#1764=ORIENTED_EDGE('',*,*,#1907,.T.);
#1765=ORIENTED_EDGE('',*,*,#1904,.T.);
#1766=ORIENTED_EDGE('',*,*,#1901,.F.);
#1767=ORIENTED_EDGE('',*,*,#1898,.F.);
#1768=ORIENTED_EDGE('',*,*,#1895,.F.);
#1769=ORIENTED_EDGE('',*,*,#1892,.T.);
#1770=ORIENTED_EDGE('',*,*,#1889,.T.);
#1771=ORIENTED_EDGE('',*,*,#1886,.T.);
#1772=ORIENTED_EDGE('',*,*,#1883,.F.);
#1773=ORIENTED_EDGE('',*,*,#1880,.F.);
#1774=ORIENTED_EDGE('',*,*,#1877,.F.);
#1775=ORIENTED_EDGE('',*,*,#1874,.T.);
#1776=ORIENTED_EDGE('',*,*,#1871,.T.);
#1777=ORIENTED_EDGE('',*,*,#1868,.T.);
#1778=ORIENTED_EDGE('',*,*,#1865,.F.);
#1779=ORIENTED_EDGE('',*,*,#1862,.F.);
#1780=ORIENTED_EDGE('',*,*,#1859,.F.);
#1781=ORIENTED_EDGE('',*,*,#1856,.T.);
#1782=ORIENTED_EDGE('',*,*,#1853,.T.);
#1783=ORIENTED_EDGE('',*,*,#1850,.T.);
#1784=ORIENTED_EDGE('',*,*,#1847,.F.);
#1785=ORIENTED_EDGE('',*,*,#1844,.F.);
#1786=ORIENTED_EDGE('',*,*,#1841,.F.);
#1787=ORIENTED_EDGE('',*,*,#1838,.T.);
#1788=ORIENTED_EDGE('',*,*,#1835,.T.);
#1789=ORIENTED_EDGE('',*,*,#1832,.T.);
#1790=ORIENTED_EDGE('',*,*,#1829,.F.);
#1791=ORIENTED_EDGE('',*,*,#1826,.F.);
#1792=ORIENTED_EDGE('',*,*,#1823,.F.);
#1793=ORIENTED_EDGE('',*,*,#1820,.T.);
#1794=ORIENTED_EDGE('',*,*,#1817,.T.);
#1795=ORIENTED_EDGE('',*,*,#1814,.T.);
#1796=ORIENTED_EDGE('',*,*,#1811,.F.);
#1797=ORIENTED_EDGE('',*,*,#1808,.F.);
#1798=ORIENTED_EDGE('',*,*,#1805,.F.);
#1799=EDGE_CURVE('',#2461,#2461,#2903,.T.);
#1800=EDGE_CURVE('',#2462,#2462,#2904,.T.);
#1801=EDGE_CURVE('',#2463,#2464,#19,.T.);
#1802=EDGE_CURVE('',#2465,#2464,#2905,.T.);
#1803=EDGE_CURVE('',#2466,#2465,#20,.T.);
#1804=EDGE_CURVE('',#2466,#2463,#2906,.T.);
#1805=EDGE_CURVE('',#2465,#2467,#2907,.T.);
#1806=EDGE_CURVE('',#2468,#2467,#21,.T.);
#1807=EDGE_CURVE('',#2466,#2468,#2908,.T.);
#1808=EDGE_CURVE('',#2467,#2469,#2909,.T.);
#1809=EDGE_CURVE('',#2470,#2469,#22,.T.);
#1810=EDGE_CURVE('',#2468,#2470,#2910,.T.);
#1811=EDGE_CURVE('',#2469,#2471,#2911,.T.);
#1812=EDGE_CURVE('',#2472,#2471,#23,.T.);
#1813=EDGE_CURVE('',#2470,#2472,#2912,.T.);
#1814=EDGE_CURVE('',#2473,#2471,#2913,.T.);
#1815=EDGE_CURVE('',#2474,#2473,#24,.T.);
#1816=EDGE_CURVE('',#2474,#2472,#2914,.T.);
#1817=EDGE_CURVE('',#2475,#2473,#2915,.T.);
#1818=EDGE_CURVE('',#2476,#2475,#25,.T.);
#1819=EDGE_CURVE('',#2476,#2474,#2916,.T.);
#1820=EDGE_CURVE('',#2477,#2475,#2917,.T.);
#1821=EDGE_CURVE('',#2478,#2477,#26,.T.);
#1822=EDGE_CURVE('',#2478,#2476,#2918,.T.);
#1823=EDGE_CURVE('',#2477,#2479,#2919,.T.);
#1824=EDGE_CURVE('',#2480,#2479,#27,.T.);
#1825=EDGE_CURVE('',#2478,#2480,#2920,.T.);
#1826=EDGE_CURVE('',#2479,#2481,#2921,.T.);
#1827=EDGE_CURVE('',#2482,#2481,#28,.T.);
#1828=EDGE_CURVE('',#2480,#2482,#2922,.T.);
#1829=EDGE_CURVE('',#2481,#2483,#2923,.T.);
#1830=EDGE_CURVE('',#2484,#2483,#29,.T.);
#1831=EDGE_CURVE('',#2482,#2484,#2924,.T.);
#1832=EDGE_CURVE('',#2485,#2483,#2925,.T.);
#1833=EDGE_CURVE('',#2486,#2485,#30,.T.);
#1834=EDGE_CURVE('',#2486,#2484,#2926,.T.);
#1835=EDGE_CURVE('',#2487,#2485,#2927,.T.);
#1836=EDGE_CURVE('',#2488,#2487,#31,.T.);
#1837=EDGE_CURVE('',#2488,#2486,#2928,.T.);
#1838=EDGE_CURVE('',#2489,#2487,#2929,.T.);
#1839=EDGE_CURVE('',#2490,#2489,#32,.T.);
#1840=EDGE_CURVE('',#2490,#2488,#2930,.T.);
#1841=EDGE_CURVE('',#2489,#2491,#2931,.T.);
#1842=EDGE_CURVE('',#2492,#2491,#33,.T.);
#1843=EDGE_CURVE('',#2490,#2492,#2932,.T.);
#1844=EDGE_CURVE('',#2491,#2493,#2933,.T.);
#1845=EDGE_CURVE('',#2494,#2493,#34,.T.);
#1846=EDGE_CURVE('',#2492,#2494,#2934,.T.);
#1847=EDGE_CURVE('',#2493,#2495,#2935,.T.);
#1848=EDGE_CURVE('',#2496,#2495,#35,.T.);
#1849=EDGE_CURVE('',#2494,#2496,#2936,.T.);
#1850=EDGE_CURVE('',#2497,#2495,#2937,.T.);
#1851=EDGE_CURVE('',#2498,#2497,#36,.T.);
#1852=EDGE_CURVE('',#2498,#2496,#2938,.T.);
#1853=EDGE_CURVE('',#2499,#2497,#2939,.T.);
#1854=EDGE_CURVE('',#2500,#2499,#37,.T.);
#1855=EDGE_CURVE('',#2500,#2498,#2940,.T.);
#1856=EDGE_CURVE('',#2501,#2499,#2941,.T.);
#1857=EDGE_CURVE('',#2502,#2501,#38,.T.);
#1858=EDGE_CURVE('',#2502,#2500,#2942,.T.);
#1859=EDGE_CURVE('',#2501,#2503,#2943,.T.);
#1860=EDGE_CURVE('',#2504,#2503,#39,.T.);
#1861=EDGE_CURVE('',#2502,#2504,#2944,.T.);
#1862=EDGE_CURVE('',#2503,#2505,#2945,.T.);
#1863=EDGE_CURVE('',#2506,#2505,#40,.T.);
#1864=EDGE_CURVE('',#2504,#2506,#2946,.T.);
#1865=EDGE_CURVE('',#2505,#2507,#2947,.T.);
#1866=EDGE_CURVE('',#2508,#2507,#41,.T.);
#1867=EDGE_CURVE('',#2506,#2508,#2948,.T.);
#1868=EDGE_CURVE('',#2509,#2507,#2949,.T.);
#1869=EDGE_CURVE('',#2510,#2509,#42,.T.);
#1870=EDGE_CURVE('',#2510,#2508,#2950,.T.);
#1871=EDGE_CURVE('',#2511,#2509,#2951,.T.);
#1872=EDGE_CURVE('',#2512,#2511,#43,.T.);
#1873=EDGE_CURVE('',#2512,#2510,#2952,.T.);
#1874=EDGE_CURVE('',#2513,#2511,#2953,.T.);
#1875=EDGE_CURVE('',#2514,#2513,#44,.T.);
#1876=EDGE_CURVE('',#2514,#2512,#2954,.T.);
#1877=EDGE_CURVE('',#2513,#2515,#2955,.T.);
#1878=EDGE_CURVE('',#2516,#2515,#45,.T.);
#1879=EDGE_CURVE('',#2514,#2516,#2956,.T.);
#1880=EDGE_CURVE('',#2515,#2517,#2957,.T.);
#1881=EDGE_CURVE('',#2518,#2517,#46,.T.);
#1882=EDGE_CURVE('',#2516,#2518,#2958,.T.);
#1883=EDGE_CURVE('',#2517,#2519,#2959,.T.);
#1884=EDGE_CURVE('',#2520,#2519,#47,.T.);
#1885=EDGE_CURVE('',#2518,#2520,#2960,.T.);
#1886=EDGE_CURVE('',#2521,#2519,#2961,.T.);
#1887=EDGE_CURVE('',#2522,#2521,#48,.T.);
#1888=EDGE_CURVE('',#2522,#2520,#2962,.T.);
#1889=EDGE_CURVE('',#2523,#2521,#2963,.T.);
#1890=EDGE_CURVE('',#2524,#2523,#49,.T.);
#1891=EDGE_CURVE('',#2524,#2522,#2964,.T.);
#1892=EDGE_CURVE('',#2525,#2523,#2965,.T.);
#1893=EDGE_CURVE('',#2526,#2525,#50,.T.);
#1894=EDGE_CURVE('',#2526,#2524,#2966,.T.);
#1895=EDGE_CURVE('',#2525,#2527,#2967,.T.);
#1896=EDGE_CURVE('',#2528,#2527,#51,.T.);
#1897=EDGE_CURVE('',#2526,#2528,#2968,.T.);
#1898=EDGE_CURVE('',#2527,#2529,#2969,.T.);
#1899=EDGE_CURVE('',#2530,#2529,#52,.T.);
#1900=EDGE_CURVE('',#2528,#2530,#2970,.T.);
#1901=EDGE_CURVE('',#2529,#2531,#2971,.T.);
#1902=EDGE_CURVE('',#2532,#2531,#53,.T.);
#1903=EDGE_CURVE('',#2530,#2532,#2972,.T.);
#1904=EDGE_CURVE('',#2533,#2531,#2973,.T.);
#1905=EDGE_CURVE('',#2534,#2533,#54,.T.);
#1906=EDGE_CURVE('',#2534,#2532,#2974,.T.);
#1907=EDGE_CURVE('',#2535,#2533,#2975,.T.);
#1908=EDGE_CURVE('',#2536,#2535,#55,.T.);
#1909=EDGE_CURVE('',#2536,#2534,#2976,.T.);
#1910=EDGE_CURVE('',#2537,#2535,#2977,.T.);
#1911=EDGE_CURVE('',#2538,#2537,#56,.T.);
#1912=EDGE_CURVE('',#2538,#2536,#2978,.T.);
#1913=EDGE_CURVE('',#2537,#2539,#2979,.T.);
#1914=EDGE_CURVE('',#2540,#2539,#57,.T.);
#1915=EDGE_CURVE('',#2538,#2540,#2980,.T.);
#1916=EDGE_CURVE('',#2539,#2541,#2981,.T.);
#1917=EDGE_CURVE('',#2542,#2541,#58,.T.);
#1918=EDGE_CURVE('',#2540,#2542,#2982,.T.);
#1919=EDGE_CURVE('',#2541,#2543,#2983,.T.);
#1920=EDGE_CURVE('',#2544,#2543,#59,.T.);
#1921=EDGE_CURVE('',#2542,#2544,#2984,.T.);
#1922=EDGE_CURVE('',#2545,#2543,#2985,.T.);
#1923=EDGE_CURVE('',#2546,#2545,#60,.T.);
#1924=EDGE_CURVE('',#2546,#2544,#2986,.T.);
#1925=EDGE_CURVE('',#2547,#2545,#2987,.T.);
#1926=EDGE_CURVE('',#2548,#2547,#61,.T.);
#1927=EDGE_CURVE('',#2548,#2546,#2988,.T.);
#1928=EDGE_CURVE('',#2549,#2547,#2989,.T.);
#1929=EDGE_CURVE('',#2550,#2549,#62,.T.);
#1930=EDGE_CURVE('',#2550,#2548,#2990,.T.);
#1931=EDGE_CURVE('',#2549,#2551,#2991,.T.);
#1932=EDGE_CURVE('',#2552,#2551,#63,.T.);
#1933=EDGE_CURVE('',#2550,#2552,#2992,.T.);
#1934=EDGE_CURVE('',#2551,#2553,#2993,.T.);
#1935=EDGE_CURVE('',#2554,#2553,#64,.T.);
#1936=EDGE_CURVE('',#2552,#2554,#2994,.T.);
#1937=EDGE_CURVE('',#2553,#2555,#2995,.T.);
#1938=EDGE_CURVE('',#2556,#2555,#65,.T.);
#1939=EDGE_CURVE('',#2554,#2556,#2996,.T.);
#1940=EDGE_CURVE('',#2557,#2555,#2997,.T.);
#1941=EDGE_CURVE('',#2558,#2557,#66,.T.);
#1942=EDGE_CURVE('',#2558,#2556,#2998,.T.);
#1943=EDGE_CURVE('',#2559,#2557,#2999,.T.);
#1944=EDGE_CURVE('',#2560,#2559,#67,.T.);
#1945=EDGE_CURVE('',#2560,#2558,#3000,.T.);
#1946=EDGE_CURVE('',#2561,#2559,#3001,.T.);
#1947=EDGE_CURVE('',#2562,#2561,#68,.T.);
#1948=EDGE_CURVE('',#2562,#2560,#3002,.T.);
#1949=EDGE_CURVE('',#2561,#2563,#3003,.T.);
#1950=EDGE_CURVE('',#2564,#2563,#69,.T.);
#1951=EDGE_CURVE('',#2562,#2564,#3004,.T.);
#1952=EDGE_CURVE('',#2563,#2565,#3005,.T.);
#1953=EDGE_CURVE('',#2566,#2565,#70,.T.);
#1954=EDGE_CURVE('',#2564,#2566,#3006,.T.);
#1955=EDGE_CURVE('',#2565,#2567,#3007,.T.);
#1956=EDGE_CURVE('',#2568,#2567,#71,.T.);
#1957=EDGE_CURVE('',#2566,#2568,#3008,.T.);
#1958=EDGE_CURVE('',#2569,#2567,#3009,.T.);
#1959=EDGE_CURVE('',#2570,#2569,#72,.T.);
#1960=EDGE_CURVE('',#2570,#2568,#3010,.T.);
#1961=EDGE_CURVE('',#2571,#2569,#3011,.T.);
#1962=EDGE_CURVE('',#2572,#2571,#73,.T.);
#1963=EDGE_CURVE('',#2572,#2570,#3012,.T.);
#1964=EDGE_CURVE('',#2573,#2571,#3013,.T.);
#1965=EDGE_CURVE('',#2574,#2573,#74,.T.);
#1966=EDGE_CURVE('',#2574,#2572,#3014,.T.);
#1967=EDGE_CURVE('',#2573,#2575,#3015,.T.);
#1968=EDGE_CURVE('',#2576,#2575,#75,.T.);
#1969=EDGE_CURVE('',#2574,#2576,#3016,.T.);
#1970=EDGE_CURVE('',#2575,#2577,#3017,.T.);
#1971=EDGE_CURVE('',#2578,#2577,#76,.T.);
#1972=EDGE_CURVE('',#2576,#2578,#3018,.T.);
#1973=EDGE_CURVE('',#2577,#2579,#3019,.T.);
#1974=EDGE_CURVE('',#2580,#2579,#77,.T.);
#1975=EDGE_CURVE('',#2578,#2580,#3020,.T.);
#1976=EDGE_CURVE('',#2581,#2579,#3021,.T.);
#1977=EDGE_CURVE('',#2582,#2581,#78,.T.);
#1978=EDGE_CURVE('',#2582,#2580,#3022,.T.);
#1979=EDGE_CURVE('',#2583,#2581,#3023,.T.);
#1980=EDGE_CURVE('',#2584,#2583,#79,.T.);
#1981=EDGE_CURVE('',#2584,#2582,#3024,.T.);
#1982=EDGE_CURVE('',#2585,#2583,#3025,.T.);
#1983=EDGE_CURVE('',#2586,#2585,#80,.T.);
#1984=EDGE_CURVE('',#2586,#2584,#3026,.T.);
#1985=EDGE_CURVE('',#2585,#2587,#3027,.T.);
#1986=EDGE_CURVE('',#2588,#2587,#81,.T.);
#1987=EDGE_CURVE('',#2586,#2588,#3028,.T.);
#1988=EDGE_CURVE('',#2587,#2589,#3029,.T.);
#1989=EDGE_CURVE('',#2590,#2589,#82,.T.);
#1990=EDGE_CURVE('',#2588,#2590,#3030,.T.);
#1991=EDGE_CURVE('',#2589,#2591,#3031,.T.);
#1992=EDGE_CURVE('',#2592,#2591,#83,.T.);
#1993=EDGE_CURVE('',#2590,#2592,#3032,.T.);
#1994=EDGE_CURVE('',#2593,#2591,#3033,.T.);
#1995=EDGE_CURVE('',#2594,#2593,#84,.T.);
#1996=EDGE_CURVE('',#2594,#2592,#3034,.T.);
#1997=EDGE_CURVE('',#2595,#2593,#3035,.T.);
#1998=EDGE_CURVE('',#2596,#2595,#85,.T.);
#1999=EDGE_CURVE('',#2596,#2594,#3036,.T.);
#2000=EDGE_CURVE('',#2597,#2595,#3037,.T.);
#2001=EDGE_CURVE('',#2598,#2597,#86,.T.);
#2002=EDGE_CURVE('',#2598,#2596,#3038,.T.);
#2003=EDGE_CURVE('',#2597,#2599,#3039,.T.);
#2004=EDGE_CURVE('',#2600,#2599,#87,.T.);
#2005=EDGE_CURVE('',#2598,#2600,#3040,.T.);
#2006=EDGE_CURVE('',#2599,#2601,#3041,.T.);
#2007=EDGE_CURVE('',#2602,#2601,#88,.T.);
#2008=EDGE_CURVE('',#2600,#2602,#3042,.T.);
#2009=EDGE_CURVE('',#2601,#2603,#3043,.T.);
#2010=EDGE_CURVE('',#2604,#2603,#89,.T.);
#2011=EDGE_CURVE('',#2602,#2604,#3044,.T.);
#2012=EDGE_CURVE('',#2605,#2603,#3045,.T.);
#2013=EDGE_CURVE('',#2606,#2605,#90,.T.);
#2014=EDGE_CURVE('',#2606,#2604,#3046,.T.);
#2015=EDGE_CURVE('',#2607,#2605,#3047,.T.);
#2016=EDGE_CURVE('',#2608,#2607,#91,.T.);
#2017=EDGE_CURVE('',#2608,#2606,#3048,.T.);
#2018=EDGE_CURVE('',#2609,#2607,#3049,.T.);
#2019=EDGE_CURVE('',#2610,#2609,#92,.T.);
#2020=EDGE_CURVE('',#2610,#2608,#3050,.T.);
#2021=EDGE_CURVE('',#2609,#2611,#3051,.T.);
#2022=EDGE_CURVE('',#2612,#2611,#93,.T.);
#2023=EDGE_CURVE('',#2610,#2612,#3052,.T.);
#2024=EDGE_CURVE('',#2611,#2613,#3053,.T.);
#2025=EDGE_CURVE('',#2614,#2613,#94,.T.);
#2026=EDGE_CURVE('',#2612,#2614,#3054,.T.);
#2027=EDGE_CURVE('',#2613,#2615,#3055,.T.);
#2028=EDGE_CURVE('',#2616,#2615,#95,.T.);
#2029=EDGE_CURVE('',#2614,#2616,#3056,.T.);
#2030=EDGE_CURVE('',#2617,#2615,#3057,.T.);
#2031=EDGE_CURVE('',#2618,#2617,#96,.T.);
#2032=EDGE_CURVE('',#2618,#2616,#3058,.T.);
#2033=EDGE_CURVE('',#2619,#2617,#3059,.T.);
#2034=EDGE_CURVE('',#2620,#2619,#97,.T.);
#2035=EDGE_CURVE('',#2620,#2618,#3060,.T.);
#2036=EDGE_CURVE('',#2621,#2619,#3061,.T.);
#2037=EDGE_CURVE('',#2622,#2621,#98,.T.);
#2038=EDGE_CURVE('',#2622,#2620,#3062,.T.);
#2039=EDGE_CURVE('',#2621,#2623,#3063,.T.);
#2040=EDGE_CURVE('',#2624,#2623,#99,.T.);
#2041=EDGE_CURVE('',#2622,#2624,#3064,.T.);
#2042=EDGE_CURVE('',#2623,#2625,#3065,.T.);
#2043=EDGE_CURVE('',#2626,#2625,#100,.T.);
#2044=EDGE_CURVE('',#2624,#2626,#3066,.T.);
#2045=EDGE_CURVE('',#2625,#2627,#3067,.T.);
#2046=EDGE_CURVE('',#2628,#2627,#101,.T.);
#2047=EDGE_CURVE('',#2626,#2628,#3068,.T.);
#2048=EDGE_CURVE('',#2629,#2627,#3069,.T.);
#2049=EDGE_CURVE('',#2630,#2629,#102,.T.);
#2050=EDGE_CURVE('',#2630,#2628,#3070,.T.);
#2051=EDGE_CURVE('',#2631,#2629,#3071,.T.);
#2052=EDGE_CURVE('',#2632,#2631,#103,.T.);
#2053=EDGE_CURVE('',#2632,#2630,#3072,.T.);
#2054=EDGE_CURVE('',#2633,#2631,#3073,.T.);
#2055=EDGE_CURVE('',#2634,#2633,#104,.T.);
#2056=EDGE_CURVE('',#2634,#2632,#3074,.T.);
#2057=EDGE_CURVE('',#2633,#2635,#3075,.T.);
#2058=EDGE_CURVE('',#2636,#2635,#105,.T.);
#2059=EDGE_CURVE('',#2634,#2636,#3076,.T.);
#2060=EDGE_CURVE('',#2635,#2637,#3077,.T.);
#2061=EDGE_CURVE('',#2638,#2637,#106,.T.);
#2062=EDGE_CURVE('',#2636,#2638,#3078,.T.);
#2063=EDGE_CURVE('',#2637,#2639,#3079,.T.);
#2064=EDGE_CURVE('',#2640,#2639,#107,.T.);
#2065=EDGE_CURVE('',#2638,#2640,#3080,.T.);
#2066=EDGE_CURVE('',#2641,#2639,#3081,.T.);
#2067=EDGE_CURVE('',#2642,#2641,#108,.T.);
#2068=EDGE_CURVE('',#2642,#2640,#3082,.T.);
#2069=EDGE_CURVE('',#2643,#2641,#3083,.T.);
#2070=EDGE_CURVE('',#2644,#2643,#109,.T.);
#2071=EDGE_CURVE('',#2644,#2642,#3084,.T.);
#2072=EDGE_CURVE('',#2645,#2643,#3085,.T.);
#2073=EDGE_CURVE('',#2646,#2645,#110,.T.);
#2074=EDGE_CURVE('',#2646,#2644,#3086,.T.);
#2075=EDGE_CURVE('',#2645,#2647,#3087,.T.);
#2076=EDGE_CURVE('',#2648,#2647,#111,.T.);
#2077=EDGE_CURVE('',#2646,#2648,#3088,.T.);
#2078=EDGE_CURVE('',#2647,#2649,#3089,.T.);
#2079=EDGE_CURVE('',#2650,#2649,#112,.T.);
#2080=EDGE_CURVE('',#2648,#2650,#3090,.T.);
#2081=EDGE_CURVE('',#2649,#2651,#3091,.T.);
#2082=EDGE_CURVE('',#2652,#2651,#113,.T.);
#2083=EDGE_CURVE('',#2650,#2652,#3092,.T.);
#2084=EDGE_CURVE('',#2653,#2651,#3093,.T.);
#2085=EDGE_CURVE('',#2654,#2653,#114,.T.);
#2086=EDGE_CURVE('',#2654,#2652,#3094,.T.);
#2087=EDGE_CURVE('',#2655,#2653,#3095,.T.);
#2088=EDGE_CURVE('',#2656,#2655,#115,.T.);
#2089=EDGE_CURVE('',#2656,#2654,#3096,.T.);
#2090=EDGE_CURVE('',#2657,#2655,#3097,.T.);
#2091=EDGE_CURVE('',#2658,#2657,#116,.T.);
#2092=EDGE_CURVE('',#2658,#2656,#3098,.T.);
#2093=EDGE_CURVE('',#2657,#2659,#3099,.T.);
#2094=EDGE_CURVE('',#2660,#2659,#117,.T.);
#2095=EDGE_CURVE('',#2658,#2660,#3100,.T.);
#2096=EDGE_CURVE('',#2659,#2661,#3101,.T.);
#2097=EDGE_CURVE('',#2662,#2661,#118,.T.);
#2098=EDGE_CURVE('',#2660,#2662,#3102,.T.);
#2099=EDGE_CURVE('',#2661,#2663,#3103,.T.);
#2100=EDGE_CURVE('',#2664,#2663,#119,.T.);
#2101=EDGE_CURVE('',#2662,#2664,#3104,.T.);
#2102=EDGE_CURVE('',#2665,#2663,#3105,.T.);
#2103=EDGE_CURVE('',#2666,#2665,#120,.T.);
#2104=EDGE_CURVE('',#2666,#2664,#3106,.T.);
#2105=EDGE_CURVE('',#2667,#2665,#3107,.T.);
#2106=EDGE_CURVE('',#2668,#2667,#121,.T.);
#2107=EDGE_CURVE('',#2668,#2666,#3108,.T.);
#2108=EDGE_CURVE('',#2669,#2667,#3109,.T.);
#2109=EDGE_CURVE('',#2670,#2669,#122,.T.);
#2110=EDGE_CURVE('',#2670,#2668,#3110,.T.);
#2111=EDGE_CURVE('',#2669,#2671,#3111,.T.);
#2112=EDGE_CURVE('',#2672,#2671,#123,.T.);
#2113=EDGE_CURVE('',#2670,#2672,#3112,.T.);
#2114=EDGE_CURVE('',#2671,#2673,#3113,.T.);
#2115=EDGE_CURVE('',#2674,#2673,#124,.T.);
#2116=EDGE_CURVE('',#2672,#2674,#3114,.T.);
#2117=EDGE_CURVE('',#2673,#2675,#3115,.T.);
#2118=EDGE_CURVE('',#2676,#2675,#125,.T.);
#2119=EDGE_CURVE('',#2674,#2676,#3116,.T.);
#2120=EDGE_CURVE('',#2677,#2675,#3117,.T.);
#2121=EDGE_CURVE('',#2678,#2677,#126,.T.);
#2122=EDGE_CURVE('',#2678,#2676,#3118,.T.);
#2123=EDGE_CURVE('',#2679,#2677,#3119,.T.);
#2124=EDGE_CURVE('',#2680,#2679,#127,.T.);
#2125=EDGE_CURVE('',#2680,#2678,#3120,.T.);
#2126=EDGE_CURVE('',#2681,#2679,#3121,.T.);
#2127=EDGE_CURVE('',#2682,#2681,#128,.T.);
#2128=EDGE_CURVE('',#2682,#2680,#3122,.T.);
#2129=EDGE_CURVE('',#2681,#2683,#3123,.T.);
#2130=EDGE_CURVE('',#2684,#2683,#129,.T.);
#2131=EDGE_CURVE('',#2682,#2684,#3124,.T.);
#2132=EDGE_CURVE('',#2683,#2685,#3125,.T.);
#2133=EDGE_CURVE('',#2686,#2685,#130,.T.);
#2134=EDGE_CURVE('',#2684,#2686,#3126,.T.);
#2135=EDGE_CURVE('',#2685,#2687,#3127,.T.);
#2136=EDGE_CURVE('',#2688,#2687,#131,.T.);
#2137=EDGE_CURVE('',#2686,#2688,#3128,.T.);
#2138=EDGE_CURVE('',#2689,#2687,#3129,.T.);
#2139=EDGE_CURVE('',#2690,#2689,#132,.T.);
#2140=EDGE_CURVE('',#2690,#2688,#3130,.T.);
#2141=EDGE_CURVE('',#2691,#2689,#3131,.T.);
#2142=EDGE_CURVE('',#2692,#2691,#133,.T.);
#2143=EDGE_CURVE('',#2692,#2690,#3132,.T.);
#2144=EDGE_CURVE('',#2693,#2691,#3133,.T.);
#2145=EDGE_CURVE('',#2694,#2693,#134,.T.);
#2146=EDGE_CURVE('',#2694,#2692,#3134,.T.);
#2147=EDGE_CURVE('',#2693,#2695,#3135,.T.);
#2148=EDGE_CURVE('',#2696,#2695,#135,.T.);
#2149=EDGE_CURVE('',#2694,#2696,#3136,.T.);
#2150=EDGE_CURVE('',#2695,#2697,#3137,.T.);
#2151=EDGE_CURVE('',#2698,#2697,#136,.T.);
#2152=EDGE_CURVE('',#2696,#2698,#3138,.T.);
#2153=EDGE_CURVE('',#2697,#2699,#3139,.T.);
#2154=EDGE_CURVE('',#2700,#2699,#137,.T.);
#2155=EDGE_CURVE('',#2698,#2700,#3140,.T.);
#2156=EDGE_CURVE('',#2701,#2699,#3141,.T.);
#2157=EDGE_CURVE('',#2702,#2701,#138,.T.);
#2158=EDGE_CURVE('',#2702,#2700,#3142,.T.);
#2159=EDGE_CURVE('',#2703,#2701,#3143,.T.);
#2160=EDGE_CURVE('',#2704,#2703,#139,.T.);
#2161=EDGE_CURVE('',#2704,#2702,#3144,.T.);
#2162=EDGE_CURVE('',#2705,#2703,#3145,.T.);
#2163=EDGE_CURVE('',#2706,#2705,#140,.T.);
#2164=EDGE_CURVE('',#2706,#2704,#3146,.T.);
#2165=EDGE_CURVE('',#2705,#2707,#3147,.T.);
#2166=EDGE_CURVE('',#2708,#2707,#141,.T.);
#2167=EDGE_CURVE('',#2706,#2708,#3148,.T.);
#2168=EDGE_CURVE('',#2707,#2709,#3149,.T.);
#2169=EDGE_CURVE('',#2710,#2709,#142,.T.);
#2170=EDGE_CURVE('',#2708,#2710,#3150,.T.);
#2171=EDGE_CURVE('',#2709,#2711,#3151,.T.);
#2172=EDGE_CURVE('',#2712,#2711,#143,.T.);
#2173=EDGE_CURVE('',#2710,#2712,#3152,.T.);
#2174=EDGE_CURVE('',#2713,#2711,#3153,.T.);
#2175=EDGE_CURVE('',#2714,#2713,#144,.T.);
#2176=EDGE_CURVE('',#2714,#2712,#3154,.T.);
#2177=EDGE_CURVE('',#2715,#2713,#3155,.T.);
#2178=EDGE_CURVE('',#2716,#2715,#145,.T.);
#2179=EDGE_CURVE('',#2716,#2714,#3156,.T.);
#2180=EDGE_CURVE('',#2717,#2715,#3157,.T.);
#2181=EDGE_CURVE('',#2718,#2717,#146,.T.);
#2182=EDGE_CURVE('',#2718,#2716,#3158,.T.);
#2183=EDGE_CURVE('',#2717,#2719,#3159,.T.);
#2184=EDGE_CURVE('',#2720,#2719,#147,.T.);
#2185=EDGE_CURVE('',#2718,#2720,#3160,.T.);
#2186=EDGE_CURVE('',#2719,#2721,#3161,.T.);
#2187=EDGE_CURVE('',#2722,#2721,#148,.T.);
#2188=EDGE_CURVE('',#2720,#2722,#3162,.T.);
#2189=EDGE_CURVE('',#2721,#2723,#3163,.T.);
#2190=EDGE_CURVE('',#2724,#2723,#149,.T.);
#2191=EDGE_CURVE('',#2722,#2724,#3164,.T.);
#2192=EDGE_CURVE('',#2725,#2723,#3165,.T.);
#2193=EDGE_CURVE('',#2726,#2725,#150,.T.);
#2194=EDGE_CURVE('',#2726,#2724,#3166,.T.);
#2195=EDGE_CURVE('',#2727,#2725,#3167,.T.);
#2196=EDGE_CURVE('',#2728,#2727,#151,.T.);
#2197=EDGE_CURVE('',#2728,#2726,#3168,.T.);
#2198=EDGE_CURVE('',#2729,#2727,#3169,.T.);
#2199=EDGE_CURVE('',#2730,#2729,#152,.T.);
#2200=EDGE_CURVE('',#2730,#2728,#3170,.T.);
#2201=EDGE_CURVE('',#2729,#2731,#3171,.T.);
#2202=EDGE_CURVE('',#2732,#2731,#153,.T.);
#2203=EDGE_CURVE('',#2730,#2732,#3172,.T.);
#2204=EDGE_CURVE('',#2731,#2733,#3173,.T.);
#2205=EDGE_CURVE('',#2734,#2733,#154,.T.);
#2206=EDGE_CURVE('',#2732,#2734,#3174,.T.);
#2207=EDGE_CURVE('',#2733,#2735,#3175,.T.);
#2208=EDGE_CURVE('',#2736,#2735,#155,.T.);
#2209=EDGE_CURVE('',#2734,#2736,#3176,.T.);
#2210=EDGE_CURVE('',#2737,#2735,#3177,.T.);
#2211=EDGE_CURVE('',#2738,#2737,#156,.T.);
#2212=EDGE_CURVE('',#2738,#2736,#3178,.T.);
#2213=EDGE_CURVE('',#2739,#2737,#3179,.T.);
#2214=EDGE_CURVE('',#2740,#2739,#157,.T.);
#2215=EDGE_CURVE('',#2740,#2738,#3180,.T.);
#2216=EDGE_CURVE('',#2741,#2739,#3181,.T.);
#2217=EDGE_CURVE('',#2742,#2741,#158,.T.);
#2218=EDGE_CURVE('',#2742,#2740,#3182,.T.);
#2219=EDGE_CURVE('',#2741,#2743,#3183,.T.);
#2220=EDGE_CURVE('',#2744,#2743,#159,.T.);
#2221=EDGE_CURVE('',#2742,#2744,#3184,.T.);
#2222=EDGE_CURVE('',#2743,#2745,#3185,.T.);
#2223=EDGE_CURVE('',#2746,#2745,#160,.T.);
#2224=EDGE_CURVE('',#2744,#2746,#3186,.T.);
#2225=EDGE_CURVE('',#2745,#2747,#3187,.T.);
#2226=EDGE_CURVE('',#2748,#2747,#161,.T.);
#2227=EDGE_CURVE('',#2746,#2748,#3188,.T.);
#2228=EDGE_CURVE('',#2749,#2747,#3189,.T.);
#2229=EDGE_CURVE('',#2750,#2749,#162,.T.);
#2230=EDGE_CURVE('',#2750,#2748,#3190,.T.);
#2231=EDGE_CURVE('',#2751,#2749,#3191,.T.);
#2232=EDGE_CURVE('',#2752,#2751,#163,.T.);
#2233=EDGE_CURVE('',#2752,#2750,#3192,.T.);
#2234=EDGE_CURVE('',#2753,#2751,#3193,.T.);
#2235=EDGE_CURVE('',#2754,#2753,#164,.T.);
#2236=EDGE_CURVE('',#2754,#2752,#3194,.T.);
#2237=EDGE_CURVE('',#2753,#2755,#3195,.T.);
#2238=EDGE_CURVE('',#2756,#2755,#165,.T.);
#2239=EDGE_CURVE('',#2754,#2756,#3196,.T.);
#2240=EDGE_CURVE('',#2755,#2757,#3197,.T.);
#2241=EDGE_CURVE('',#2758,#2757,#166,.T.);
#2242=EDGE_CURVE('',#2756,#2758,#3198,.T.);
#2243=EDGE_CURVE('',#2757,#2759,#3199,.T.);
#2244=EDGE_CURVE('',#2760,#2759,#167,.T.);
#2245=EDGE_CURVE('',#2758,#2760,#3200,.T.);
#2246=EDGE_CURVE('',#2761,#2759,#3201,.T.);
#2247=EDGE_CURVE('',#2762,#2761,#168,.T.);
#2248=EDGE_CURVE('',#2762,#2760,#3202,.T.);
#2249=EDGE_CURVE('',#2763,#2761,#3203,.T.);
#2250=EDGE_CURVE('',#2764,#2763,#169,.T.);
#2251=EDGE_CURVE('',#2764,#2762,#3204,.T.);
#2252=EDGE_CURVE('',#2765,#2763,#3205,.T.);
#2253=EDGE_CURVE('',#2766,#2765,#170,.T.);
#2254=EDGE_CURVE('',#2766,#2764,#3206,.T.);
#2255=EDGE_CURVE('',#2765,#2767,#3207,.T.);
#2256=EDGE_CURVE('',#2768,#2767,#171,.T.);
#2257=EDGE_CURVE('',#2766,#2768,#3208,.T.);
#2258=EDGE_CURVE('',#2767,#2769,#3209,.T.);
#2259=EDGE_CURVE('',#2770,#2769,#172,.T.);
#2260=EDGE_CURVE('',#2768,#2770,#3210,.T.);
#2261=EDGE_CURVE('',#2769,#2771,#3211,.T.);
#2262=EDGE_CURVE('',#2772,#2771,#173,.T.);
#2263=EDGE_CURVE('',#2770,#2772,#3212,.T.);
#2264=EDGE_CURVE('',#2773,#2771,#3213,.T.);
#2265=EDGE_CURVE('',#2774,#2773,#174,.T.);
#2266=EDGE_CURVE('',#2774,#2772,#3214,.T.);
#2267=EDGE_CURVE('',#2775,#2773,#3215,.T.);
#2268=EDGE_CURVE('',#2776,#2775,#175,.T.);
#2269=EDGE_CURVE('',#2776,#2774,#3216,.T.);
#2270=EDGE_CURVE('',#2777,#2775,#3217,.T.);
#2271=EDGE_CURVE('',#2778,#2777,#176,.T.);
#2272=EDGE_CURVE('',#2778,#2776,#3218,.T.);
#2273=EDGE_CURVE('',#2777,#2779,#3219,.T.);
#2274=EDGE_CURVE('',#2780,#2779,#177,.T.);
#2275=EDGE_CURVE('',#2778,#2780,#3220,.T.);
#2276=EDGE_CURVE('',#2779,#2781,#3221,.T.);
#2277=EDGE_CURVE('',#2782,#2781,#178,.T.);
#2278=EDGE_CURVE('',#2780,#2782,#3222,.T.);
#2279=EDGE_CURVE('',#2781,#2783,#3223,.T.);
#2280=EDGE_CURVE('',#2784,#2783,#179,.T.);
#2281=EDGE_CURVE('',#2782,#2784,#3224,.T.);
#2282=EDGE_CURVE('',#2785,#2783,#3225,.T.);
#2283=EDGE_CURVE('',#2786,#2785,#180,.T.);
#2284=EDGE_CURVE('',#2786,#2784,#3226,.T.);
#2285=EDGE_CURVE('',#2787,#2785,#3227,.T.);
#2286=EDGE_CURVE('',#2788,#2787,#181,.T.);
#2287=EDGE_CURVE('',#2788,#2786,#3228,.T.);
#2288=EDGE_CURVE('',#2789,#2787,#3229,.T.);
#2289=EDGE_CURVE('',#2790,#2789,#182,.T.);
#2290=EDGE_CURVE('',#2790,#2788,#3230,.T.);
#2291=EDGE_CURVE('',#2789,#2791,#3231,.T.);
#2292=EDGE_CURVE('',#2792,#2791,#183,.T.);
#2293=EDGE_CURVE('',#2790,#2792,#3232,.T.);
#2294=EDGE_CURVE('',#2791,#2793,#3233,.T.);
#2295=EDGE_CURVE('',#2794,#2793,#184,.T.);
#2296=EDGE_CURVE('',#2792,#2794,#3234,.T.);
#2297=EDGE_CURVE('',#2793,#2795,#3235,.T.);
#2298=EDGE_CURVE('',#2796,#2795,#185,.T.);
#2299=EDGE_CURVE('',#2794,#2796,#3236,.T.);
#2300=EDGE_CURVE('',#2797,#2795,#3237,.T.);
#2301=EDGE_CURVE('',#2798,#2797,#186,.T.);
#2302=EDGE_CURVE('',#2798,#2796,#3238,.T.);
#2303=EDGE_CURVE('',#2799,#2797,#3239,.T.);
#2304=EDGE_CURVE('',#2800,#2799,#187,.T.);
#2305=EDGE_CURVE('',#2800,#2798,#3240,.T.);
#2306=EDGE_CURVE('',#2801,#2799,#3241,.T.);
#2307=EDGE_CURVE('',#2802,#2801,#188,.T.);
#2308=EDGE_CURVE('',#2802,#2800,#3242,.T.);
#2309=EDGE_CURVE('',#2801,#2803,#3243,.T.);
#2310=EDGE_CURVE('',#2804,#2803,#189,.T.);
#2311=EDGE_CURVE('',#2802,#2804,#3244,.T.);
#2312=EDGE_CURVE('',#2803,#2805,#3245,.T.);
#2313=EDGE_CURVE('',#2806,#2805,#190,.T.);
#2314=EDGE_CURVE('',#2804,#2806,#3246,.T.);
#2315=EDGE_CURVE('',#2805,#2807,#3247,.T.);
#2316=EDGE_CURVE('',#2808,#2807,#191,.T.);
#2317=EDGE_CURVE('',#2806,#2808,#3248,.T.);
#2318=EDGE_CURVE('',#2809,#2807,#3249,.T.);
#2319=EDGE_CURVE('',#2810,#2809,#192,.T.);
#2320=EDGE_CURVE('',#2810,#2808,#3250,.T.);
#2321=EDGE_CURVE('',#2811,#2809,#3251,.T.);
#2322=EDGE_CURVE('',#2812,#2811,#193,.T.);
#2323=EDGE_CURVE('',#2812,#2810,#3252,.T.);
#2324=EDGE_CURVE('',#2813,#2811,#3253,.T.);
#2325=EDGE_CURVE('',#2814,#2813,#194,.T.);
#2326=EDGE_CURVE('',#2814,#2812,#3254,.T.);
#2327=EDGE_CURVE('',#2813,#2815,#3255,.T.);
#2328=EDGE_CURVE('',#2816,#2815,#195,.T.);
#2329=EDGE_CURVE('',#2814,#2816,#3256,.T.);
#2330=EDGE_CURVE('',#2815,#2817,#3257,.T.);
#2331=EDGE_CURVE('',#2818,#2817,#196,.T.);
#2332=EDGE_CURVE('',#2816,#2818,#3258,.T.);
#2333=EDGE_CURVE('',#2817,#2819,#3259,.T.);
#2334=EDGE_CURVE('',#2820,#2819,#197,.T.);
#2335=EDGE_CURVE('',#2818,#2820,#3260,.T.);
#2336=EDGE_CURVE('',#2821,#2819,#3261,.T.);
#2337=EDGE_CURVE('',#2822,#2821,#198,.T.);
#2338=EDGE_CURVE('',#2822,#2820,#3262,.T.);
#2339=EDGE_CURVE('',#2823,#2821,#3263,.T.);
#2340=EDGE_CURVE('',#2824,#2823,#199,.T.);
#2341=EDGE_CURVE('',#2824,#2822,#3264,.T.);
#2342=EDGE_CURVE('',#2825,#2823,#3265,.T.);
#2343=EDGE_CURVE('',#2826,#2825,#200,.T.);
#2344=EDGE_CURVE('',#2826,#2824,#3266,.T.);
#2345=EDGE_CURVE('',#2825,#2827,#3267,.T.);
#2346=EDGE_CURVE('',#2828,#2827,#201,.T.);
#2347=EDGE_CURVE('',#2826,#2828,#3268,.T.);
#2348=EDGE_CURVE('',#2827,#2829,#3269,.T.);
#2349=EDGE_CURVE('',#2830,#2829,#202,.T.);
#2350=EDGE_CURVE('',#2828,#2830,#3270,.T.);
#2351=EDGE_CURVE('',#2829,#2831,#3271,.T.);
#2352=EDGE_CURVE('',#2832,#2831,#203,.T.);
#2353=EDGE_CURVE('',#2830,#2832,#3272,.T.);
#2354=EDGE_CURVE('',#2833,#2831,#3273,.T.);
#2355=EDGE_CURVE('',#2834,#2833,#204,.T.);
#2356=EDGE_CURVE('',#2834,#2832,#3274,.T.);
#2357=EDGE_CURVE('',#2835,#2833,#3275,.T.);
#2358=EDGE_CURVE('',#2836,#2835,#205,.T.);
#2359=EDGE_CURVE('',#2836,#2834,#3276,.T.);
#2360=EDGE_CURVE('',#2837,#2835,#3277,.T.);
#2361=EDGE_CURVE('',#2838,#2837,#206,.T.);
#2362=EDGE_CURVE('',#2838,#2836,#3278,.T.);
#2363=EDGE_CURVE('',#2837,#2839,#3279,.T.);
#2364=EDGE_CURVE('',#2840,#2839,#207,.T.);
#2365=EDGE_CURVE('',#2838,#2840,#3280,.T.);
#2366=EDGE_CURVE('',#2839,#2841,#3281,.T.);
#2367=EDGE_CURVE('',#2842,#2841,#208,.T.);
#2368=EDGE_CURVE('',#2840,#2842,#3282,.T.);
#2369=EDGE_CURVE('',#2841,#2843,#3283,.T.);
#2370=EDGE_CURVE('',#2844,#2843,#209,.T.);
#2371=EDGE_CURVE('',#2842,#2844,#3284,.T.);
#2372=EDGE_CURVE('',#2845,#2843,#3285,.T.);
#2373=EDGE_CURVE('',#2846,#2845,#210,.T.);
#2374=EDGE_CURVE('',#2846,#2844,#3286,.T.);
#2375=EDGE_CURVE('',#2847,#2845,#3287,.T.);
#2376=EDGE_CURVE('',#2848,#2847,#211,.T.);
#2377=EDGE_CURVE('',#2848,#2846,#3288,.T.);
#2378=EDGE_CURVE('',#2849,#2847,#3289,.T.);
#2379=EDGE_CURVE('',#2850,#2849,#212,.T.);
#2380=EDGE_CURVE('',#2850,#2848,#3290,.T.);
#2381=EDGE_CURVE('',#2849,#2851,#3291,.T.);
#2382=EDGE_CURVE('',#2852,#2851,#213,.T.);
#2383=EDGE_CURVE('',#2850,#2852,#3292,.T.);
#2384=EDGE_CURVE('',#2851,#2853,#3293,.T.);
#2385=EDGE_CURVE('',#2854,#2853,#214,.T.);
#2386=EDGE_CURVE('',#2852,#2854,#3294,.T.);
#2387=EDGE_CURVE('',#2853,#2855,#3295,.T.);
#2388=EDGE_CURVE('',#2856,#2855,#215,.T.);
#2389=EDGE_CURVE('',#2854,#2856,#3296,.T.);
#2390=EDGE_CURVE('',#2857,#2855,#3297,.T.);
#2391=EDGE_CURVE('',#2858,#2857,#216,.T.);
#2392=EDGE_CURVE('',#2858,#2856,#3298,.T.);
#2393=EDGE_CURVE('',#2859,#2857,#3299,.T.);
#2394=EDGE_CURVE('',#2860,#2859,#217,.T.);
#2395=EDGE_CURVE('',#2860,#2858,#3300,.T.);
#2396=EDGE_CURVE('',#2861,#2859,#3301,.T.);
#2397=EDGE_CURVE('',#2862,#2861,#218,.T.);
#2398=EDGE_CURVE('',#2862,#2860,#3302,.T.);
#2399=EDGE_CURVE('',#2861,#2863,#3303,.T.);
#2400=EDGE_CURVE('',#2864,#2863,#219,.T.);
#2401=EDGE_CURVE('',#2862,#2864,#3304,.T.);
#2402=EDGE_CURVE('',#2863,#2865,#3305,.T.);
#2403=EDGE_CURVE('',#2866,#2865,#220,.T.);
#2404=EDGE_CURVE('',#2864,#2866,#3306,.T.);
#2405=EDGE_CURVE('',#2865,#2867,#3307,.T.);
#2406=EDGE_CURVE('',#2868,#2867,#221,.T.);
#2407=EDGE_CURVE('',#2866,#2868,#3308,.T.);
#2408=EDGE_CURVE('',#2869,#2867,#3309,.T.);
#2409=EDGE_CURVE('',#2870,#2869,#222,.T.);
#2410=EDGE_CURVE('',#2870,#2868,#3310,.T.);
#2411=EDGE_CURVE('',#2871,#2869,#3311,.T.);
#2412=EDGE_CURVE('',#2872,#2871,#223,.T.);
#2413=EDGE_CURVE('',#2872,#2870,#3312,.T.);
#2414=EDGE_CURVE('',#2873,#2871,#3313,.T.);
#2415=EDGE_CURVE('',#2874,#2873,#224,.T.);
#2416=EDGE_CURVE('',#2874,#2872,#3314,.T.);
#2417=EDGE_CURVE('',#2873,#2875,#3315,.T.);
#2418=EDGE_CURVE('',#2876,#2875,#225,.T.);
#2419=EDGE_CURVE('',#2874,#2876,#3316,.T.);
#2420=EDGE_CURVE('',#2875,#2877,#3317,.T.);
#2421=EDGE_CURVE('',#2878,#2877,#226,.T.);
#2422=EDGE_CURVE('',#2876,#2878,#3318,.T.);
#2423=EDGE_CURVE('',#2877,#2879,#3319,.T.);
#2424=EDGE_CURVE('',#2880,#2879,#227,.T.);
#2425=EDGE_CURVE('',#2878,#2880,#3320,.T.);
#2426=EDGE_CURVE('',#2881,#2879,#3321,.T.);
#2427=EDGE_CURVE('',#2882,#2881,#228,.T.);
#2428=EDGE_CURVE('',#2882,#2880,#3322,.T.);
#2429=EDGE_CURVE('',#2883,#2881,#3323,.T.);
#2430=EDGE_CURVE('',#2884,#2883,#229,.T.);
#2431=EDGE_CURVE('',#2884,#2882,#3324,.T.);
#2432=EDGE_CURVE('',#2885,#2883,#3325,.T.);
#2433=EDGE_CURVE('',#2886,#2885,#230,.T.);
#2434=EDGE_CURVE('',#2886,#2884,#3326,.T.);
#2435=EDGE_CURVE('',#2885,#2887,#3327,.T.);
#2436=EDGE_CURVE('',#2888,#2887,#231,.T.);
#2437=EDGE_CURVE('',#2886,#2888,#3328,.T.);
#2438=EDGE_CURVE('',#2887,#2889,#3329,.T.);
#2439=EDGE_CURVE('',#2890,#2889,#232,.T.);
#2440=EDGE_CURVE('',#2888,#2890,#3330,.T.);
#2441=EDGE_CURVE('',#2889,#2891,#3331,.T.);
#2442=EDGE_CURVE('',#2892,#2891,#233,.T.);
#2443=EDGE_CURVE('',#2890,#2892,#3332,.T.);
#2444=EDGE_CURVE('',#2893,#2891,#3333,.T.);
#2445=EDGE_CURVE('',#2894,#2893,#234,.T.);
#2446=EDGE_CURVE('',#2894,#2892,#3334,.T.);
#2447=EDGE_CURVE('',#2464,#2893,#3335,.T.);
#2448=EDGE_CURVE('',#2463,#2894,#3336,.T.);
#2449=EDGE_CURVE('',#2895,#2896,#235,.T.);
#2450=EDGE_CURVE('',#2895,#2897,#236,.T.);
#2451=EDGE_CURVE('',#2897,#2898,#237,.T.);
#2452=EDGE_CURVE('',#2896,#2898,#238,.T.);
#2453=EDGE_CURVE('',#2896,#2899,#239,.T.);
#2454=EDGE_CURVE('',#2900,#2899,#240,.T.);
#2455=EDGE_CURVE('',#2895,#2900,#241,.T.);
#2456=EDGE_CURVE('',#2898,#2901,#242,.T.);
#2457=EDGE_CURVE('',#2901,#2899,#243,.T.);
#2458=EDGE_CURVE('',#2897,#2902,#244,.T.);
#2459=EDGE_CURVE('',#2902,#2901,#245,.T.);
#2460=EDGE_CURVE('',#2902,#2900,#246,.T.);
#2461=VERTEX_POINT('',#6454);
#2462=VERTEX_POINT('',#6456);
#2463=VERTEX_POINT('',#6459);
#2464=VERTEX_POINT('',#6460);
#2465=VERTEX_POINT('',#6462);
#2466=VERTEX_POINT('',#6464);
#2467=VERTEX_POINT('',#6468);
#2468=VERTEX_POINT('',#6470);
#2469=VERTEX_POINT('',#6474);
#2470=VERTEX_POINT('',#6476);
#2471=VERTEX_POINT('',#6480);
#2472=VERTEX_POINT('',#6482);
#2473=VERTEX_POINT('',#6486);
#2474=VERTEX_POINT('',#6488);
#2475=VERTEX_POINT('',#6492);
#2476=VERTEX_POINT('',#6494);
#2477=VERTEX_POINT('',#6498);
#2478=VERTEX_POINT('',#6500);
#2479=VERTEX_POINT('',#6504);
#2480=VERTEX_POINT('',#6506);
#2481=VERTEX_POINT('',#6510);
#2482=VERTEX_POINT('',#6512);
#2483=VERTEX_POINT('',#6516);
#2484=VERTEX_POINT('',#6518);
#2485=VERTEX_POINT('',#6522);
#2486=VERTEX_POINT('',#6524);
#2487=VERTEX_POINT('',#6528);
#2488=VERTEX_POINT('',#6530);
#2489=VERTEX_POINT('',#6534);
#2490=VERTEX_POINT('',#6536);
#2491=VERTEX_POINT('',#6540);
#2492=VERTEX_POINT('',#6542);
#2493=VERTEX_POINT('',#6546);
#2494=VERTEX_POINT('',#6548);
#2495=VERTEX_POINT('',#6552);
#2496=VERTEX_POINT('',#6554);
#2497=VERTEX_POINT('',#6558);
#2498=VERTEX_POINT('',#6560);
#2499=VERTEX_POINT('',#6564);
#2500=VERTEX_POINT('',#6566);
#2501=VERTEX_POINT('',#6570);
#2502=VERTEX_POINT('',#6572);
#2503=VERTEX_POINT('',#6576);
#2504=VERTEX_POINT('',#6578);
#2505=VERTEX_POINT('',#6582);
#2506=VERTEX_POINT('',#6584);
#2507=VERTEX_POINT('',#6588);
#2508=VERTEX_POINT('',#6590);
#2509=VERTEX_POINT('',#6594);
#2510=VERTEX_POINT('',#6596);
#2511=VERTEX_POINT('',#6600);
#2512=VERTEX_POINT('',#6602);
#2513=VERTEX_POINT('',#6606);
#2514=VERTEX_POINT('',#6608);
#2515=VERTEX_POINT('',#6612);
#2516=VERTEX_POINT('',#6614);
#2517=VERTEX_POINT('',#6618);
#2518=VERTEX_POINT('',#6620);
#2519=VERTEX_POINT('',#6624);
#2520=VERTEX_POINT('',#6626);
#2521=VERTEX_POINT('',#6630);
#2522=VERTEX_POINT('',#6632);
#2523=VERTEX_POINT('',#6636);
#2524=VERTEX_POINT('',#6638);
#2525=VERTEX_POINT('',#6642);
#2526=VERTEX_POINT('',#6644);
#2527=VERTEX_POINT('',#6648);
#2528=VERTEX_POINT('',#6650);
#2529=VERTEX_POINT('',#6654);
#2530=VERTEX_POINT('',#6656);
#2531=VERTEX_POINT('',#6660);
#2532=VERTEX_POINT('',#6662);
#2533=VERTEX_POINT('',#6666);
#2534=VERTEX_POINT('',#6668);
#2535=VERTEX_POINT('',#6672);
#2536=VERTEX_POINT('',#6674);
#2537=VERTEX_POINT('',#6678);
#2538=VERTEX_POINT('',#6680);
#2539=VERTEX_POINT('',#6684);
#2540=VERTEX_POINT('',#6686);
#2541=VERTEX_POINT('',#6690);
#2542=VERTEX_POINT('',#6692);
#2543=VERTEX_POINT('',#6696);
#2544=VERTEX_POINT('',#6698);
#2545=VERTEX_POINT('',#6702);
#2546=VERTEX_POINT('',#6704);
#2547=VERTEX_POINT('',#6708);
#2548=VERTEX_POINT('',#6710);
#2549=VERTEX_POINT('',#6714);
#2550=VERTEX_POINT('',#6716);
#2551=VERTEX_POINT('',#6720);
#2552=VERTEX_POINT('',#6722);
#2553=VERTEX_POINT('',#6726);
#2554=VERTEX_POINT('',#6728);
#2555=VERTEX_POINT('',#6732);
#2556=VERTEX_POINT('',#6734);
#2557=VERTEX_POINT('',#6738);
#2558=VERTEX_POINT('',#6740);
#2559=VERTEX_POINT('',#6744);
#2560=VERTEX_POINT('',#6746);
#2561=VERTEX_POINT('',#6750);
#2562=VERTEX_POINT('',#6752);
#2563=VERTEX_POINT('',#6756);
#2564=VERTEX_POINT('',#6758);
#2565=VERTEX_POINT('',#6762);
#2566=VERTEX_POINT('',#6764);
#2567=VERTEX_POINT('',#6768);
#2568=VERTEX_POINT('',#6770);
#2569=VERTEX_POINT('',#6774);
#2570=VERTEX_POINT('',#6776);
#2571=VERTEX_POINT('',#6780);
#2572=VERTEX_POINT('',#6782);
#2573=VERTEX_POINT('',#6786);
#2574=VERTEX_POINT('',#6788);
#2575=VERTEX_POINT('',#6792);
#2576=VERTEX_POINT('',#6794);
#2577=VERTEX_POINT('',#6798);
#2578=VERTEX_POINT('',#6800);
#2579=VERTEX_POINT('',#6804);
#2580=VERTEX_POINT('',#6806);
#2581=VERTEX_POINT('',#6810);
#2582=VERTEX_POINT('',#6812);
#2583=VERTEX_POINT('',#6816);
#2584=VERTEX_POINT('',#6818);
#2585=VERTEX_POINT('',#6822);
#2586=VERTEX_POINT('',#6824);
#2587=VERTEX_POINT('',#6828);
#2588=VERTEX_POINT('',#6830);
#2589=VERTEX_POINT('',#6834);
#2590=VERTEX_POINT('',#6836);
#2591=VERTEX_POINT('',#6840);
#2592=VERTEX_POINT('',#6842);
#2593=VERTEX_POINT('',#6846);
#2594=VERTEX_POINT('',#6848);
#2595=VERTEX_POINT('',#6852);
#2596=VERTEX_POINT('',#6854);
#2597=VERTEX_POINT('',#6858);
#2598=VERTEX_POINT('',#6860);
#2599=VERTEX_POINT('',#6864);
#2600=VERTEX_POINT('',#6866);
#2601=VERTEX_POINT('',#6870);
#2602=VERTEX_POINT('',#6872);
#2603=VERTEX_POINT('',#6876);
#2604=VERTEX_POINT('',#6878);
#2605=VERTEX_POINT('',#6882);
#2606=VERTEX_POINT('',#6884);
#2607=VERTEX_POINT('',#6888);
#2608=VERTEX_POINT('',#6890);
#2609=VERTEX_POINT('',#6894);
#2610=VERTEX_POINT('',#6896);
#2611=VERTEX_POINT('',#6900);
#2612=VERTEX_POINT('',#6902);
#2613=VERTEX_POINT('',#6906);
#2614=VERTEX_POINT('',#6908);
#2615=VERTEX_POINT('',#6912);
#2616=VERTEX_POINT('',#6914);
#2617=VERTEX_POINT('',#6918);
#2618=VERTEX_POINT('',#6920);
#2619=VERTEX_POINT('',#6924);
#2620=VERTEX_POINT('',#6926);
#2621=VERTEX_POINT('',#6930);
#2622=VERTEX_POINT('',#6932);
#2623=VERTEX_POINT('',#6936);
#2624=VERTEX_POINT('',#6938);
#2625=VERTEX_POINT('',#6942);
#2626=VERTEX_POINT('',#6944);
#2627=VERTEX_POINT('',#6948);
#2628=VERTEX_POINT('',#6950);
#2629=VERTEX_POINT('',#6954);
#2630=VERTEX_POINT('',#6956);
#2631=VERTEX_POINT('',#6960);
#2632=VERTEX_POINT('',#6962);
#2633=VERTEX_POINT('',#6966);
#2634=VERTEX_POINT('',#6968);
#2635=VERTEX_POINT('',#6972);
#2636=VERTEX_POINT('',#6974);
#2637=VERTEX_POINT('',#6978);
#2638=VERTEX_POINT('',#6980);
#2639=VERTEX_POINT('',#6984);
#2640=VERTEX_POINT('',#6986);
#2641=VERTEX_POINT('',#6990);
#2642=VERTEX_POINT('',#6992);
#2643=VERTEX_POINT('',#6996);
#2644=VERTEX_POINT('',#6998);
#2645=VERTEX_POINT('',#7002);
#2646=VERTEX_POINT('',#7004);
#2647=VERTEX_POINT('',#7008);
#2648=VERTEX_POINT('',#7010);
#2649=VERTEX_POINT('',#7014);
#2650=VERTEX_POINT('',#7016);
#2651=VERTEX_POINT('',#7020);
#2652=VERTEX_POINT('',#7022);
#2653=VERTEX_POINT('',#7026);
#2654=VERTEX_POINT('',#7028);
#2655=VERTEX_POINT('',#7032);
#2656=VERTEX_POINT('',#7034);
#2657=VERTEX_POINT('',#7038);
#2658=VERTEX_POINT('',#7040);
#2659=VERTEX_POINT('',#7044);
#2660=VERTEX_POINT('',#7046);
#2661=VERTEX_POINT('',#7050);
#2662=VERTEX_POINT('',#7052);
#2663=VERTEX_POINT('',#7056);
#2664=VERTEX_POINT('',#7058);
#2665=VERTEX_POINT('',#7062);
#2666=VERTEX_POINT('',#7064);
#2667=VERTEX_POINT('',#7068);
#2668=VERTEX_POINT('',#7070);
#2669=VERTEX_POINT('',#7074);
#2670=VERTEX_POINT('',#7076);
#2671=VERTEX_POINT('',#7080);
#2672=VERTEX_POINT('',#7082);
#2673=VERTEX_POINT('',#7086);
#2674=VERTEX_POINT('',#7088);
#2675=VERTEX_POINT('',#7092);
#2676=VERTEX_POINT('',#7094);
#2677=VERTEX_POINT('',#7098);
#2678=VERTEX_POINT('',#7100);
#2679=VERTEX_POINT('',#7104);
#2680=VERTEX_POINT('',#7106);
#2681=VERTEX_POINT('',#7110);
#2682=VERTEX_POINT('',#7112);
#2683=VERTEX_POINT('',#7116);
#2684=VERTEX_POINT('',#7118);
#2685=VERTEX_POINT('',#7122);
#2686=VERTEX_POINT('',#7124);
#2687=VERTEX_POINT('',#7128);
#2688=VERTEX_POINT('',#7130);
#2689=VERTEX_POINT('',#7134);
#2690=VERTEX_POINT('',#7136);
#2691=VERTEX_POINT('',#7140);
#2692=VERTEX_POINT('',#7142);
#2693=VERTEX_POINT('',#7146);
#2694=VERTEX_POINT('',#7148);
#2695=VERTEX_POINT('',#7152);
#2696=VERTEX_POINT('',#7154);
#2697=VERTEX_POINT('',#7158);
#2698=VERTEX_POINT('',#7160);
#2699=VERTEX_POINT('',#7164);
#2700=VERTEX_POINT('',#7166);
#2701=VERTEX_POINT('',#7170);
#2702=VERTEX_POINT('',#7172);
#2703=VERTEX_POINT('',#7176);
#2704=VERTEX_POINT('',#7178);
#2705=VERTEX_POINT('',#7182);
#2706=VERTEX_POINT('',#7184);
#2707=VERTEX_POINT('',#7188);
#2708=VERTEX_POINT('',#7190);
#2709=VERTEX_POINT('',#7194);
#2710=VERTEX_POINT('',#7196);
#2711=VERTEX_POINT('',#7200);
#2712=VERTEX_POINT('',#7202);
#2713=VERTEX_POINT('',#7206);
#2714=VERTEX_POINT('',#7208);
#2715=VERTEX_POINT('',#7212);
#2716=VERTEX_POINT('',#7214);
#2717=VERTEX_POINT('',#7218);
#2718=VERTEX_POINT('',#7220);
#2719=VERTEX_POINT('',#7224);
#2720=VERTEX_POINT('',#7226);
#2721=VERTEX_POINT('',#7230);
#2722=VERTEX_POINT('',#7232);
#2723=VERTEX_POINT('',#7236);
#2724=VERTEX_POINT('',#7238);
#2725=VERTEX_POINT('',#7242);
#2726=VERTEX_POINT('',#7244);
#2727=VERTEX_POINT('',#7248);
#2728=VERTEX_POINT('',#7250);
#2729=VERTEX_POINT('',#7254);
#2730=VERTEX_POINT('',#7256);
#2731=VERTEX_POINT('',#7260);
#2732=VERTEX_POINT('',#7262);
#2733=VERTEX_POINT('',#7266);
#2734=VERTEX_POINT('',#7268);
#2735=VERTEX_POINT('',#7272);
#2736=VERTEX_POINT('',#7274);
#2737=VERTEX_POINT('',#7278);
#2738=VERTEX_POINT('',#7280);
#2739=VERTEX_POINT('',#7284);
#2740=VERTEX_POINT('',#7286);
#2741=VERTEX_POINT('',#7290);
#2742=VERTEX_POINT('',#7292);
#2743=VERTEX_POINT('',#7296);
#2744=VERTEX_POINT('',#7298);
#2745=VERTEX_POINT('',#7302);
#2746=VERTEX_POINT('',#7304);
#2747=VERTEX_POINT('',#7308);
#2748=VERTEX_POINT('',#7310);
#2749=VERTEX_POINT('',#7314);
#2750=VERTEX_POINT('',#7316);
#2751=VERTEX_POINT('',#7320);
#2752=VERTEX_POINT('',#7322);
#2753=VERTEX_POINT('',#7326);
#2754=VERTEX_POINT('',#7328);
#2755=VERTEX_POINT('',#7332);
#2756=VERTEX_POINT('',#7334);
#2757=VERTEX_POINT('',#7338);
#2758=VERTEX_POINT('',#7340);
#2759=VERTEX_POINT('',#7344);
#2760=VERTEX_POINT('',#7346);
#2761=VERTEX_POINT('',#7350);
#2762=VERTEX_POINT('',#7352);
#2763=VERTEX_POINT('',#7356);
#2764=VERTEX_POINT('',#7358);
#2765=VERTEX_POINT('',#7362);
#2766=VERTEX_POINT('',#7364);
#2767=VERTEX_POINT('',#7368);
#2768=VERTEX_POINT('',#7370);
#2769=VERTEX_POINT('',#7374);
#2770=VERTEX_POINT('',#7376);
#2771=VERTEX_POINT('',#7380);
#2772=VERTEX_POINT('',#7382);
#2773=VERTEX_POINT('',#7386);
#2774=VERTEX_POINT('',#7388);
#2775=VERTEX_POINT('',#7392);
#2776=VERTEX_POINT('',#7394);
#2777=VERTEX_POINT('',#7398);
#2778=VERTEX_POINT('',#7400);
#2779=VERTEX_POINT('',#7404);
#2780=VERTEX_POINT('',#7406);
#2781=VERTEX_POINT('',#7410);
#2782=VERTEX_POINT('',#7412);
#2783=VERTEX_POINT('',#7416);
#2784=VERTEX_POINT('',#7418);
#2785=VERTEX_POINT('',#7422);
#2786=VERTEX_POINT('',#7424);
#2787=VERTEX_POINT('',#7428);
#2788=VERTEX_POINT('',#7430);
#2789=VERTEX_POINT('',#7434);
#2790=VERTEX_POINT('',#7436);
#2791=VERTEX_POINT('',#7440);
#2792=VERTEX_POINT('',#7442);
#2793=VERTEX_POINT('',#7446);
#2794=VERTEX_POINT('',#7448);
#2795=VERTEX_POINT('',#7452);
#2796=VERTEX_POINT('',#7454);
#2797=VERTEX_POINT('',#7458);
#2798=VERTEX_POINT('',#7460);
#2799=VERTEX_POINT('',#7464);
#2800=VERTEX_POINT('',#7466);
#2801=VERTEX_POINT('',#7470);
#2802=VERTEX_POINT('',#7472);
#2803=VERTEX_POINT('',#7476);
#2804=VERTEX_POINT('',#7478);
#2805=VERTEX_POINT('',#7482);
#2806=VERTEX_POINT('',#7484);
#2807=VERTEX_POINT('',#7488);
#2808=VERTEX_POINT('',#7490);
#2809=VERTEX_POINT('',#7494);
#2810=VERTEX_POINT('',#7496);
#2811=VERTEX_POINT('',#7500);
#2812=VERTEX_POINT('',#7502);
#2813=VERTEX_POINT('',#7506);
#2814=VERTEX_POINT('',#7508);
#2815=VERTEX_POINT('',#7512);
#2816=VERTEX_POINT('',#7514);
#2817=VERTEX_POINT('',#7518);
#2818=VERTEX_POINT('',#7520);
#2819=VERTEX_POINT('',#7524);
#2820=VERTEX_POINT('',#7526);
#2821=VERTEX_POINT('',#7530);
#2822=VERTEX_POINT('',#7532);
#2823=VERTEX_POINT('',#7536);
#2824=VERTEX_POINT('',#7538);
#2825=VERTEX_POINT('',#7542);
#2826=VERTEX_POINT('',#7544);
#2827=VERTEX_POINT('',#7548);
#2828=VERTEX_POINT('',#7550);
#2829=VERTEX_POINT('',#7554);
#2830=VERTEX_POINT('',#7556);
#2831=VERTEX_POINT('',#7560);
#2832=VERTEX_POINT('',#7562);
#2833=VERTEX_POINT('',#7566);
#2834=VERTEX_POINT('',#7568);
#2835=VERTEX_POINT('',#7572);
#2836=VERTEX_POINT('',#7574);
#2837=VERTEX_POINT('',#7578);
#2838=VERTEX_POINT('',#7580);
#2839=VERTEX_POINT('',#7584);
#2840=VERTEX_POINT('',#7586);
#2841=VERTEX_POINT('',#7590);
#2842=VERTEX_POINT('',#7592);
#2843=VERTEX_POINT('',#7596);
#2844=VERTEX_POINT('',#7598);
#2845=VERTEX_POINT('',#7602);
#2846=VERTEX_POINT('',#7604);
#2847=VERTEX_POINT('',#7608);
#2848=VERTEX_POINT('',#7610);
#2849=VERTEX_POINT('',#7614);
#2850=VERTEX_POINT('',#7616);
#2851=VERTEX_POINT('',#7620);
#2852=VERTEX_POINT('',#7622);
#2853=VERTEX_POINT('',#7626);
#2854=VERTEX_POINT('',#7628);
#2855=VERTEX_POINT('',#7632);
#2856=VERTEX_POINT('',#7634);
#2857=VERTEX_POINT('',#7638);
#2858=VERTEX_POINT('',#7640);
#2859=VERTEX_POINT('',#7644);
#2860=VERTEX_POINT('',#7646);
#2861=VERTEX_POINT('',#7650);
#2862=VERTEX_POINT('',#7652);
#2863=VERTEX_POINT('',#7656);
#2864=VERTEX_POINT('',#7658);
#2865=VERTEX_POINT('',#7662);
#2866=VERTEX_POINT('',#7664);
#2867=VERTEX_POINT('',#7668);
#2868=VERTEX_POINT('',#7670);
#2869=VERTEX_POINT('',#7674);
#2870=VERTEX_POINT('',#7676);
#2871=VERTEX_POINT('',#7680);
#2872=VERTEX_POINT('',#7682);
#2873=VERTEX_POINT('',#7686);
#2874=VERTEX_POINT('',#7688);
#2875=VERTEX_POINT('',#7692);
#2876=VERTEX_POINT('',#7694);
#2877=VERTEX_POINT('',#7698);
#2878=VERTEX_POINT('',#7700);
#2879=VERTEX_POINT('',#7704);
#2880=VERTEX_POINT('',#7706);
#2881=VERTEX_POINT('',#7710);
#2882=VERTEX_POINT('',#7712);
#2883=VERTEX_POINT('',#7716);
#2884=VERTEX_POINT('',#7718);
#2885=VERTEX_POINT('',#7722);
#2886=VERTEX_POINT('',#7724);
#2887=VERTEX_POINT('',#7728);
#2888=VERTEX_POINT('',#7730);
#2889=VERTEX_POINT('',#7734);
#2890=VERTEX_POINT('',#7736);
#2891=VERTEX_POINT('',#7740);
#2892=VERTEX_POINT('',#7742);
#2893=VERTEX_POINT('',#7746);
#2894=VERTEX_POINT('',#7748);
#2895=VERTEX_POINT('',#7755);
#2896=VERTEX_POINT('',#7756);
#2897=VERTEX_POINT('',#7758);
#2898=VERTEX_POINT('',#7760);
#2899=VERTEX_POINT('',#7764);
#2900=VERTEX_POINT('',#7766);
#2901=VERTEX_POINT('',#7770);
#2902=VERTEX_POINT('',#7774);
#2903=CIRCLE('',#4248,0.004);
#2904=CIRCLE('',#4249,0.004);
#2905=CIRCLE('',#4251,0.000999999999999887);
#2906=CIRCLE('',#4252,0.000999999999999887);
#2907=CIRCLE('',#4254,0.000149999999999995);
#2908=CIRCLE('',#4255,0.000149999999999995);
#2909=CIRCLE('',#4257,0.0112051559026238);
#2910=CIRCLE('',#4258,0.0112051559026238);
#2911=CIRCLE('',#4260,0.000150000000000003);
#2912=CIRCLE('',#4261,0.000150000000000003);
#2913=CIRCLE('',#4263,0.00100000000000008);
#2914=CIRCLE('',#4264,0.00100000000000008);
#2915=CIRCLE('',#4266,0.000555);
#2916=CIRCLE('',#4267,0.000555);
#2917=CIRCLE('',#4269,0.000999999999999909);
#2918=CIRCLE('',#4270,0.000999999999999909);
#2919=CIRCLE('',#4272,0.000149999999999999);
#2920=CIRCLE('',#4273,0.000149999999999999);
#2921=CIRCLE('',#4275,0.0112051559026293);
#2922=CIRCLE('',#4276,0.0112051559026293);
#2923=CIRCLE('',#4278,0.000150000000000007);
#2924=CIRCLE('',#4279,0.000150000000000007);
#2925=CIRCLE('',#4281,0.00100000000000008);
#2926=CIRCLE('',#4282,0.00100000000000008);
#2927=CIRCLE('',#4284,0.000555);
#2928=CIRCLE('',#4285,0.000555);
#2929=CIRCLE('',#4287,0.000999999999999847);
#2930=CIRCLE('',#4288,0.000999999999999847);
#2931=CIRCLE('',#4290,0.00015);
#2932=CIRCLE('',#4291,0.00015);
#2933=CIRCLE('',#4293,0.0112051559026253);
#2934=CIRCLE('',#4294,0.0112051559026253);
#2935=CIRCLE('',#4296,0.000150000000000003);
#2936=CIRCLE('',#4297,0.000150000000000003);
#2937=CIRCLE('',#4299,0.00100000000000007);
#2938=CIRCLE('',#4300,0.00100000000000007);
#2939=CIRCLE('',#4302,0.000555);
#2940=CIRCLE('',#4303,0.000555);
#2941=CIRCLE('',#4305,0.000999999999999883);
#2942=CIRCLE('',#4306,0.000999999999999883);
#2943=CIRCLE('',#4308,0.000150000000000004);
#2944=CIRCLE('',#4309,0.000150000000000004);
#2945=CIRCLE('',#4311,0.011205155902621);
#2946=CIRCLE('',#4312,0.011205155902621);
#2947=CIRCLE('',#4314,0.000150000000000007);
#2948=CIRCLE('',#4315,0.000150000000000007);
#2949=CIRCLE('',#4317,0.00100000000000011);
#2950=CIRCLE('',#4318,0.00100000000000011);
#2951=CIRCLE('',#4320,0.000555);
#2952=CIRCLE('',#4321,0.000555);
#2953=CIRCLE('',#4323,0.000999999999999902);
#2954=CIRCLE('',#4324,0.000999999999999902);
#2955=CIRCLE('',#4326,0.000150000000000003);
#2956=CIRCLE('',#4327,0.000150000000000003);
#2957=CIRCLE('',#4329,0.0112051559026273);
#2958=CIRCLE('',#4330,0.0112051559026273);
#2959=CIRCLE('',#4332,0.000150000000000004);
#2960=CIRCLE('',#4333,0.000150000000000004);
#2961=CIRCLE('',#4335,0.00100000000000021);
#2962=CIRCLE('',#4336,0.00100000000000021);
#2963=CIRCLE('',#4338,0.000555);
#2964=CIRCLE('',#4339,0.000555);
#2965=CIRCLE('',#4341,0.000999999999999879);
#2966=CIRCLE('',#4342,0.000999999999999879);
#2967=CIRCLE('',#4344,0.00015);
#2968=CIRCLE('',#4345,0.00015);
#2969=CIRCLE('',#4347,0.01120515590263);
#2970=CIRCLE('',#4348,0.01120515590263);
#2971=CIRCLE('',#4350,0.000150000000000003);
#2972=CIRCLE('',#4351,0.000150000000000003);
#2973=CIRCLE('',#4353,0.00100000000000005);
#2974=CIRCLE('',#4354,0.00100000000000005);
#2975=CIRCLE('',#4356,0.000555);
#2976=CIRCLE('',#4357,0.000555);
#2977=CIRCLE('',#4359,0.000999999999999941);
#2978=CIRCLE('',#4360,0.000999999999999941);
#2979=CIRCLE('',#4362,0.000150000000000003);
#2980=CIRCLE('',#4363,0.000150000000000003);
#2981=CIRCLE('',#4365,0.01120515590263);
#2982=CIRCLE('',#4366,0.01120515590263);
#2983=CIRCLE('',#4368,0.000150000000000003);
#2984=CIRCLE('',#4369,0.000150000000000003);
#2985=CIRCLE('',#4371,0.00100000000000009);
#2986=CIRCLE('',#4372,0.00100000000000009);
#2987=CIRCLE('',#4374,0.000555);
#2988=CIRCLE('',#4375,0.000555);
#2989=CIRCLE('',#4377,0.000999999999999882);
#2990=CIRCLE('',#4378,0.000999999999999882);
#2991=CIRCLE('',#4380,0.00015);
#2992=CIRCLE('',#4381,0.00015);
#2993=CIRCLE('',#4383,0.0112051559026266);
#2994=CIRCLE('',#4384,0.0112051559026266);
#2995=CIRCLE('',#4386,0.000150000000000004);
#2996=CIRCLE('',#4387,0.000150000000000004);
#2997=CIRCLE('',#4389,0.00100000000000011);
#2998=CIRCLE('',#4390,0.00100000000000011);
#2999=CIRCLE('',#4392,0.000555);
#3000=CIRCLE('',#4393,0.000555);
#3001=CIRCLE('',#4395,0.000999999999999869);
#3002=CIRCLE('',#4396,0.000999999999999869);
#3003=CIRCLE('',#4398,0.00015);
#3004=CIRCLE('',#4399,0.00015);
#3005=CIRCLE('',#4401,0.0112051559026266);
#3006=CIRCLE('',#4402,0.0112051559026266);
#3007=CIRCLE('',#4404,0.000150000000000004);
#3008=CIRCLE('',#4405,0.000150000000000004);
#3009=CIRCLE('',#4407,0.00100000000000014);
#3010=CIRCLE('',#4408,0.00100000000000014);
#3011=CIRCLE('',#4410,0.000555);
#3012=CIRCLE('',#4411,0.000555);
#3013=CIRCLE('',#4413,0.000999999999999894);
#3014=CIRCLE('',#4414,0.000999999999999894);
#3015=CIRCLE('',#4416,0.000149999999999993);
#3016=CIRCLE('',#4417,0.000149999999999993);
#3017=CIRCLE('',#4419,0.0112051559026239);
#3018=CIRCLE('',#4420,0.0112051559026239);
#3019=CIRCLE('',#4422,0.000150000000000006);
#3020=CIRCLE('',#4423,0.000150000000000006);
#3021=CIRCLE('',#4425,0.00100000000000013);
#3022=CIRCLE('',#4426,0.00100000000000013);
#3023=CIRCLE('',#4428,0.000555);
#3024=CIRCLE('',#4429,0.000555);
#3025=CIRCLE('',#4431,0.000999999999999967);
#3026=CIRCLE('',#4432,0.000999999999999967);
#3027=CIRCLE('',#4434,0.000149999999999997);
#3028=CIRCLE('',#4435,0.000149999999999997);
#3029=CIRCLE('',#4437,0.0112051559026227);
#3030=CIRCLE('',#4438,0.0112051559026227);
#3031=CIRCLE('',#4440,0.000150000000000005);
#3032=CIRCLE('',#4441,0.000150000000000005);
#3033=CIRCLE('',#4443,0.00100000000000005);
#3034=CIRCLE('',#4444,0.00100000000000005);
#3035=CIRCLE('',#4446,0.000555);
#3036=CIRCLE('',#4447,0.000555);
#3037=CIRCLE('',#4449,0.000999999999999935);
#3038=CIRCLE('',#4450,0.000999999999999935);
#3039=CIRCLE('',#4452,0.000149999999999997);
#3040=CIRCLE('',#4453,0.000149999999999997);
#3041=CIRCLE('',#4455,0.01120515590263);
#3042=CIRCLE('',#4456,0.01120515590263);
#3043=CIRCLE('',#4458,0.00015);
#3044=CIRCLE('',#4459,0.00015);
#3045=CIRCLE('',#4461,0.00100000000000005);
#3046=CIRCLE('',#4462,0.00100000000000005);
#3047=CIRCLE('',#4464,0.000555);
#3048=CIRCLE('',#4465,0.000555);
#3049=CIRCLE('',#4467,0.000999999999999747);
#3050=CIRCLE('',#4468,0.000999999999999747);
#3051=CIRCLE('',#4470,0.00015);
#3052=CIRCLE('',#4471,0.00015);
#3053=CIRCLE('',#4473,0.0112051559026221);
#3054=CIRCLE('',#4474,0.0112051559026221);
#3055=CIRCLE('',#4476,0.00015);
#3056=CIRCLE('',#4477,0.00015);
#3057=CIRCLE('',#4479,0.00100000000000006);
#3058=CIRCLE('',#4480,0.00100000000000006);
#3059=CIRCLE('',#4482,0.000555);
#3060=CIRCLE('',#4483,0.000555);
#3061=CIRCLE('',#4485,0.000999999999999877);
#3062=CIRCLE('',#4486,0.000999999999999877);
#3063=CIRCLE('',#4488,0.00015);
#3064=CIRCLE('',#4489,0.00015);
#3065=CIRCLE('',#4491,0.0112051559026265);
#3066=CIRCLE('',#4492,0.0112051559026265);
#3067=CIRCLE('',#4494,0.000149999999999998);
#3068=CIRCLE('',#4495,0.000149999999999998);
#3069=CIRCLE('',#4497,0.00100000000000002);
#3070=CIRCLE('',#4498,0.00100000000000002);
#3071=CIRCLE('',#4500,0.000555);
#3072=CIRCLE('',#4501,0.000555);
#3073=CIRCLE('',#4503,0.000999999999999849);
#3074=CIRCLE('',#4504,0.000999999999999849);
#3075=CIRCLE('',#4506,0.000150000000000003);
#3076=CIRCLE('',#4507,0.000150000000000003);
#3077=CIRCLE('',#4509,0.0112051559026299);
#3078=CIRCLE('',#4510,0.0112051559026299);
#3079=CIRCLE('',#4512,0.000150000000000002);
#3080=CIRCLE('',#4513,0.000150000000000002);
#3081=CIRCLE('',#4515,0.00100000000000011);
#3082=CIRCLE('',#4516,0.00100000000000011);
#3083=CIRCLE('',#4518,0.000555);
#3084=CIRCLE('',#4519,0.000555);
#3085=CIRCLE('',#4521,0.000999999999999846);
#3086=CIRCLE('',#4522,0.000999999999999846);
#3087=CIRCLE('',#4524,0.00015);
#3088=CIRCLE('',#4525,0.00015);
#3089=CIRCLE('',#4527,0.0112051559026203);
#3090=CIRCLE('',#4528,0.0112051559026203);
#3091=CIRCLE('',#4530,0.000150000000000003);
#3092=CIRCLE('',#4531,0.000150000000000003);
#3093=CIRCLE('',#4533,0.00100000000000007);
#3094=CIRCLE('',#4534,0.00100000000000007);
#3095=CIRCLE('',#4536,0.000555);
#3096=CIRCLE('',#4537,0.000555);
#3097=CIRCLE('',#4539,0.000999999999999882);
#3098=CIRCLE('',#4540,0.000999999999999882);
#3099=CIRCLE('',#4542,0.00015);
#3100=CIRCLE('',#4543,0.00015);
#3101=CIRCLE('',#4545,0.0112051559026266);
#3102=CIRCLE('',#4546,0.0112051559026266);
#3103=CIRCLE('',#4548,0.000150000000000004);
#3104=CIRCLE('',#4549,0.000150000000000004);
#3105=CIRCLE('',#4551,0.00100000000000011);
#3106=CIRCLE('',#4552,0.00100000000000011);
#3107=CIRCLE('',#4554,0.000555);
#3108=CIRCLE('',#4555,0.000555);
#3109=CIRCLE('',#4557,0.000999999999999795);
#3110=CIRCLE('',#4558,0.000999999999999795);
#3111=CIRCLE('',#4560,0.000150000000000006);
#3112=CIRCLE('',#4561,0.000150000000000006);
#3113=CIRCLE('',#4563,0.0112051559026234);
#3114=CIRCLE('',#4564,0.0112051559026234);
#3115=CIRCLE('',#4566,0.000150000000000004);
#3116=CIRCLE('',#4567,0.000150000000000004);
#3117=CIRCLE('',#4569,0.00100000000000009);
#3118=CIRCLE('',#4570,0.00100000000000009);
#3119=CIRCLE('',#4572,0.000555);
#3120=CIRCLE('',#4573,0.000555);
#3121=CIRCLE('',#4575,0.000999999999999877);
#3122=CIRCLE('',#4576,0.000999999999999877);
#3123=CIRCLE('',#4578,0.00015);
#3124=CIRCLE('',#4579,0.00015);
#3125=CIRCLE('',#4581,0.0112051559026267);
#3126=CIRCLE('',#4582,0.0112051559026267);
#3127=CIRCLE('',#4584,0.000150000000000005);
#3128=CIRCLE('',#4585,0.000150000000000005);
#3129=CIRCLE('',#4587,0.00100000000000007);
#3130=CIRCLE('',#4588,0.00100000000000007);
#3131=CIRCLE('',#4590,0.000555);
#3132=CIRCLE('',#4591,0.000555);
#3133=CIRCLE('',#4593,0.000999999999999967);
#3134=CIRCLE('',#4594,0.000999999999999967);
#3135=CIRCLE('',#4596,0.000150000000000004);
#3136=CIRCLE('',#4597,0.000150000000000004);
#3137=CIRCLE('',#4599,0.0112051559026299);
#3138=CIRCLE('',#4600,0.0112051559026299);
#3139=CIRCLE('',#4602,0.000150000000000005);
#3140=CIRCLE('',#4603,0.000150000000000005);
#3141=CIRCLE('',#4605,0.00100000000000011);
#3142=CIRCLE('',#4606,0.00100000000000011);
#3143=CIRCLE('',#4608,0.000555);
#3144=CIRCLE('',#4609,0.000555);
#3145=CIRCLE('',#4611,0.00099999999999996);
#3146=CIRCLE('',#4612,0.00099999999999996);
#3147=CIRCLE('',#4614,0.000150000000000007);
#3148=CIRCLE('',#4615,0.000150000000000007);
#3149=CIRCLE('',#4617,0.0112051559026283);
#3150=CIRCLE('',#4618,0.0112051559026283);
#3151=CIRCLE('',#4620,0.000150000000000004);
#3152=CIRCLE('',#4621,0.000150000000000004);
#3153=CIRCLE('',#4623,0.00100000000000007);
#3154=CIRCLE('',#4624,0.00100000000000007);
#3155=CIRCLE('',#4626,0.000555);
#3156=CIRCLE('',#4627,0.000555);
#3157=CIRCLE('',#4629,0.000999999999999846);
#3158=CIRCLE('',#4630,0.000999999999999846);
#3159=CIRCLE('',#4632,0.000150000000000004);
#3160=CIRCLE('',#4633,0.000150000000000004);
#3161=CIRCLE('',#4635,0.0112051559026245);
#3162=CIRCLE('',#4636,0.0112051559026245);
#3163=CIRCLE('',#4638,0.000150000000000003);
#3164=CIRCLE('',#4639,0.000150000000000003);
#3165=CIRCLE('',#4641,0.00100000000000005);
#3166=CIRCLE('',#4642,0.00100000000000005);
#3167=CIRCLE('',#4644,0.000555);
#3168=CIRCLE('',#4645,0.000555);
#3169=CIRCLE('',#4647,0.000999999999999877);
#3170=CIRCLE('',#4648,0.000999999999999877);
#3171=CIRCLE('',#4650,0.00015);
#3172=CIRCLE('',#4651,0.00015);
#3173=CIRCLE('',#4653,0.0112051559026265);
#3174=CIRCLE('',#4654,0.0112051559026265);
#3175=CIRCLE('',#4656,0.000149999999999998);
#3176=CIRCLE('',#4657,0.000149999999999998);
#3177=CIRCLE('',#4659,0.00100000000000002);
#3178=CIRCLE('',#4660,0.00100000000000002);
#3179=CIRCLE('',#4662,0.000555);
#3180=CIRCLE('',#4663,0.000555);
#3181=CIRCLE('',#4665,0.000999999999999878);
#3182=CIRCLE('',#4666,0.000999999999999878);
#3183=CIRCLE('',#4668,0.000149999999999997);
#3184=CIRCLE('',#4669,0.000149999999999997);
#3185=CIRCLE('',#4671,0.01120515590263);
#3186=CIRCLE('',#4672,0.01120515590263);
#3187=CIRCLE('',#4674,0.00015);
#3188=CIRCLE('',#4675,0.00015);
#3189=CIRCLE('',#4677,0.00100000000000006);
#3190=CIRCLE('',#4678,0.00100000000000006);
#3191=CIRCLE('',#4680,0.000555);
#3192=CIRCLE('',#4681,0.000555);
#3193=CIRCLE('',#4683,0.00099999999999994);
#3194=CIRCLE('',#4684,0.00099999999999994);
#3195=CIRCLE('',#4686,0.00015);
#3196=CIRCLE('',#4687,0.00015);
#3197=CIRCLE('',#4689,0.01120515590263);
#3198=CIRCLE('',#4690,0.01120515590263);
#3199=CIRCLE('',#4692,0.00015);
#3200=CIRCLE('',#4693,0.00015);
#3201=CIRCLE('',#4695,0.00100000000000012);
#3202=CIRCLE('',#4696,0.00100000000000012);
#3203=CIRCLE('',#4698,0.000555);
#3204=CIRCLE('',#4699,0.000555);
#3205=CIRCLE('',#4701,0.000999999999999843);
#3206=CIRCLE('',#4702,0.000999999999999843);
#3207=CIRCLE('',#4704,0.00015);
#3208=CIRCLE('',#4705,0.00015);
#3209=CIRCLE('',#4707,0.0112051559026266);
#3210=CIRCLE('',#4708,0.0112051559026266);
#3211=CIRCLE('',#4710,0.000150000000000004);
#3212=CIRCLE('',#4711,0.000150000000000004);
#3213=CIRCLE('',#4713,0.00100000000000011);
#3214=CIRCLE('',#4714,0.00100000000000011);
#3215=CIRCLE('',#4716,0.000555);
#3216=CIRCLE('',#4717,0.000555);
#3217=CIRCLE('',#4719,0.000999999999999882);
#3218=CIRCLE('',#4720,0.000999999999999882);
#3219=CIRCLE('',#4722,0.00015);
#3220=CIRCLE('',#4723,0.00015);
#3221=CIRCLE('',#4725,0.0112051559026266);
#3222=CIRCLE('',#4726,0.0112051559026266);
#3223=CIRCLE('',#4728,0.00015);
#3224=CIRCLE('',#4729,0.00015);
#3225=CIRCLE('',#4731,0.00100000000000014);
#3226=CIRCLE('',#4732,0.00100000000000014);
#3227=CIRCLE('',#4734,0.000555);
#3228=CIRCLE('',#4735,0.000555);
#3229=CIRCLE('',#4737,0.000999999999999857);
#3230=CIRCLE('',#4738,0.000999999999999857);
#3231=CIRCLE('',#4740,0.00015);
#3232=CIRCLE('',#4741,0.00015);
#3233=CIRCLE('',#4743,0.0112051559026267);
#3234=CIRCLE('',#4744,0.0112051559026267);
#3235=CIRCLE('',#4746,0.000150000000000005);
#3236=CIRCLE('',#4747,0.000150000000000005);
#3237=CIRCLE('',#4749,0.00100000000000011);
#3238=CIRCLE('',#4750,0.00100000000000011);
#3239=CIRCLE('',#4752,0.000555);
#3240=CIRCLE('',#4753,0.000555);
#3241=CIRCLE('',#4755,0.000999999999999909);
#3242=CIRCLE('',#4756,0.000999999999999909);
#3243=CIRCLE('',#4758,0.000150000000000002);
#3244=CIRCLE('',#4759,0.000150000000000002);
#3245=CIRCLE('',#4761,0.0112051559026299);
#3246=CIRCLE('',#4762,0.0112051559026299);
#3247=CIRCLE('',#4764,0.000150000000000005);
#3248=CIRCLE('',#4765,0.000150000000000005);
#3249=CIRCLE('',#4767,0.00100000000000008);
#3250=CIRCLE('',#4768,0.00100000000000008);
#3251=CIRCLE('',#4770,0.000555);
#3252=CIRCLE('',#4771,0.000555);
#3253=CIRCLE('',#4773,0.000999999999999847);
#3254=CIRCLE('',#4774,0.000999999999999847);
#3255=CIRCLE('',#4776,0.00015);
#3256=CIRCLE('',#4777,0.00015);
#3257=CIRCLE('',#4779,0.0112051559026253);
#3258=CIRCLE('',#4780,0.0112051559026253);
#3259=CIRCLE('',#4782,0.000150000000000003);
#3260=CIRCLE('',#4783,0.000150000000000003);
#3261=CIRCLE('',#4785,0.00100000000000007);
#3262=CIRCLE('',#4786,0.00100000000000007);
#3263=CIRCLE('',#4788,0.000555);
#3264=CIRCLE('',#4789,0.000555);
#3265=CIRCLE('',#4791,0.000999999999999883);
#3266=CIRCLE('',#4792,0.000999999999999883);
#3267=CIRCLE('',#4794,0.00015);
#3268=CIRCLE('',#4795,0.00015);
#3269=CIRCLE('',#4797,0.0112051559026188);
#3270=CIRCLE('',#4798,0.0112051559026188);
#3271=CIRCLE('',#4800,0.000150000000000005);
#3272=CIRCLE('',#4801,0.000150000000000005);
#3273=CIRCLE('',#4803,0.00100000000000007);
#3274=CIRCLE('',#4804,0.00100000000000007);
#3275=CIRCLE('',#4806,0.000555);
#3276=CIRCLE('',#4807,0.000555);
#3277=CIRCLE('',#4809,0.000999999999999902);
#3278=CIRCLE('',#4810,0.000999999999999902);
#3279=CIRCLE('',#4812,0.000150000000000003);
#3280=CIRCLE('',#4813,0.000150000000000003);
#3281=CIRCLE('',#4815,0.0112051559026273);
#3282=CIRCLE('',#4816,0.0112051559026273);
#3283=CIRCLE('',#4818,0.000150000000000004);
#3284=CIRCLE('',#4819,0.000150000000000004);
#3285=CIRCLE('',#4821,0.00100000000000021);
#3286=CIRCLE('',#4822,0.00100000000000021);
#3287=CIRCLE('',#4824,0.000555);
#3288=CIRCLE('',#4825,0.000555);
#3289=CIRCLE('',#4827,0.000999999999999902);
#3290=CIRCLE('',#4828,0.000999999999999902);
#3291=CIRCLE('',#4830,0.000149999999999997);
#3292=CIRCLE('',#4831,0.000149999999999997);
#3293=CIRCLE('',#4833,0.0112051559026227);
#3294=CIRCLE('',#4834,0.0112051559026227);
#3295=CIRCLE('',#4836,0.000150000000000003);
#3296=CIRCLE('',#4837,0.000150000000000003);
#3297=CIRCLE('',#4839,0.00100000000000006);
#3298=CIRCLE('',#4840,0.00100000000000006);
#3299=CIRCLE('',#4842,0.000555);
#3300=CIRCLE('',#4843,0.000555);
#3301=CIRCLE('',#4845,0.00099999999999994);
#3302=CIRCLE('',#4846,0.00099999999999994);
#3303=CIRCLE('',#4848,0.000150000000000003);
#3304=CIRCLE('',#4849,0.000150000000000003);
#3305=CIRCLE('',#4851,0.01120515590263);
#3306=CIRCLE('',#4852,0.01120515590263);
#3307=CIRCLE('',#4854,0.000150000000000003);
#3308=CIRCLE('',#4855,0.000150000000000003);
#3309=CIRCLE('',#4857,0.00100000000000012);
#3310=CIRCLE('',#4858,0.00100000000000012);
#3311=CIRCLE('',#4860,0.000555);
#3312=CIRCLE('',#4861,0.000555);
#3313=CIRCLE('',#4863,0.000999999999999876);
#3314=CIRCLE('',#4864,0.000999999999999876);
#3315=CIRCLE('',#4866,0.00015);
#3316=CIRCLE('',#4867,0.00015);
#3317=CIRCLE('',#4869,0.0112051559026266);
#3318=CIRCLE('',#4870,0.0112051559026266);
#3319=CIRCLE('',#4872,0.000150000000000004);
#3320=CIRCLE('',#4873,0.000150000000000004);
#3321=CIRCLE('',#4875,0.00100000000000011);
#3322=CIRCLE('',#4876,0.00100000000000011);
#3323=CIRCLE('',#4878,0.000555);
#3324=CIRCLE('',#4879,0.000555);
#3325=CIRCLE('',#4881,0.000999999999999922);
#3326=CIRCLE('',#4882,0.000999999999999922);
#3327=CIRCLE('',#4884,0.00015);
#3328=CIRCLE('',#4885,0.00015);
#3329=CIRCLE('',#4887,0.0112051559026234);
#3330=CIRCLE('',#4888,0.0112051559026234);
#3331=CIRCLE('',#4890,0.000150000000000005);
#3332=CIRCLE('',#4891,0.000150000000000005);
#3333=CIRCLE('',#4893,0.00100000000000014);
#3334=CIRCLE('',#4894,0.00100000000000014);
#3335=CIRCLE('',#4896,0.000555);
#3336=CIRCLE('',#4897,0.000555);
#3337=EDGE_LOOP('',(#475));
#3338=EDGE_LOOP('',(#476));
#3339=EDGE_LOOP('',(#477,#478,#479,#480));
#3340=EDGE_LOOP('',(#481,#482,#483,#484));
#3341=EDGE_LOOP('',(#485,#486,#487,#488));
#3342=EDGE_LOOP('',(#489,#490,#491,#492));
#3343=EDGE_LOOP('',(#493,#494,#495,#496));
#3344=EDGE_LOOP('',(#497,#498,#499,#500));
#3345=EDGE_LOOP('',(#501,#502,#503,#504));
#3346=EDGE_LOOP('',(#505,#506,#507,#508));
#3347=EDGE_LOOP('',(#509,#510,#511,#512));
#3348=EDGE_LOOP('',(#513,#514,#515,#516));
#3349=EDGE_LOOP('',(#517,#518,#519,#520));
#3350=EDGE_LOOP('',(#521,#522,#523,#524));
#3351=EDGE_LOOP('',(#525,#526,#527,#528));
#3352=EDGE_LOOP('',(#529,#530,#531,#532));
#3353=EDGE_LOOP('',(#533,#534,#535,#536));
#3354=EDGE_LOOP('',(#537,#538,#539,#540));
#3355=EDGE_LOOP('',(#541,#542,#543,#544));
#3356=EDGE_LOOP('',(#545,#546,#547,#548));
#3357=EDGE_LOOP('',(#549,#550,#551,#552));
#3358=EDGE_LOOP('',(#553,#554,#555,#556));
#3359=EDGE_LOOP('',(#557,#558,#559,#560));
#3360=EDGE_LOOP('',(#561,#562,#563,#564));
#3361=EDGE_LOOP('',(#565,#566,#567,#568));
#3362=EDGE_LOOP('',(#569,#570,#571,#572));
#3363=EDGE_LOOP('',(#573,#574,#575,#576));
#3364=EDGE_LOOP('',(#577,#578,#579,#580));
#3365=EDGE_LOOP('',(#581,#582,#583,#584));
#3366=EDGE_LOOP('',(#585,#586,#587,#588));
#3367=EDGE_LOOP('',(#589,#590,#591,#592));
#3368=EDGE_LOOP('',(#593,#594,#595,#596));
#3369=EDGE_LOOP('',(#597,#598,#599,#600));
#3370=EDGE_LOOP('',(#601,#602,#603,#604));
#3371=EDGE_LOOP('',(#605,#606,#607,#608));
#3372=EDGE_LOOP('',(#609,#610,#611,#612));
#3373=EDGE_LOOP('',(#613,#614,#615,#616));
#3374=EDGE_LOOP('',(#617,#618,#619,#620));
#3375=EDGE_LOOP('',(#621,#622,#623,#624));
#3376=EDGE_LOOP('',(#625,#626,#627,#628));
#3377=EDGE_LOOP('',(#629,#630,#631,#632));
#3378=EDGE_LOOP('',(#633,#634,#635,#636));
#3379=EDGE_LOOP('',(#637,#638,#639,#640));
#3380=EDGE_LOOP('',(#641,#642,#643,#644));
#3381=EDGE_LOOP('',(#645,#646,#647,#648));
#3382=EDGE_LOOP('',(#649,#650,#651,#652));
#3383=EDGE_LOOP('',(#653,#654,#655,#656));
#3384=EDGE_LOOP('',(#657,#658,#659,#660));
#3385=EDGE_LOOP('',(#661,#662,#663,#664));
#3386=EDGE_LOOP('',(#665,#666,#667,#668));
#3387=EDGE_LOOP('',(#669,#670,#671,#672));
#3388=EDGE_LOOP('',(#673,#674,#675,#676));
#3389=EDGE_LOOP('',(#677,#678,#679,#680));
#3390=EDGE_LOOP('',(#681,#682,#683,#684));
#3391=EDGE_LOOP('',(#685,#686,#687,#688));
#3392=EDGE_LOOP('',(#689,#690,#691,#692));
#3393=EDGE_LOOP('',(#693,#694,#695,#696));
#3394=EDGE_LOOP('',(#697,#698,#699,#700));
#3395=EDGE_LOOP('',(#701,#702,#703,#704));
#3396=EDGE_LOOP('',(#705,#706,#707,#708));
#3397=EDGE_LOOP('',(#709,#710,#711,#712));
#3398=EDGE_LOOP('',(#713,#714,#715,#716));
#3399=EDGE_LOOP('',(#717,#718,#719,#720));
#3400=EDGE_LOOP('',(#721,#722,#723,#724));
#3401=EDGE_LOOP('',(#725,#726,#727,#728));
#3402=EDGE_LOOP('',(#729,#730,#731,#732));
#3403=EDGE_LOOP('',(#733,#734,#735,#736));
#3404=EDGE_LOOP('',(#737,#738,#739,#740));
#3405=EDGE_LOOP('',(#741,#742,#743,#744));
#3406=EDGE_LOOP('',(#745,#746,#747,#748));
#3407=EDGE_LOOP('',(#749,#750,#751,#752));
#3408=EDGE_LOOP('',(#753,#754,#755,#756));
#3409=EDGE_LOOP('',(#757,#758,#759,#760));
#3410=EDGE_LOOP('',(#761,#762,#763,#764));
#3411=EDGE_LOOP('',(#765,#766,#767,#768));
#3412=EDGE_LOOP('',(#769,#770,#771,#772));
#3413=EDGE_LOOP('',(#773,#774,#775,#776));
#3414=EDGE_LOOP('',(#777,#778,#779,#780));
#3415=EDGE_LOOP('',(#781,#782,#783,#784));
#3416=EDGE_LOOP('',(#785,#786,#787,#788));
#3417=EDGE_LOOP('',(#789,#790,#791,#792));
#3418=EDGE_LOOP('',(#793,#794,#795,#796));
#3419=EDGE_LOOP('',(#797,#798,#799,#800));
#3420=EDGE_LOOP('',(#801,#802,#803,#804));
#3421=EDGE_LOOP('',(#805,#806,#807,#808));
#3422=EDGE_LOOP('',(#809,#810,#811,#812));
#3423=EDGE_LOOP('',(#813,#814,#815,#816));
#3424=EDGE_LOOP('',(#817,#818,#819,#820));
#3425=EDGE_LOOP('',(#821,#822,#823,#824));
#3426=EDGE_LOOP('',(#825,#826,#827,#828));
#3427=EDGE_LOOP('',(#829,#830,#831,#832));
#3428=EDGE_LOOP('',(#833,#834,#835,#836));
#3429=EDGE_LOOP('',(#837,#838,#839,#840));
#3430=EDGE_LOOP('',(#841,#842,#843,#844));
#3431=EDGE_LOOP('',(#845,#846,#847,#848));
#3432=EDGE_LOOP('',(#849,#850,#851,#852));
#3433=EDGE_LOOP('',(#853,#854,#855,#856));
#3434=EDGE_LOOP('',(#857,#858,#859,#860));
#3435=EDGE_LOOP('',(#861,#862,#863,#864));
#3436=EDGE_LOOP('',(#865,#866,#867,#868));
#3437=EDGE_LOOP('',(#869,#870,#871,#872));
#3438=EDGE_LOOP('',(#873,#874,#875,#876));
#3439=EDGE_LOOP('',(#877,#878,#879,#880));
#3440=EDGE_LOOP('',(#881,#882,#883,#884));
#3441=EDGE_LOOP('',(#885,#886,#887,#888));
#3442=EDGE_LOOP('',(#889,#890,#891,#892));
#3443=EDGE_LOOP('',(#893,#894,#895,#896));
#3444=EDGE_LOOP('',(#897,#898,#899,#900));
#3445=EDGE_LOOP('',(#901,#902,#903,#904));
#3446=EDGE_LOOP('',(#905,#906,#907,#908));
#3447=EDGE_LOOP('',(#909,#910,#911,#912));
#3448=EDGE_LOOP('',(#913,#914,#915,#916));
#3449=EDGE_LOOP('',(#917,#918,#919,#920));
#3450=EDGE_LOOP('',(#921,#922,#923,#924));
#3451=EDGE_LOOP('',(#925,#926,#927,#928));
#3452=EDGE_LOOP('',(#929,#930,#931,#932));
#3453=EDGE_LOOP('',(#933,#934,#935,#936));
#3454=EDGE_LOOP('',(#937,#938,#939,#940));
#3455=EDGE_LOOP('',(#941,#942,#943,#944));
#3456=EDGE_LOOP('',(#945,#946,#947,#948));
#3457=EDGE_LOOP('',(#949,#950,#951,#952));
#3458=EDGE_LOOP('',(#953,#954,#955,#956));
#3459=EDGE_LOOP('',(#957,#958,#959,#960));
#3460=EDGE_LOOP('',(#961,#962,#963,#964));
#3461=EDGE_LOOP('',(#965,#966,#967,#968));
#3462=EDGE_LOOP('',(#969,#970,#971,#972));
#3463=EDGE_LOOP('',(#973,#974,#975,#976));
#3464=EDGE_LOOP('',(#977,#978,#979,#980));
#3465=EDGE_LOOP('',(#981,#982,#983,#984));
#3466=EDGE_LOOP('',(#985,#986,#987,#988));
#3467=EDGE_LOOP('',(#989,#990,#991,#992));
#3468=EDGE_LOOP('',(#993,#994,#995,#996));
#3469=EDGE_LOOP('',(#997,#998,#999,#1000));
#3470=EDGE_LOOP('',(#1001,#1002,#1003,#1004));
#3471=EDGE_LOOP('',(#1005,#1006,#1007,#1008));
#3472=EDGE_LOOP('',(#1009,#1010,#1011,#1012));
#3473=EDGE_LOOP('',(#1013,#1014,#1015,#1016));
#3474=EDGE_LOOP('',(#1017,#1018,#1019,#1020));
#3475=EDGE_LOOP('',(#1021,#1022,#1023,#1024));
#3476=EDGE_LOOP('',(#1025,#1026,#1027,#1028));
#3477=EDGE_LOOP('',(#1029,#1030,#1031,#1032));
#3478=EDGE_LOOP('',(#1033,#1034,#1035,#1036));
#3479=EDGE_LOOP('',(#1037,#1038,#1039,#1040));
#3480=EDGE_LOOP('',(#1041,#1042,#1043,#1044));
#3481=EDGE_LOOP('',(#1045,#1046,#1047,#1048));
#3482=EDGE_LOOP('',(#1049,#1050,#1051,#1052));
#3483=EDGE_LOOP('',(#1053,#1054,#1055,#1056));
#3484=EDGE_LOOP('',(#1057,#1058,#1059,#1060));
#3485=EDGE_LOOP('',(#1061,#1062,#1063,#1064));
#3486=EDGE_LOOP('',(#1065,#1066,#1067,#1068));
#3487=EDGE_LOOP('',(#1069,#1070,#1071,#1072));
#3488=EDGE_LOOP('',(#1073,#1074,#1075,#1076));
#3489=EDGE_LOOP('',(#1077,#1078,#1079,#1080));
#3490=EDGE_LOOP('',(#1081,#1082,#1083,#1084));
#3491=EDGE_LOOP('',(#1085,#1086,#1087,#1088));
#3492=EDGE_LOOP('',(#1089,#1090,#1091,#1092));
#3493=EDGE_LOOP('',(#1093,#1094,#1095,#1096));
#3494=EDGE_LOOP('',(#1097,#1098,#1099,#1100));
#3495=EDGE_LOOP('',(#1101,#1102,#1103,#1104));
#3496=EDGE_LOOP('',(#1105,#1106,#1107,#1108));
#3497=EDGE_LOOP('',(#1109,#1110,#1111,#1112));
#3498=EDGE_LOOP('',(#1113,#1114,#1115,#1116));
#3499=EDGE_LOOP('',(#1117,#1118,#1119,#1120));
#3500=EDGE_LOOP('',(#1121,#1122,#1123,#1124));
#3501=EDGE_LOOP('',(#1125,#1126,#1127,#1128));
#3502=EDGE_LOOP('',(#1129,#1130,#1131,#1132));
#3503=EDGE_LOOP('',(#1133,#1134,#1135,#1136));
#3504=EDGE_LOOP('',(#1137,#1138,#1139,#1140));
#3505=EDGE_LOOP('',(#1141,#1142,#1143,#1144));
#3506=EDGE_LOOP('',(#1145,#1146,#1147,#1148));
#3507=EDGE_LOOP('',(#1149,#1150,#1151,#1152));
#3508=EDGE_LOOP('',(#1153,#1154,#1155,#1156));
#3509=EDGE_LOOP('',(#1157,#1158,#1159,#1160));
#3510=EDGE_LOOP('',(#1161,#1162,#1163,#1164));
#3511=EDGE_LOOP('',(#1165,#1166,#1167,#1168));
#3512=EDGE_LOOP('',(#1169,#1170,#1171,#1172));
#3513=EDGE_LOOP('',(#1173,#1174,#1175,#1176));
#3514=EDGE_LOOP('',(#1177,#1178,#1179,#1180));
#3515=EDGE_LOOP('',(#1181,#1182,#1183,#1184));
#3516=EDGE_LOOP('',(#1185,#1186,#1187,#1188));
#3517=EDGE_LOOP('',(#1189,#1190,#1191,#1192));
#3518=EDGE_LOOP('',(#1193,#1194,#1195,#1196));
#3519=EDGE_LOOP('',(#1197,#1198,#1199,#1200));
#3520=EDGE_LOOP('',(#1201,#1202,#1203,#1204));
#3521=EDGE_LOOP('',(#1205,#1206,#1207,#1208));
#3522=EDGE_LOOP('',(#1209,#1210,#1211,#1212));
#3523=EDGE_LOOP('',(#1213,#1214,#1215,#1216));
#3524=EDGE_LOOP('',(#1217,#1218,#1219,#1220));
#3525=EDGE_LOOP('',(#1221,#1222,#1223,#1224));
#3526=EDGE_LOOP('',(#1225,#1226,#1227,#1228));
#3527=EDGE_LOOP('',(#1229,#1230,#1231,#1232));
#3528=EDGE_LOOP('',(#1233,#1234,#1235,#1236));
#3529=EDGE_LOOP('',(#1237,#1238,#1239,#1240));
#3530=EDGE_LOOP('',(#1241,#1242,#1243,#1244));
#3531=EDGE_LOOP('',(#1245,#1246,#1247,#1248));
#3532=EDGE_LOOP('',(#1249,#1250,#1251,#1252));
#3533=EDGE_LOOP('',(#1253,#1254,#1255,#1256));
#3534=EDGE_LOOP('',(#1257,#1258,#1259,#1260));
#3535=EDGE_LOOP('',(#1261,#1262,#1263,#1264));
#3536=EDGE_LOOP('',(#1265,#1266,#1267,#1268));
#3537=EDGE_LOOP('',(#1269,#1270,#1271,#1272));
#3538=EDGE_LOOP('',(#1273,#1274,#1275,#1276));
#3539=EDGE_LOOP('',(#1277,#1278,#1279,#1280));
#3540=EDGE_LOOP('',(#1281,#1282,#1283,#1284));
#3541=EDGE_LOOP('',(#1285,#1286,#1287,#1288));
#3542=EDGE_LOOP('',(#1289,#1290,#1291,#1292));
#3543=EDGE_LOOP('',(#1293,#1294,#1295,#1296));
#3544=EDGE_LOOP('',(#1297,#1298,#1299,#1300));
#3545=EDGE_LOOP('',(#1301,#1302,#1303,#1304));
#3546=EDGE_LOOP('',(#1305,#1306,#1307,#1308));
#3547=EDGE_LOOP('',(#1309,#1310,#1311,#1312));
#3548=EDGE_LOOP('',(#1313,#1314,#1315,#1316));
#3549=EDGE_LOOP('',(#1317,#1318,#1319,#1320));
#3550=EDGE_LOOP('',(#1321,#1322,#1323,#1324));
#3551=EDGE_LOOP('',(#1325,#1326,#1327,#1328));
#3552=EDGE_LOOP('',(#1329,#1330,#1331,#1332));
#3553=EDGE_LOOP('',(#1333,#1334,#1335,#1336));
#3554=EDGE_LOOP('',(#1337,#1338,#1339,#1340));
#3555=EDGE_LOOP('',(#1341,#1342,#1343,#1344));
#3556=EDGE_LOOP('',(#1345,#1346,#1347,#1348,#1349,#1350,#1351,#1352,#1353,
#1354,#1355,#1356,#1357,#1358,#1359,#1360,#1361,#1362,#1363,#1364,#1365,
#1366,#1367,#1368,#1369,#1370,#1371,#1372,#1373,#1374,#1375,#1376,#1377,
#1378,#1379,#1380,#1381,#1382,#1383,#1384,#1385,#1386,#1387,#1388,#1389,
#1390,#1391,#1392,#1393,#1394,#1395,#1396,#1397,#1398,#1399,#1400,#1401,
#1402,#1403,#1404,#1405,#1406,#1407,#1408,#1409,#1410,#1411,#1412,#1413,
#1414,#1415,#1416,#1417,#1418,#1419,#1420,#1421,#1422,#1423,#1424,#1425,
#1426,#1427,#1428,#1429,#1430,#1431,#1432,#1433,#1434,#1435,#1436,#1437,
#1438,#1439,#1440,#1441,#1442,#1443,#1444,#1445,#1446,#1447,#1448,#1449,
#1450,#1451,#1452,#1453,#1454,#1455,#1456,#1457,#1458,#1459,#1460,#1461,
#1462,#1463,#1464,#1465,#1466,#1467,#1468,#1469,#1470,#1471,#1472,#1473,
#1474,#1475,#1476,#1477,#1478,#1479,#1480,#1481,#1482,#1483,#1484,#1485,
#1486,#1487,#1488,#1489,#1490,#1491,#1492,#1493,#1494,#1495,#1496,#1497,
#1498,#1499,#1500,#1501,#1502,#1503,#1504,#1505,#1506,#1507,#1508,#1509,
#1510,#1511,#1512,#1513,#1514,#1515,#1516,#1517,#1518,#1519,#1520,#1521,
#1522,#1523,#1524,#1525,#1526,#1527,#1528,#1529,#1530,#1531,#1532,#1533,
#1534,#1535,#1536,#1537,#1538,#1539,#1540,#1541,#1542,#1543,#1544,#1545,
#1546,#1547,#1548,#1549,#1550,#1551,#1552,#1553,#1554,#1555,#1556,#1557,
#1558,#1559,#1560));
#3557=EDGE_LOOP('',(#1561,#1562,#1563,#1564));
#3558=EDGE_LOOP('',(#1565,#1566,#1567,#1568));
#3559=EDGE_LOOP('',(#1569,#1570,#1571,#1572));
#3560=EDGE_LOOP('',(#1573,#1574,#1575,#1576));
#3561=EDGE_LOOP('',(#1577,#1578,#1579,#1580));
#3562=EDGE_LOOP('',(#1581));
#3563=EDGE_LOOP('',(#1582));
#3564=EDGE_LOOP('',(#1583,#1584,#1585,#1586,#1587,#1588,#1589,#1590,#1591,
#1592,#1593,#1594,#1595,#1596,#1597,#1598,#1599,#1600,#1601,#1602,#1603,
#1604,#1605,#1606,#1607,#1608,#1609,#1610,#1611,#1612,#1613,#1614,#1615,
#1616,#1617,#1618,#1619,#1620,#1621,#1622,#1623,#1624,#1625,#1626,#1627,
#1628,#1629,#1630,#1631,#1632,#1633,#1634,#1635,#1636,#1637,#1638,#1639,
#1640,#1641,#1642,#1643,#1644,#1645,#1646,#1647,#1648,#1649,#1650,#1651,
#1652,#1653,#1654,#1655,#1656,#1657,#1658,#1659,#1660,#1661,#1662,#1663,
#1664,#1665,#1666,#1667,#1668,#1669,#1670,#1671,#1672,#1673,#1674,#1675,
#1676,#1677,#1678,#1679,#1680,#1681,#1682,#1683,#1684,#1685,#1686,#1687,
#1688,#1689,#1690,#1691,#1692,#1693,#1694,#1695,#1696,#1697,#1698,#1699,
#1700,#1701,#1702,#1703,#1704,#1705,#1706,#1707,#1708,#1709,#1710,#1711,
#1712,#1713,#1714,#1715,#1716,#1717,#1718,#1719,#1720,#1721,#1722,#1723,
#1724,#1725,#1726,#1727,#1728,#1729,#1730,#1731,#1732,#1733,#1734,#1735,
#1736,#1737,#1738,#1739,#1740,#1741,#1742,#1743,#1744,#1745,#1746,#1747,
#1748,#1749,#1750,#1751,#1752,#1753,#1754,#1755,#1756,#1757,#1758,#1759,
#1760,#1761,#1762,#1763,#1764,#1765,#1766,#1767,#1768,#1769,#1770,#1771,
#1772,#1773,#1774,#1775,#1776,#1777,#1778,#1779,#1780,#1781,#1782,#1783,
#1784,#1785,#1786,#1787,#1788,#1789,#1790,#1791,#1792,#1793,#1794,#1795,
#1796,#1797,#1798));
#3565=FACE_BOUND('',#3337,.T.);
#3566=FACE_BOUND('',#3338,.T.);
#3567=FACE_BOUND('',#3339,.T.);
#3568=FACE_BOUND('',#3340,.T.);
#3569=FACE_BOUND('',#3341,.T.);
#3570=FACE_BOUND('',#3342,.T.);
#3571=FACE_BOUND('',#3343,.T.);
#3572=FACE_BOUND('',#3344,.T.);
#3573=FACE_BOUND('',#3345,.T.);
#3574=FACE_BOUND('',#3346,.T.);
#3575=FACE_BOUND('',#3347,.T.);
#3576=FACE_BOUND('',#3348,.T.);
#3577=FACE_BOUND('',#3349,.T.);
#3578=FACE_BOUND('',#3350,.T.);
#3579=FACE_BOUND('',#3351,.T.);
#3580=FACE_BOUND('',#3352,.T.);
#3581=FACE_BOUND('',#3353,.T.);
#3582=FACE_BOUND('',#3354,.T.);
#3583=FACE_BOUND('',#3355,.T.);
#3584=FACE_BOUND('',#3356,.T.);
#3585=FACE_BOUND('',#3357,.T.);
#3586=FACE_BOUND('',#3358,.T.);
#3587=FACE_BOUND('',#3359,.T.);
#3588=FACE_BOUND('',#3360,.T.);
#3589=FACE_BOUND('',#3361,.T.);
#3590=FACE_BOUND('',#3362,.T.);
#3591=FACE_BOUND('',#3363,.T.);
#3592=FACE_BOUND('',#3364,.T.);
#3593=FACE_BOUND('',#3365,.T.);
#3594=FACE_BOUND('',#3366,.T.);
#3595=FACE_BOUND('',#3367,.T.);
#3596=FACE_BOUND('',#3368,.T.);
#3597=FACE_BOUND('',#3369,.T.);
#3598=FACE_BOUND('',#3370,.T.);
#3599=FACE_BOUND('',#3371,.T.);
#3600=FACE_BOUND('',#3372,.T.);
#3601=FACE_BOUND('',#3373,.T.);
#3602=FACE_BOUND('',#3374,.T.);
#3603=FACE_BOUND('',#3375,.T.);
#3604=FACE_BOUND('',#3376,.T.);
#3605=FACE_BOUND('',#3377,.T.);
#3606=FACE_BOUND('',#3378,.T.);
#3607=FACE_BOUND('',#3379,.T.);
#3608=FACE_BOUND('',#3380,.T.);
#3609=FACE_BOUND('',#3381,.T.);
#3610=FACE_BOUND('',#3382,.T.);
#3611=FACE_BOUND('',#3383,.T.);
#3612=FACE_BOUND('',#3384,.T.);
#3613=FACE_BOUND('',#3385,.T.);
#3614=FACE_BOUND('',#3386,.T.);
#3615=FACE_BOUND('',#3387,.T.);
#3616=FACE_BOUND('',#3388,.T.);
#3617=FACE_BOUND('',#3389,.T.);
#3618=FACE_BOUND('',#3390,.T.);
#3619=FACE_BOUND('',#3391,.T.);
#3620=FACE_BOUND('',#3392,.T.);
#3621=FACE_BOUND('',#3393,.T.);
#3622=FACE_BOUND('',#3394,.T.);
#3623=FACE_BOUND('',#3395,.T.);
#3624=FACE_BOUND('',#3396,.T.);
#3625=FACE_BOUND('',#3397,.T.);
#3626=FACE_BOUND('',#3398,.T.);
#3627=FACE_BOUND('',#3399,.T.);
#3628=FACE_BOUND('',#3400,.T.);
#3629=FACE_BOUND('',#3401,.T.);
#3630=FACE_BOUND('',#3402,.T.);
#3631=FACE_BOUND('',#3403,.T.);
#3632=FACE_BOUND('',#3404,.T.);
#3633=FACE_BOUND('',#3405,.T.);
#3634=FACE_BOUND('',#3406,.T.);
#3635=FACE_BOUND('',#3407,.T.);
#3636=FACE_BOUND('',#3408,.T.);
#3637=FACE_BOUND('',#3409,.T.);
#3638=FACE_BOUND('',#3410,.T.);
#3639=FACE_BOUND('',#3411,.T.);
#3640=FACE_BOUND('',#3412,.T.);
#3641=FACE_BOUND('',#3413,.T.);
#3642=FACE_BOUND('',#3414,.T.);
#3643=FACE_BOUND('',#3415,.T.);
#3644=FACE_BOUND('',#3416,.T.);
#3645=FACE_BOUND('',#3417,.T.);
#3646=FACE_BOUND('',#3418,.T.);
#3647=FACE_BOUND('',#3419,.T.);
#3648=FACE_BOUND('',#3420,.T.);
#3649=FACE_BOUND('',#3421,.T.);
#3650=FACE_BOUND('',#3422,.T.);
#3651=FACE_BOUND('',#3423,.T.);
#3652=FACE_BOUND('',#3424,.T.);
#3653=FACE_BOUND('',#3425,.T.);
#3654=FACE_BOUND('',#3426,.T.);
#3655=FACE_BOUND('',#3427,.T.);
#3656=FACE_BOUND('',#3428,.T.);
#3657=FACE_BOUND('',#3429,.T.);
#3658=FACE_BOUND('',#3430,.T.);
#3659=FACE_BOUND('',#3431,.T.);
#3660=FACE_BOUND('',#3432,.T.);
#3661=FACE_BOUND('',#3433,.T.);
#3662=FACE_BOUND('',#3434,.T.);
#3663=FACE_BOUND('',#3435,.T.);
#3664=FACE_BOUND('',#3436,.T.);
#3665=FACE_BOUND('',#3437,.T.);
#3666=FACE_BOUND('',#3438,.T.);
#3667=FACE_BOUND('',#3439,.T.);
#3668=FACE_BOUND('',#3440,.T.);
#3669=FACE_BOUND('',#3441,.T.);
#3670=FACE_BOUND('',#3442,.T.);
#3671=FACE_BOUND('',#3443,.T.);
#3672=FACE_BOUND('',#3444,.T.);
#3673=FACE_BOUND('',#3445,.T.);
#3674=FACE_BOUND('',#3446,.T.);
#3675=FACE_BOUND('',#3447,.T.);
#3676=FACE_BOUND('',#3448,.T.);
#3677=FACE_BOUND('',#3449,.T.);
#3678=FACE_BOUND('',#3450,.T.);
#3679=FACE_BOUND('',#3451,.T.);
#3680=FACE_BOUND('',#3452,.T.);
#3681=FACE_BOUND('',#3453,.T.);
#3682=FACE_BOUND('',#3454,.T.);
#3683=FACE_BOUND('',#3455,.T.);
#3684=FACE_BOUND('',#3456,.T.);
#3685=FACE_BOUND('',#3457,.T.);
#3686=FACE_BOUND('',#3458,.T.);
#3687=FACE_BOUND('',#3459,.T.);
#3688=FACE_BOUND('',#3460,.T.);
#3689=FACE_BOUND('',#3461,.T.);
#3690=FACE_BOUND('',#3462,.T.);
#3691=FACE_BOUND('',#3463,.T.);
#3692=FACE_BOUND('',#3464,.T.);
#3693=FACE_BOUND('',#3465,.T.);
#3694=FACE_BOUND('',#3466,.T.);
#3695=FACE_BOUND('',#3467,.T.);
#3696=FACE_BOUND('',#3468,.T.);
#3697=FACE_BOUND('',#3469,.T.);
#3698=FACE_BOUND('',#3470,.T.);
#3699=FACE_BOUND('',#3471,.T.);
#3700=FACE_BOUND('',#3472,.T.);
#3701=FACE_BOUND('',#3473,.T.);
#3702=FACE_BOUND('',#3474,.T.);
#3703=FACE_BOUND('',#3475,.T.);
#3704=FACE_BOUND('',#3476,.T.);
#3705=FACE_BOUND('',#3477,.T.);
#3706=FACE_BOUND('',#3478,.T.);
#3707=FACE_BOUND('',#3479,.T.);
#3708=FACE_BOUND('',#3480,.T.);
#3709=FACE_BOUND('',#3481,.T.);
#3710=FACE_BOUND('',#3482,.T.);
#3711=FACE_BOUND('',#3483,.T.);
#3712=FACE_BOUND('',#3484,.T.);
#3713=FACE_BOUND('',#3485,.T.);
#3714=FACE_BOUND('',#3486,.T.);
#3715=FACE_BOUND('',#3487,.T.);
#3716=FACE_BOUND('',#3488,.T.);
#3717=FACE_BOUND('',#3489,.T.);
#3718=FACE_BOUND('',#3490,.T.);
#3719=FACE_BOUND('',#3491,.T.);
#3720=FACE_BOUND('',#3492,.T.);
#3721=FACE_BOUND('',#3493,.T.);
#3722=FACE_BOUND('',#3494,.T.);
#3723=FACE_BOUND('',#3495,.T.);
#3724=FACE_BOUND('',#3496,.T.);
#3725=FACE_BOUND('',#3497,.T.);
#3726=FACE_BOUND('',#3498,.T.);
#3727=FACE_BOUND('',#3499,.T.);
#3728=FACE_BOUND('',#3500,.T.);
#3729=FACE_BOUND('',#3501,.T.);
#3730=FACE_BOUND('',#3502,.T.);
#3731=FACE_BOUND('',#3503,.T.);
#3732=FACE_BOUND('',#3504,.T.);
#3733=FACE_BOUND('',#3505,.T.);
#3734=FACE_BOUND('',#3506,.T.);
#3735=FACE_BOUND('',#3507,.T.);
#3736=FACE_BOUND('',#3508,.T.);
#3737=FACE_BOUND('',#3509,.T.);
#3738=FACE_BOUND('',#3510,.T.);
#3739=FACE_BOUND('',#3511,.T.);
#3740=FACE_BOUND('',#3512,.T.);
#3741=FACE_BOUND('',#3513,.T.);
#3742=FACE_BOUND('',#3514,.T.);
#3743=FACE_BOUND('',#3515,.T.);
#3744=FACE_BOUND('',#3516,.T.);
#3745=FACE_BOUND('',#3517,.T.);
#3746=FACE_BOUND('',#3518,.T.);
#3747=FACE_BOUND('',#3519,.T.);
#3748=FACE_BOUND('',#3520,.T.);
#3749=FACE_BOUND('',#3521,.T.);
#3750=FACE_BOUND('',#3522,.T.);
#3751=FACE_BOUND('',#3523,.T.);
#3752=FACE_BOUND('',#3524,.T.);
#3753=FACE_BOUND('',#3525,.T.);
#3754=FACE_BOUND('',#3526,.T.);
#3755=FACE_BOUND('',#3527,.T.);
#3756=FACE_BOUND('',#3528,.T.);
#3757=FACE_BOUND('',#3529,.T.);
#3758=FACE_BOUND('',#3530,.T.);
#3759=FACE_BOUND('',#3531,.T.);
#3760=FACE_BOUND('',#3532,.T.);
#3761=FACE_BOUND('',#3533,.T.);
#3762=FACE_BOUND('',#3534,.T.);
#3763=FACE_BOUND('',#3535,.T.);
#3764=FACE_BOUND('',#3536,.T.);
#3765=FACE_BOUND('',#3537,.T.);
#3766=FACE_BOUND('',#3538,.T.);
#3767=FACE_BOUND('',#3539,.T.);
#3768=FACE_BOUND('',#3540,.T.);
#3769=FACE_BOUND('',#3541,.T.);
#3770=FACE_BOUND('',#3542,.T.);
#3771=FACE_BOUND('',#3543,.T.);
#3772=FACE_BOUND('',#3544,.T.);
#3773=FACE_BOUND('',#3545,.T.);
#3774=FACE_BOUND('',#3546,.T.);
#3775=FACE_BOUND('',#3547,.T.);
#3776=FACE_BOUND('',#3548,.T.);
#3777=FACE_BOUND('',#3549,.T.);
#3778=FACE_BOUND('',#3550,.T.);
#3779=FACE_BOUND('',#3551,.T.);
#3780=FACE_BOUND('',#3552,.T.);
#3781=FACE_BOUND('',#3553,.T.);
#3782=FACE_BOUND('',#3554,.T.);
#3783=FACE_BOUND('',#3555,.T.);
#3784=FACE_BOUND('',#3556,.T.);
#3785=FACE_BOUND('',#3557,.T.);
#3786=FACE_BOUND('',#3558,.T.);
#3787=FACE_BOUND('',#3559,.T.);
#3788=FACE_BOUND('',#3560,.T.);
#3789=FACE_BOUND('',#3561,.T.);
#3790=FACE_BOUND('',#3562,.T.);
#3791=FACE_BOUND('',#3563,.T.);
#3792=FACE_BOUND('',#3564,.T.);
#3793=CYLINDRICAL_SURFACE('',#4247,0.004);
#3794=CYLINDRICAL_SURFACE('',#4250,0.000999999999999887);
#3795=CYLINDRICAL_SURFACE('',#4253,0.000149999999999995);
#3796=CYLINDRICAL_SURFACE('',#4256,0.0112051559026238);
#3797=CYLINDRICAL_SURFACE('',#4259,0.000150000000000003);
#3798=CYLINDRICAL_SURFACE('',#4262,0.00100000000000008);
#3799=CYLINDRICAL_SURFACE('',#4265,0.000555);
#3800=CYLINDRICAL_SURFACE('',#4268,0.000999999999999909);
#3801=CYLINDRICAL_SURFACE('',#4271,0.000149999999999999);
#3802=CYLINDRICAL_SURFACE('',#4274,0.0112051559026293);
#3803=CYLINDRICAL_SURFACE('',#4277,0.000150000000000007);
#3804=CYLINDRICAL_SURFACE('',#4280,0.00100000000000008);
#3805=CYLINDRICAL_SURFACE('',#4283,0.000555);
#3806=CYLINDRICAL_SURFACE('',#4286,0.000999999999999847);
#3807=CYLINDRICAL_SURFACE('',#4289,0.00015);
#3808=CYLINDRICAL_SURFACE('',#4292,0.0112051559026253);
#3809=CYLINDRICAL_SURFACE('',#4295,0.000150000000000003);
#3810=CYLINDRICAL_SURFACE('',#4298,0.00100000000000007);
#3811=CYLINDRICAL_SURFACE('',#4301,0.000555);
#3812=CYLINDRICAL_SURFACE('',#4304,0.000999999999999883);
#3813=CYLINDRICAL_SURFACE('',#4307,0.000150000000000004);
#3814=CYLINDRICAL_SURFACE('',#4310,0.011205155902621);
#3815=CYLINDRICAL_SURFACE('',#4313,0.000150000000000007);
#3816=CYLINDRICAL_SURFACE('',#4316,0.00100000000000011);
#3817=CYLINDRICAL_SURFACE('',#4319,0.000555);
#3818=CYLINDRICAL_SURFACE('',#4322,0.000999999999999902);
#3819=CYLINDRICAL_SURFACE('',#4325,0.000150000000000003);
#3820=CYLINDRICAL_SURFACE('',#4328,0.0112051559026273);
#3821=CYLINDRICAL_SURFACE('',#4331,0.000150000000000004);
#3822=CYLINDRICAL_SURFACE('',#4334,0.00100000000000021);
#3823=CYLINDRICAL_SURFACE('',#4337,0.000555);
#3824=CYLINDRICAL_SURFACE('',#4340,0.000999999999999879);
#3825=CYLINDRICAL_SURFACE('',#4343,0.00015);
#3826=CYLINDRICAL_SURFACE('',#4346,0.01120515590263);
#3827=CYLINDRICAL_SURFACE('',#4349,0.000150000000000003);
#3828=CYLINDRICAL_SURFACE('',#4352,0.00100000000000005);
#3829=CYLINDRICAL_SURFACE('',#4355,0.000555);
#3830=CYLINDRICAL_SURFACE('',#4358,0.000999999999999941);
#3831=CYLINDRICAL_SURFACE('',#4361,0.000150000000000003);
#3832=CYLINDRICAL_SURFACE('',#4364,0.01120515590263);
#3833=CYLINDRICAL_SURFACE('',#4367,0.000150000000000003);
#3834=CYLINDRICAL_SURFACE('',#4370,0.00100000000000009);
#3835=CYLINDRICAL_SURFACE('',#4373,0.000555);
#3836=CYLINDRICAL_SURFACE('',#4376,0.000999999999999882);
#3837=CYLINDRICAL_SURFACE('',#4379,0.00015);
#3838=CYLINDRICAL_SURFACE('',#4382,0.0112051559026266);
#3839=CYLINDRICAL_SURFACE('',#4385,0.000150000000000004);
#3840=CYLINDRICAL_SURFACE('',#4388,0.00100000000000011);
#3841=CYLINDRICAL_SURFACE('',#4391,0.000555);
#3842=CYLINDRICAL_SURFACE('',#4394,0.000999999999999869);
#3843=CYLINDRICAL_SURFACE('',#4397,0.00015);
#3844=CYLINDRICAL_SURFACE('',#4400,0.0112051559026266);
#3845=CYLINDRICAL_SURFACE('',#4403,0.000150000000000004);
#3846=CYLINDRICAL_SURFACE('',#4406,0.00100000000000014);
#3847=CYLINDRICAL_SURFACE('',#4409,0.000555);
#3848=CYLINDRICAL_SURFACE('',#4412,0.000999999999999894);
#3849=CYLINDRICAL_SURFACE('',#4415,0.000149999999999993);
#3850=CYLINDRICAL_SURFACE('',#4418,0.0112051559026239);
#3851=CYLINDRICAL_SURFACE('',#4421,0.000150000000000006);
#3852=CYLINDRICAL_SURFACE('',#4424,0.00100000000000013);
#3853=CYLINDRICAL_SURFACE('',#4427,0.000555);
#3854=CYLINDRICAL_SURFACE('',#4430,0.000999999999999967);
#3855=CYLINDRICAL_SURFACE('',#4433,0.000149999999999997);
#3856=CYLINDRICAL_SURFACE('',#4436,0.0112051559026227);
#3857=CYLINDRICAL_SURFACE('',#4439,0.000150000000000005);
#3858=CYLINDRICAL_SURFACE('',#4442,0.00100000000000005);
#3859=CYLINDRICAL_SURFACE('',#4445,0.000555);
#3860=CYLINDRICAL_SURFACE('',#4448,0.000999999999999935);
#3861=CYLINDRICAL_SURFACE('',#4451,0.000149999999999997);
#3862=CYLINDRICAL_SURFACE('',#4454,0.01120515590263);
#3863=CYLINDRICAL_SURFACE('',#4457,0.00015);
#3864=CYLINDRICAL_SURFACE('',#4460,0.00100000000000005);
#3865=CYLINDRICAL_SURFACE('',#4463,0.000555);
#3866=CYLINDRICAL_SURFACE('',#4466,0.000999999999999747);
#3867=CYLINDRICAL_SURFACE('',#4469,0.00015);
#3868=CYLINDRICAL_SURFACE('',#4472,0.0112051559026221);
#3869=CYLINDRICAL_SURFACE('',#4475,0.00015);
#3870=CYLINDRICAL_SURFACE('',#4478,0.00100000000000006);
#3871=CYLINDRICAL_SURFACE('',#4481,0.000555);
#3872=CYLINDRICAL_SURFACE('',#4484,0.000999999999999877);
#3873=CYLINDRICAL_SURFACE('',#4487,0.00015);
#3874=CYLINDRICAL_SURFACE('',#4490,0.0112051559026265);
#3875=CYLINDRICAL_SURFACE('',#4493,0.000149999999999998);
#3876=CYLINDRICAL_SURFACE('',#4496,0.00100000000000002);
#3877=CYLINDRICAL_SURFACE('',#4499,0.000555);
#3878=CYLINDRICAL_SURFACE('',#4502,0.000999999999999849);
#3879=CYLINDRICAL_SURFACE('',#4505,0.000150000000000003);
#3880=CYLINDRICAL_SURFACE('',#4508,0.0112051559026299);
#3881=CYLINDRICAL_SURFACE('',#4511,0.000150000000000002);
#3882=CYLINDRICAL_SURFACE('',#4514,0.00100000000000011);
#3883=CYLINDRICAL_SURFACE('',#4517,0.000555);
#3884=CYLINDRICAL_SURFACE('',#4520,0.000999999999999846);
#3885=CYLINDRICAL_SURFACE('',#4523,0.00015);
#3886=CYLINDRICAL_SURFACE('',#4526,0.0112051559026203);
#3887=CYLINDRICAL_SURFACE('',#4529,0.000150000000000003);
#3888=CYLINDRICAL_SURFACE('',#4532,0.00100000000000007);
#3889=CYLINDRICAL_SURFACE('',#4535,0.000555);
#3890=CYLINDRICAL_SURFACE('',#4538,0.000999999999999882);
#3891=CYLINDRICAL_SURFACE('',#4541,0.00015);
#3892=CYLINDRICAL_SURFACE('',#4544,0.0112051559026266);
#3893=CYLINDRICAL_SURFACE('',#4547,0.000150000000000004);
#3894=CYLINDRICAL_SURFACE('',#4550,0.00100000000000011);
#3895=CYLINDRICAL_SURFACE('',#4553,0.000555);
#3896=CYLINDRICAL_SURFACE('',#4556,0.000999999999999795);
#3897=CYLINDRICAL_SURFACE('',#4559,0.000150000000000006);
#3898=CYLINDRICAL_SURFACE('',#4562,0.0112051559026234);
#3899=CYLINDRICAL_SURFACE('',#4565,0.000150000000000004);
#3900=CYLINDRICAL_SURFACE('',#4568,0.00100000000000009);
#3901=CYLINDRICAL_SURFACE('',#4571,0.000555);
#3902=CYLINDRICAL_SURFACE('',#4574,0.000999999999999877);
#3903=CYLINDRICAL_SURFACE('',#4577,0.00015);
#3904=CYLINDRICAL_SURFACE('',#4580,0.0112051559026267);
#3905=CYLINDRICAL_SURFACE('',#4583,0.000150000000000005);
#3906=CYLINDRICAL_SURFACE('',#4586,0.00100000000000007);
#3907=CYLINDRICAL_SURFACE('',#4589,0.000555);
#3908=CYLINDRICAL_SURFACE('',#4592,0.000999999999999967);
#3909=CYLINDRICAL_SURFACE('',#4595,0.000150000000000004);
#3910=CYLINDRICAL_SURFACE('',#4598,0.0112051559026299);
#3911=CYLINDRICAL_SURFACE('',#4601,0.000150000000000005);
#3912=CYLINDRICAL_SURFACE('',#4604,0.00100000000000011);
#3913=CYLINDRICAL_SURFACE('',#4607,0.000555);
#3914=CYLINDRICAL_SURFACE('',#4610,0.00099999999999996);
#3915=CYLINDRICAL_SURFACE('',#4613,0.000150000000000007);
#3916=CYLINDRICAL_SURFACE('',#4616,0.0112051559026283);
#3917=CYLINDRICAL_SURFACE('',#4619,0.000150000000000004);
#3918=CYLINDRICAL_SURFACE('',#4622,0.00100000000000007);
#3919=CYLINDRICAL_SURFACE('',#4625,0.000555);
#3920=CYLINDRICAL_SURFACE('',#4628,0.000999999999999846);
#3921=CYLINDRICAL_SURFACE('',#4631,0.000150000000000004);
#3922=CYLINDRICAL_SURFACE('',#4634,0.0112051559026245);
#3923=CYLINDRICAL_SURFACE('',#4637,0.000150000000000003);
#3924=CYLINDRICAL_SURFACE('',#4640,0.00100000000000005);
#3925=CYLINDRICAL_SURFACE('',#4643,0.000555);
#3926=CYLINDRICAL_SURFACE('',#4646,0.000999999999999877);
#3927=CYLINDRICAL_SURFACE('',#4649,0.00015);
#3928=CYLINDRICAL_SURFACE('',#4652,0.0112051559026265);
#3929=CYLINDRICAL_SURFACE('',#4655,0.000149999999999998);
#3930=CYLINDRICAL_SURFACE('',#4658,0.00100000000000002);
#3931=CYLINDRICAL_SURFACE('',#4661,0.000555);
#3932=CYLINDRICAL_SURFACE('',#4664,0.000999999999999878);
#3933=CYLINDRICAL_SURFACE('',#4667,0.000149999999999997);
#3934=CYLINDRICAL_SURFACE('',#4670,0.01120515590263);
#3935=CYLINDRICAL_SURFACE('',#4673,0.00015);
#3936=CYLINDRICAL_SURFACE('',#4676,0.00100000000000006);
#3937=CYLINDRICAL_SURFACE('',#4679,0.000555);
#3938=CYLINDRICAL_SURFACE('',#4682,0.00099999999999994);
#3939=CYLINDRICAL_SURFACE('',#4685,0.00015);
#3940=CYLINDRICAL_SURFACE('',#4688,0.01120515590263);
#3941=CYLINDRICAL_SURFACE('',#4691,0.00015);
#3942=CYLINDRICAL_SURFACE('',#4694,0.00100000000000012);
#3943=CYLINDRICAL_SURFACE('',#4697,0.000555);
#3944=CYLINDRICAL_SURFACE('',#4700,0.000999999999999843);
#3945=CYLINDRICAL_SURFACE('',#4703,0.00015);
#3946=CYLINDRICAL_SURFACE('',#4706,0.0112051559026266);
#3947=CYLINDRICAL_SURFACE('',#4709,0.000150000000000004);
#3948=CYLINDRICAL_SURFACE('',#4712,0.00100000000000011);
#3949=CYLINDRICAL_SURFACE('',#4715,0.000555);
#3950=CYLINDRICAL_SURFACE('',#4718,0.000999999999999882);
#3951=CYLINDRICAL_SURFACE('',#4721,0.00015);
#3952=CYLINDRICAL_SURFACE('',#4724,0.0112051559026266);
#3953=CYLINDRICAL_SURFACE('',#4727,0.00015);
#3954=CYLINDRICAL_SURFACE('',#4730,0.00100000000000014);
#3955=CYLINDRICAL_SURFACE('',#4733,0.000555);
#3956=CYLINDRICAL_SURFACE('',#4736,0.000999999999999857);
#3957=CYLINDRICAL_SURFACE('',#4739,0.00015);
#3958=CYLINDRICAL_SURFACE('',#4742,0.0112051559026267);
#3959=CYLINDRICAL_SURFACE('',#4745,0.000150000000000005);
#3960=CYLINDRICAL_SURFACE('',#4748,0.00100000000000011);
#3961=CYLINDRICAL_SURFACE('',#4751,0.000555);
#3962=CYLINDRICAL_SURFACE('',#4754,0.000999999999999909);
#3963=CYLINDRICAL_SURFACE('',#4757,0.000150000000000002);
#3964=CYLINDRICAL_SURFACE('',#4760,0.0112051559026299);
#3965=CYLINDRICAL_SURFACE('',#4763,0.000150000000000005);
#3966=CYLINDRICAL_SURFACE('',#4766,0.00100000000000008);
#3967=CYLINDRICAL_SURFACE('',#4769,0.000555);
#3968=CYLINDRICAL_SURFACE('',#4772,0.000999999999999847);
#3969=CYLINDRICAL_SURFACE('',#4775,0.00015);
#3970=CYLINDRICAL_SURFACE('',#4778,0.0112051559026253);
#3971=CYLINDRICAL_SURFACE('',#4781,0.000150000000000003);
#3972=CYLINDRICAL_SURFACE('',#4784,0.00100000000000007);
#3973=CYLINDRICAL_SURFACE('',#4787,0.000555);
#3974=CYLINDRICAL_SURFACE('',#4790,0.000999999999999883);
#3975=CYLINDRICAL_SURFACE('',#4793,0.00015);
#3976=CYLINDRICAL_SURFACE('',#4796,0.0112051559026188);
#3977=CYLINDRICAL_SURFACE('',#4799,0.000150000000000005);
#3978=CYLINDRICAL_SURFACE('',#4802,0.00100000000000007);
#3979=CYLINDRICAL_SURFACE('',#4805,0.000555);
#3980=CYLINDRICAL_SURFACE('',#4808,0.000999999999999902);
#3981=CYLINDRICAL_SURFACE('',#4811,0.000150000000000003);
#3982=CYLINDRICAL_SURFACE('',#4814,0.0112051559026273);
#3983=CYLINDRICAL_SURFACE('',#4817,0.000150000000000004);
#3984=CYLINDRICAL_SURFACE('',#4820,0.00100000000000021);
#3985=CYLINDRICAL_SURFACE('',#4823,0.000555);
#3986=CYLINDRICAL_SURFACE('',#4826,0.000999999999999902);
#3987=CYLINDRICAL_SURFACE('',#4829,0.000149999999999997);
#3988=CYLINDRICAL_SURFACE('',#4832,0.0112051559026227);
#3989=CYLINDRICAL_SURFACE('',#4835,0.000150000000000003);
#3990=CYLINDRICAL_SURFACE('',#4838,0.00100000000000006);
#3991=CYLINDRICAL_SURFACE('',#4841,0.000555);
#3992=CYLINDRICAL_SURFACE('',#4844,0.00099999999999994);
#3993=CYLINDRICAL_SURFACE('',#4847,0.000150000000000003);
#3994=CYLINDRICAL_SURFACE('',#4850,0.01120515590263);
#3995=CYLINDRICAL_SURFACE('',#4853,0.000150000000000003);
#3996=CYLINDRICAL_SURFACE('',#4856,0.00100000000000012);
#3997=CYLINDRICAL_SURFACE('',#4859,0.000555);
#3998=CYLINDRICAL_SURFACE('',#4862,0.000999999999999876);
#3999=CYLINDRICAL_SURFACE('',#4865,0.00015);
#4000=CYLINDRICAL_SURFACE('',#4868,0.0112051559026266);
#4001=CYLINDRICAL_SURFACE('',#4871,0.000150000000000004);
#4002=CYLINDRICAL_SURFACE('',#4874,0.00100000000000011);
#4003=CYLINDRICAL_SURFACE('',#4877,0.000555);
#4004=CYLINDRICAL_SURFACE('',#4880,0.000999999999999922);
#4005=CYLINDRICAL_SURFACE('',#4883,0.00015);
#4006=CYLINDRICAL_SURFACE('',#4886,0.0112051559026234);
#4007=CYLINDRICAL_SURFACE('',#4889,0.000150000000000005);
#4008=CYLINDRICAL_SURFACE('',#4892,0.00100000000000014);
#4009=CYLINDRICAL_SURFACE('',#4895,0.000555);
#4010=ADVANCED_FACE('',(#3565,#3566),#3793,.T.);
#4011=ADVANCED_FACE('',(#3567),#3794,.F.);
#4012=ADVANCED_FACE('',(#3568),#3795,.T.);
#4013=ADVANCED_FACE('',(#3569),#3796,.T.);
#4014=ADVANCED_FACE('',(#3570),#3797,.T.);
#4015=ADVANCED_FACE('',(#3571),#3798,.F.);
#4016=ADVANCED_FACE('',(#3572),#3799,.F.);
#4017=ADVANCED_FACE('',(#3573),#3800,.F.);
#4018=ADVANCED_FACE('',(#3574),#3801,.T.);
#4019=ADVANCED_FACE('',(#3575),#3802,.T.);
#4020=ADVANCED_FACE('',(#3576),#3803,.T.);
#4021=ADVANCED_FACE('',(#3577),#3804,.F.);
#4022=ADVANCED_FACE('',(#3578),#3805,.F.);
#4023=ADVANCED_FACE('',(#3579),#3806,.F.);
#4024=ADVANCED_FACE('',(#3580),#3807,.T.);
#4025=ADVANCED_FACE('',(#3581),#3808,.T.);
#4026=ADVANCED_FACE('',(#3582),#3809,.T.);
#4027=ADVANCED_FACE('',(#3583),#3810,.F.);
#4028=ADVANCED_FACE('',(#3584),#3811,.F.);
#4029=ADVANCED_FACE('',(#3585),#3812,.F.);
#4030=ADVANCED_FACE('',(#3586),#3813,.T.);
#4031=ADVANCED_FACE('',(#3587),#3814,.T.);
#4032=ADVANCED_FACE('',(#3588),#3815,.T.);
#4033=ADVANCED_FACE('',(#3589),#3816,.F.);
#4034=ADVANCED_FACE('',(#3590),#3817,.F.);
#4035=ADVANCED_FACE('',(#3591),#3818,.F.);
#4036=ADVANCED_FACE('',(#3592),#3819,.T.);
#4037=ADVANCED_FACE('',(#3593),#3820,.T.);
#4038=ADVANCED_FACE('',(#3594),#3821,.T.);
#4039=ADVANCED_FACE('',(#3595),#3822,.F.);
#4040=ADVANCED_FACE('',(#3596),#3823,.F.);
#4041=ADVANCED_FACE('',(#3597),#3824,.F.);
#4042=ADVANCED_FACE('',(#3598),#3825,.T.);
#4043=ADVANCED_FACE('',(#3599),#3826,.T.);
#4044=ADVANCED_FACE('',(#3600),#3827,.T.);
#4045=ADVANCED_FACE('',(#3601),#3828,.F.);
#4046=ADVANCED_FACE('',(#3602),#3829,.F.);
#4047=ADVANCED_FACE('',(#3603),#3830,.F.);
#4048=ADVANCED_FACE('',(#3604),#3831,.T.);
#4049=ADVANCED_FACE('',(#3605),#3832,.T.);
#4050=ADVANCED_FACE('',(#3606),#3833,.T.);
#4051=ADVANCED_FACE('',(#3607),#3834,.F.);
#4052=ADVANCED_FACE('',(#3608),#3835,.F.);
#4053=ADVANCED_FACE('',(#3609),#3836,.F.);
#4054=ADVANCED_FACE('',(#3610),#3837,.T.);
#4055=ADVANCED_FACE('',(#3611),#3838,.T.);
#4056=ADVANCED_FACE('',(#3612),#3839,.T.);
#4057=ADVANCED_FACE('',(#3613),#3840,.F.);
#4058=ADVANCED_FACE('',(#3614),#3841,.F.);
#4059=ADVANCED_FACE('',(#3615),#3842,.F.);
#4060=ADVANCED_FACE('',(#3616),#3843,.T.);
#4061=ADVANCED_FACE('',(#3617),#3844,.T.);
#4062=ADVANCED_FACE('',(#3618),#3845,.T.);
#4063=ADVANCED_FACE('',(#3619),#3846,.F.);
#4064=ADVANCED_FACE('',(#3620),#3847,.F.);
#4065=ADVANCED_FACE('',(#3621),#3848,.F.);
#4066=ADVANCED_FACE('',(#3622),#3849,.T.);
#4067=ADVANCED_FACE('',(#3623),#3850,.T.);
#4068=ADVANCED_FACE('',(#3624),#3851,.T.);
#4069=ADVANCED_FACE('',(#3625),#3852,.F.);
#4070=ADVANCED_FACE('',(#3626),#3853,.F.);
#4071=ADVANCED_FACE('',(#3627),#3854,.F.);
#4072=ADVANCED_FACE('',(#3628),#3855,.T.);
#4073=ADVANCED_FACE('',(#3629),#3856,.T.);
#4074=ADVANCED_FACE('',(#3630),#3857,.T.);
#4075=ADVANCED_FACE('',(#3631),#3858,.F.);
#4076=ADVANCED_FACE('',(#3632),#3859,.F.);
#4077=ADVANCED_FACE('',(#3633),#3860,.F.);
#4078=ADVANCED_FACE('',(#3634),#3861,.T.);
#4079=ADVANCED_FACE('',(#3635),#3862,.T.);
#4080=ADVANCED_FACE('',(#3636),#3863,.T.);
#4081=ADVANCED_FACE('',(#3637),#3864,.F.);
#4082=ADVANCED_FACE('',(#3638),#3865,.F.);
#4083=ADVANCED_FACE('',(#3639),#3866,.F.);
#4084=ADVANCED_FACE('',(#3640),#3867,.T.);
#4085=ADVANCED_FACE('',(#3641),#3868,.T.);
#4086=ADVANCED_FACE('',(#3642),#3869,.T.);
#4087=ADVANCED_FACE('',(#3643),#3870,.F.);
#4088=ADVANCED_FACE('',(#3644),#3871,.F.);
#4089=ADVANCED_FACE('',(#3645),#3872,.F.);
#4090=ADVANCED_FACE('',(#3646),#3873,.T.);
#4091=ADVANCED_FACE('',(#3647),#3874,.T.);
#4092=ADVANCED_FACE('',(#3648),#3875,.T.);
#4093=ADVANCED_FACE('',(#3649),#3876,.F.);
#4094=ADVANCED_FACE('',(#3650),#3877,.F.);
#4095=ADVANCED_FACE('',(#3651),#3878,.F.);
#4096=ADVANCED_FACE('',(#3652),#3879,.T.);
#4097=ADVANCED_FACE('',(#3653),#3880,.T.);
#4098=ADVANCED_FACE('',(#3654),#3881,.T.);
#4099=ADVANCED_FACE('',(#3655),#3882,.F.);
#4100=ADVANCED_FACE('',(#3656),#3883,.F.);
#4101=ADVANCED_FACE('',(#3657),#3884,.F.);
#4102=ADVANCED_FACE('',(#3658),#3885,.T.);
#4103=ADVANCED_FACE('',(#3659),#3886,.T.);
#4104=ADVANCED_FACE('',(#3660),#3887,.T.);
#4105=ADVANCED_FACE('',(#3661),#3888,.F.);
#4106=ADVANCED_FACE('',(#3662),#3889,.F.);
#4107=ADVANCED_FACE('',(#3663),#3890,.F.);
#4108=ADVANCED_FACE('',(#3664),#3891,.T.);
#4109=ADVANCED_FACE('',(#3665),#3892,.T.);
#4110=ADVANCED_FACE('',(#3666),#3893,.T.);
#4111=ADVANCED_FACE('',(#3667),#3894,.F.);
#4112=ADVANCED_FACE('',(#3668),#3895,.F.);
#4113=ADVANCED_FACE('',(#3669),#3896,.F.);
#4114=ADVANCED_FACE('',(#3670),#3897,.T.);
#4115=ADVANCED_FACE('',(#3671),#3898,.T.);
#4116=ADVANCED_FACE('',(#3672),#3899,.T.);
#4117=ADVANCED_FACE('',(#3673),#3900,.F.);
#4118=ADVANCED_FACE('',(#3674),#3901,.F.);
#4119=ADVANCED_FACE('',(#3675),#3902,.F.);
#4120=ADVANCED_FACE('',(#3676),#3903,.T.);
#4121=ADVANCED_FACE('',(#3677),#3904,.T.);
#4122=ADVANCED_FACE('',(#3678),#3905,.T.);
#4123=ADVANCED_FACE('',(#3679),#3906,.F.);
#4124=ADVANCED_FACE('',(#3680),#3907,.F.);
#4125=ADVANCED_FACE('',(#3681),#3908,.F.);
#4126=ADVANCED_FACE('',(#3682),#3909,.T.);
#4127=ADVANCED_FACE('',(#3683),#3910,.T.);
#4128=ADVANCED_FACE('',(#3684),#3911,.T.);
#4129=ADVANCED_FACE('',(#3685),#3912,.F.);
#4130=ADVANCED_FACE('',(#3686),#3913,.F.);
#4131=ADVANCED_FACE('',(#3687),#3914,.F.);
#4132=ADVANCED_FACE('',(#3688),#3915,.T.);
#4133=ADVANCED_FACE('',(#3689),#3916,.T.);
#4134=ADVANCED_FACE('',(#3690),#3917,.T.);
#4135=ADVANCED_FACE('',(#3691),#3918,.F.);
#4136=ADVANCED_FACE('',(#3692),#3919,.F.);
#4137=ADVANCED_FACE('',(#3693),#3920,.F.);
#4138=ADVANCED_FACE('',(#3694),#3921,.T.);
#4139=ADVANCED_FACE('',(#3695),#3922,.T.);
#4140=ADVANCED_FACE('',(#3696),#3923,.T.);
#4141=ADVANCED_FACE('',(#3697),#3924,.F.);
#4142=ADVANCED_FACE('',(#3698),#3925,.F.);
#4143=ADVANCED_FACE('',(#3699),#3926,.F.);
#4144=ADVANCED_FACE('',(#3700),#3927,.T.);
#4145=ADVANCED_FACE('',(#3701),#3928,.T.);
#4146=ADVANCED_FACE('',(#3702),#3929,.T.);
#4147=ADVANCED_FACE('',(#3703),#3930,.F.);
#4148=ADVANCED_FACE('',(#3704),#3931,.F.);
#4149=ADVANCED_FACE('',(#3705),#3932,.F.);
#4150=ADVANCED_FACE('',(#3706),#3933,.T.);
#4151=ADVANCED_FACE('',(#3707),#3934,.T.);
#4152=ADVANCED_FACE('',(#3708),#3935,.T.);
#4153=ADVANCED_FACE('',(#3709),#3936,.F.);
#4154=ADVANCED_FACE('',(#3710),#3937,.F.);
#4155=ADVANCED_FACE('',(#3711),#3938,.F.);
#4156=ADVANCED_FACE('',(#3712),#3939,.T.);
#4157=ADVANCED_FACE('',(#3713),#3940,.T.);
#4158=ADVANCED_FACE('',(#3714),#3941,.T.);
#4159=ADVANCED_FACE('',(#3715),#3942,.F.);
#4160=ADVANCED_FACE('',(#3716),#3943,.F.);
#4161=ADVANCED_FACE('',(#3717),#3944,.F.);
#4162=ADVANCED_FACE('',(#3718),#3945,.T.);
#4163=ADVANCED_FACE('',(#3719),#3946,.T.);
#4164=ADVANCED_FACE('',(#3720),#3947,.T.);
#4165=ADVANCED_FACE('',(#3721),#3948,.F.);
#4166=ADVANCED_FACE('',(#3722),#3949,.F.);
#4167=ADVANCED_FACE('',(#3723),#3950,.F.);
#4168=ADVANCED_FACE('',(#3724),#3951,.T.);
#4169=ADVANCED_FACE('',(#3725),#3952,.T.);
#4170=ADVANCED_FACE('',(#3726),#3953,.T.);
#4171=ADVANCED_FACE('',(#3727),#3954,.F.);
#4172=ADVANCED_FACE('',(#3728),#3955,.F.);
#4173=ADVANCED_FACE('',(#3729),#3956,.F.);
#4174=ADVANCED_FACE('',(#3730),#3957,.T.);
#4175=ADVANCED_FACE('',(#3731),#3958,.T.);
#4176=ADVANCED_FACE('',(#3732),#3959,.T.);
#4177=ADVANCED_FACE('',(#3733),#3960,.F.);
#4178=ADVANCED_FACE('',(#3734),#3961,.F.);
#4179=ADVANCED_FACE('',(#3735),#3962,.F.);
#4180=ADVANCED_FACE('',(#3736),#3963,.T.);
#4181=ADVANCED_FACE('',(#3737),#3964,.T.);
#4182=ADVANCED_FACE('',(#3738),#3965,.T.);
#4183=ADVANCED_FACE('',(#3739),#3966,.F.);
#4184=ADVANCED_FACE('',(#3740),#3967,.F.);
#4185=ADVANCED_FACE('',(#3741),#3968,.F.);
#4186=ADVANCED_FACE('',(#3742),#3969,.T.);
#4187=ADVANCED_FACE('',(#3743),#3970,.T.);
#4188=ADVANCED_FACE('',(#3744),#3971,.T.);
#4189=ADVANCED_FACE('',(#3745),#3972,.F.);
#4190=ADVANCED_FACE('',(#3746),#3973,.F.);
#4191=ADVANCED_FACE('',(#3747),#3974,.F.);
#4192=ADVANCED_FACE('',(#3748),#3975,.T.);
#4193=ADVANCED_FACE('',(#3749),#3976,.T.);
#4194=ADVANCED_FACE('',(#3750),#3977,.T.);
#4195=ADVANCED_FACE('',(#3751),#3978,.F.);
#4196=ADVANCED_FACE('',(#3752),#3979,.F.);
#4197=ADVANCED_FACE('',(#3753),#3980,.F.);
#4198=ADVANCED_FACE('',(#3754),#3981,.T.);
#4199=ADVANCED_FACE('',(#3755),#3982,.T.);
#4200=ADVANCED_FACE('',(#3756),#3983,.T.);
#4201=ADVANCED_FACE('',(#3757),#3984,.F.);
#4202=ADVANCED_FACE('',(#3758),#3985,.F.);
#4203=ADVANCED_FACE('',(#3759),#3986,.F.);
#4204=ADVANCED_FACE('',(#3760),#3987,.T.);
#4205=ADVANCED_FACE('',(#3761),#3988,.T.);
#4206=ADVANCED_FACE('',(#3762),#3989,.T.);
#4207=ADVANCED_FACE('',(#3763),#3990,.F.);
#4208=ADVANCED_FACE('',(#3764),#3991,.F.);
#4209=ADVANCED_FACE('',(#3765),#3992,.F.);
#4210=ADVANCED_FACE('',(#3766),#3993,.T.);
#4211=ADVANCED_FACE('',(#3767),#3994,.T.);
#4212=ADVANCED_FACE('',(#3768),#3995,.T.);
#4213=ADVANCED_FACE('',(#3769),#3996,.F.);
#4214=ADVANCED_FACE('',(#3770),#3997,.F.);
#4215=ADVANCED_FACE('',(#3771),#3998,.F.);
#4216=ADVANCED_FACE('',(#3772),#3999,.T.);
#4217=ADVANCED_FACE('',(#3773),#4000,.T.);
#4218=ADVANCED_FACE('',(#3774),#4001,.T.);
#4219=ADVANCED_FACE('',(#3775),#4002,.F.);
#4220=ADVANCED_FACE('',(#3776),#4003,.F.);
#4221=ADVANCED_FACE('',(#3777),#4004,.F.);
#4222=ADVANCED_FACE('',(#3778),#4005,.T.);
#4223=ADVANCED_FACE('',(#3779),#4006,.T.);
#4224=ADVANCED_FACE('',(#3780),#4007,.T.);
#4225=ADVANCED_FACE('',(#3781),#4008,.F.);
#4226=ADVANCED_FACE('',(#3782),#4009,.F.);
#4227=ADVANCED_FACE('',(#3783,#3784),#12,.T.);
#4228=ADVANCED_FACE('',(#3785),#13,.F.);
#4229=ADVANCED_FACE('',(#3786),#14,.F.);
#4230=ADVANCED_FACE('',(#3787),#15,.T.);
#4231=ADVANCED_FACE('',(#3788),#16,.T.);
#4232=ADVANCED_FACE('',(#3789,#3790),#17,.F.);
#4233=ADVANCED_FACE('',(#3791,#3792),#18,.F.);
#4234=CLOSED_SHELL('',(#4010,#4011,#4012,#4013,#4014,#4015,#4016,#4017,
#4018,#4019,#4020,#4021,#4022,#4023,#4024,#4025,#4026,#4027,#4028,#4029,
#4030,#4031,#4032,#4033,#4034,#4035,#4036,#4037,#4038,#4039,#4040,#4041,
#4042,#4043,#4044,#4045,#4046,#4047,#4048,#4049,#4050,#4051,#4052,#4053,
#4054,#4055,#4056,#4057,#4058,#4059,#4060,#4061,#4062,#4063,#4064,#4065,
#4066,#4067,#4068,#4069,#4070,#4071,#4072,#4073,#4074,#4075,#4076,#4077,
#4078,#4079,#4080,#4081,#4082,#4083,#4084,#4085,#4086,#4087,#4088,#4089,
#4090,#4091,#4092,#4093,#4094,#4095,#4096,#4097,#4098,#4099,#4100,#4101,
#4102,#4103,#4104,#4105,#4106,#4107,#4108,#4109,#4110,#4111,#4112,#4113,
#4114,#4115,#4116,#4117,#4118,#4119,#4120,#4121,#4122,#4123,#4124,#4125,
#4126,#4127,#4128,#4129,#4130,#4131,#4132,#4133,#4134,#4135,#4136,#4137,
#4138,#4139,#4140,#4141,#4142,#4143,#4144,#4145,#4146,#4147,#4148,#4149,
#4150,#4151,#4152,#4153,#4154,#4155,#4156,#4157,#4158,#4159,#4160,#4161,
#4162,#4163,#4164,#4165,#4166,#4167,#4168,#4169,#4170,#4171,#4172,#4173,
#4174,#4175,#4176,#4177,#4178,#4179,#4180,#4181,#4182,#4183,#4184,#4185,
#4186,#4187,#4188,#4189,#4190,#4191,#4192,#4193,#4194,#4195,#4196,#4197,
#4198,#4199,#4200,#4201,#4202,#4203,#4204,#4205,#4206,#4207,#4208,#4209,
#4210,#4211,#4212,#4213,#4214,#4215,#4216,#4217,#4218,#4219,#4220,#4221,
#4222,#4223,#4224,#4225,#4226,#4227,#4228,#4229,#4230,#4231,#4232,#4233));
#4235=STYLED_ITEM('',(#4236),#4243);
#4236=PRESENTATION_STYLE_ASSIGNMENT((#4237));
#4237=SURFACE_STYLE_USAGE(.BOTH.,#4238);
#4238=SURFACE_SIDE_STYLE('',(#4239));
#4239=SURFACE_STYLE_FILL_AREA(#4240);
#4240=FILL_AREA_STYLE('',(#4241));
#4241=FILL_AREA_STYLE_COLOUR('',#4242);
#4242=COLOUR_RGB('',0.615686274509804,0.811764705882353,0.929411764705882);
#4243=MANIFOLD_SOLID_BREP('Part 1',#4234);
#4244=SHAPE_DEFINITION_REPRESENTATION(#7786,#4245);
#4245=SHAPE_REPRESENTATION('Part 1',(#4246),#7781);
#4246=AXIS2_PLACEMENT_3D('',#6451,#4905,#4906);
#4247=AXIS2_PLACEMENT_3D('',#6452,#4907,#4908);
#4248=AXIS2_PLACEMENT_3D('',#6453,#4909,#4910);
#4249=AXIS2_PLACEMENT_3D('',#6455,#4911,#4912);
#4250=AXIS2_PLACEMENT_3D('',#6457,#4913,#4914);
#4251=AXIS2_PLACEMENT_3D('',#6461,#4916,#4917);
#4252=AXIS2_PLACEMENT_3D('',#6465,#4919,#4920);
#4253=AXIS2_PLACEMENT_3D('',#6466,#4921,#4922);
#4254=AXIS2_PLACEMENT_3D('',#6467,#4923,#4924);
#4255=AXIS2_PLACEMENT_3D('',#6471,#4926,#4927);
#4256=AXIS2_PLACEMENT_3D('',#6472,#4928,#4929);
#4257=AXIS2_PLACEMENT_3D('',#6473,#4930,#4931);
#4258=AXIS2_PLACEMENT_3D('',#6477,#4933,#4934);
#4259=AXIS2_PLACEMENT_3D('',#6478,#4935,#4936);
#4260=AXIS2_PLACEMENT_3D('',#6479,#4937,#4938);
#4261=AXIS2_PLACEMENT_3D('',#6483,#4940,#4941);
#4262=AXIS2_PLACEMENT_3D('',#6484,#4942,#4943);
#4263=AXIS2_PLACEMENT_3D('',#6485,#4944,#4945);
#4264=AXIS2_PLACEMENT_3D('',#6489,#4947,#4948);
#4265=AXIS2_PLACEMENT_3D('',#6490,#4949,#4950);
#4266=AXIS2_PLACEMENT_3D('',#6491,#4951,#4952);
#4267=AXIS2_PLACEMENT_3D('',#6495,#4954,#4955);
#4268=AXIS2_PLACEMENT_3D('',#6496,#4956,#4957);
#4269=AXIS2_PLACEMENT_3D('',#6497,#4958,#4959);
#4270=AXIS2_PLACEMENT_3D('',#6501,#4961,#4962);
#4271=AXIS2_PLACEMENT_3D('',#6502,#4963,#4964);
#4272=AXIS2_PLACEMENT_3D('',#6503,#4965,#4966);
#4273=AXIS2_PLACEMENT_3D('',#6507,#4968,#4969);
#4274=AXIS2_PLACEMENT_3D('',#6508,#4970,#4971);
#4275=AXIS2_PLACEMENT_3D('',#6509,#4972,#4973);
#4276=AXIS2_PLACEMENT_3D('',#6513,#4975,#4976);
#4277=AXIS2_PLACEMENT_3D('',#6514,#4977,#4978);
#4278=AXIS2_PLACEMENT_3D('',#6515,#4979,#4980);
#4279=AXIS2_PLACEMENT_3D('',#6519,#4982,#4983);
#4280=AXIS2_PLACEMENT_3D('',#6520,#4984,#4985);
#4281=AXIS2_PLACEMENT_3D('',#6521,#4986,#4987);
#4282=AXIS2_PLACEMENT_3D('',#6525,#4989,#4990);
#4283=AXIS2_PLACEMENT_3D('',#6526,#4991,#4992);
#4284=AXIS2_PLACEMENT_3D('',#6527,#4993,#4994);
#4285=AXIS2_PLACEMENT_3D('',#6531,#4996,#4997);
#4286=AXIS2_PLACEMENT_3D('',#6532,#4998,#4999);
#4287=AXIS2_PLACEMENT_3D('',#6533,#5000,#5001);
#4288=AXIS2_PLACEMENT_3D('',#6537,#5003,#5004);
#4289=AXIS2_PLACEMENT_3D('',#6538,#5005,#5006);
#4290=AXIS2_PLACEMENT_3D('',#6539,#5007,#5008);
#4291=AXIS2_PLACEMENT_3D('',#6543,#5010,#5011);
#4292=AXIS2_PLACEMENT_3D('',#6544,#5012,#5013);
#4293=AXIS2_PLACEMENT_3D('',#6545,#5014,#5015);
#4294=AXIS2_PLACEMENT_3D('',#6549,#5017,#5018);
#4295=AXIS2_PLACEMENT_3D('',#6550,#5019,#5020);
#4296=AXIS2_PLACEMENT_3D('',#6551,#5021,#5022);
#4297=AXIS2_PLACEMENT_3D('',#6555,#5024,#5025);
#4298=AXIS2_PLACEMENT_3D('',#6556,#5026,#5027);
#4299=AXIS2_PLACEMENT_3D('',#6557,#5028,#5029);
#4300=AXIS2_PLACEMENT_3D('',#6561,#5031,#5032);
#4301=AXIS2_PLACEMENT_3D('',#6562,#5033,#5034);
#4302=AXIS2_PLACEMENT_3D('',#6563,#5035,#5036);
#4303=AXIS2_PLACEMENT_3D('',#6567,#5038,#5039);
#4304=AXIS2_PLACEMENT_3D('',#6568,#5040,#5041);
#4305=AXIS2_PLACEMENT_3D('',#6569,#5042,#5043);
#4306=AXIS2_PLACEMENT_3D('',#6573,#5045,#5046);
#4307=AXIS2_PLACEMENT_3D('',#6574,#5047,#5048);
#4308=AXIS2_PLACEMENT_3D('',#6575,#5049,#5050);
#4309=AXIS2_PLACEMENT_3D('',#6579,#5052,#5053);
#4310=AXIS2_PLACEMENT_3D('',#6580,#5054,#5055);
#4311=AXIS2_PLACEMENT_3D('',#6581,#5056,#5057);
#4312=AXIS2_PLACEMENT_3D('',#6585,#5059,#5060);
#4313=AXIS2_PLACEMENT_3D('',#6586,#5061,#5062);
#4314=AXIS2_PLACEMENT_3D('',#6587,#5063,#5064);
#4315=AXIS2_PLACEMENT_3D('',#6591,#5066,#5067);
#4316=AXIS2_PLACEMENT_3D('',#6592,#5068,#5069);
#4317=AXIS2_PLACEMENT_3D('',#6593,#5070,#5071);
#4318=AXIS2_PLACEMENT_3D('',#6597,#5073,#5074);
#4319=AXIS2_PLACEMENT_3D('',#6598,#5075,#5076);
#4320=AXIS2_PLACEMENT_3D('',#6599,#5077,#5078);
#4321=AXIS2_PLACEMENT_3D('',#6603,#5080,#5081);
#4322=AXIS2_PLACEMENT_3D('',#6604,#5082,#5083);
#4323=AXIS2_PLACEMENT_3D('',#6605,#5084,#5085);
#4324=AXIS2_PLACEMENT_3D('',#6609,#5087,#5088);
#4325=AXIS2_PLACEMENT_3D('',#6610,#5089,#5090);
#4326=AXIS2_PLACEMENT_3D('',#6611,#5091,#5092);
#4327=AXIS2_PLACEMENT_3D('',#6615,#5094,#5095);
#4328=AXIS2_PLACEMENT_3D('',#6616,#5096,#5097);
#4329=AXIS2_PLACEMENT_3D('',#6617,#5098,#5099);
#4330=AXIS2_PLACEMENT_3D('',#6621,#5101,#5102);
#4331=AXIS2_PLACEMENT_3D('',#6622,#5103,#5104);
#4332=AXIS2_PLACEMENT_3D('',#6623,#5105,#5106);
#4333=AXIS2_PLACEMENT_3D('',#6627,#5108,#5109);
#4334=AXIS2_PLACEMENT_3D('',#6628,#5110,#5111);
#4335=AXIS2_PLACEMENT_3D('',#6629,#5112,#5113);
#4336=AXIS2_PLACEMENT_3D('',#6633,#5115,#5116);
#4337=AXIS2_PLACEMENT_3D('',#6634,#5117,#5118);
#4338=AXIS2_PLACEMENT_3D('',#6635,#5119,#5120);
#4339=AXIS2_PLACEMENT_3D('',#6639,#5122,#5123);
#4340=AXIS2_PLACEMENT_3D('',#6640,#5124,#5125);
#4341=AXIS2_PLACEMENT_3D('',#6641,#5126,#5127);
#4342=AXIS2_PLACEMENT_3D('',#6645,#5129,#5130);
#4343=AXIS2_PLACEMENT_3D('',#6646,#5131,#5132);
#4344=AXIS2_PLACEMENT_3D('',#6647,#5133,#5134);
#4345=AXIS2_PLACEMENT_3D('',#6651,#5136,#5137);
#4346=AXIS2_PLACEMENT_3D('',#6652,#5138,#5139);
#4347=AXIS2_PLACEMENT_3D('',#6653,#5140,#5141);
#4348=AXIS2_PLACEMENT_3D('',#6657,#5143,#5144);
#4349=AXIS2_PLACEMENT_3D('',#6658,#5145,#5146);
#4350=AXIS2_PLACEMENT_3D('',#6659,#5147,#5148);
#4351=AXIS2_PLACEMENT_3D('',#6663,#5150,#5151);
#4352=AXIS2_PLACEMENT_3D('',#6664,#5152,#5153);
#4353=AXIS2_PLACEMENT_3D('',#6665,#5154,#5155);
#4354=AXIS2_PLACEMENT_3D('',#6669,#5157,#5158);
#4355=AXIS2_PLACEMENT_3D('',#6670,#5159,#5160);
#4356=AXIS2_PLACEMENT_3D('',#6671,#5161,#5162);
#4357=AXIS2_PLACEMENT_3D('',#6675,#5164,#5165);
#4358=AXIS2_PLACEMENT_3D('',#6676,#5166,#5167);
#4359=AXIS2_PLACEMENT_3D('',#6677,#5168,#5169);
#4360=AXIS2_PLACEMENT_3D('',#6681,#5171,#5172);
#4361=AXIS2_PLACEMENT_3D('',#6682,#5173,#5174);
#4362=AXIS2_PLACEMENT_3D('',#6683,#5175,#5176);
#4363=AXIS2_PLACEMENT_3D('',#6687,#5178,#5179);
#4364=AXIS2_PLACEMENT_3D('',#6688,#5180,#5181);
#4365=AXIS2_PLACEMENT_3D('',#6689,#5182,#5183);
#4366=AXIS2_PLACEMENT_3D('',#6693,#5185,#5186);
#4367=AXIS2_PLACEMENT_3D('',#6694,#5187,#5188);
#4368=AXIS2_PLACEMENT_3D('',#6695,#5189,#5190);
#4369=AXIS2_PLACEMENT_3D('',#6699,#5192,#5193);
#4370=AXIS2_PLACEMENT_3D('',#6700,#5194,#5195);
#4371=AXIS2_PLACEMENT_3D('',#6701,#5196,#5197);
#4372=AXIS2_PLACEMENT_3D('',#6705,#5199,#5200);
#4373=AXIS2_PLACEMENT_3D('',#6706,#5201,#5202);
#4374=AXIS2_PLACEMENT_3D('',#6707,#5203,#5204);
#4375=AXIS2_PLACEMENT_3D('',#6711,#5206,#5207);
#4376=AXIS2_PLACEMENT_3D('',#6712,#5208,#5209);
#4377=AXIS2_PLACEMENT_3D('',#6713,#5210,#5211);
#4378=AXIS2_PLACEMENT_3D('',#6717,#5213,#5214);
#4379=AXIS2_PLACEMENT_3D('',#6718,#5215,#5216);
#4380=AXIS2_PLACEMENT_3D('',#6719,#5217,#5218);
#4381=AXIS2_PLACEMENT_3D('',#6723,#5220,#5221);
#4382=AXIS2_PLACEMENT_3D('',#6724,#5222,#5223);
#4383=AXIS2_PLACEMENT_3D('',#6725,#5224,#5225);
#4384=AXIS2_PLACEMENT_3D('',#6729,#5227,#5228);
#4385=AXIS2_PLACEMENT_3D('',#6730,#5229,#5230);
#4386=AXIS2_PLACEMENT_3D('',#6731,#5231,#5232);
#4387=AXIS2_PLACEMENT_3D('',#6735,#5234,#5235);
#4388=AXIS2_PLACEMENT_3D('',#6736,#5236,#5237);
#4389=AXIS2_PLACEMENT_3D('',#6737,#5238,#5239);
#4390=AXIS2_PLACEMENT_3D('',#6741,#5241,#5242);
#4391=AXIS2_PLACEMENT_3D('',#6742,#5243,#5244);
#4392=AXIS2_PLACEMENT_3D('',#6743,#5245,#5246);
#4393=AXIS2_PLACEMENT_3D('',#6747,#5248,#5249);
#4394=AXIS2_PLACEMENT_3D('',#6748,#5250,#5251);
#4395=AXIS2_PLACEMENT_3D('',#6749,#5252,#5253);
#4396=AXIS2_PLACEMENT_3D('',#6753,#5255,#5256);
#4397=AXIS2_PLACEMENT_3D('',#6754,#5257,#5258);
#4398=AXIS2_PLACEMENT_3D('',#6755,#5259,#5260);
#4399=AXIS2_PLACEMENT_3D('',#6759,#5262,#5263);
#4400=AXIS2_PLACEMENT_3D('',#6760,#5264,#5265);
#4401=AXIS2_PLACEMENT_3D('',#6761,#5266,#5267);
#4402=AXIS2_PLACEMENT_3D('',#6765,#5269,#5270);
#4403=AXIS2_PLACEMENT_3D('',#6766,#5271,#5272);
#4404=AXIS2_PLACEMENT_3D('',#6767,#5273,#5274);
#4405=AXIS2_PLACEMENT_3D('',#6771,#5276,#5277);
#4406=AXIS2_PLACEMENT_3D('',#6772,#5278,#5279);
#4407=AXIS2_PLACEMENT_3D('',#6773,#5280,#5281);
#4408=AXIS2_PLACEMENT_3D('',#6777,#5283,#5284);
#4409=AXIS2_PLACEMENT_3D('',#6778,#5285,#5286);
#4410=AXIS2_PLACEMENT_3D('',#6779,#5287,#5288);
#4411=AXIS2_PLACEMENT_3D('',#6783,#5290,#5291);
#4412=AXIS2_PLACEMENT_3D('',#6784,#5292,#5293);
#4413=AXIS2_PLACEMENT_3D('',#6785,#5294,#5295);
#4414=AXIS2_PLACEMENT_3D('',#6789,#5297,#5298);
#4415=AXIS2_PLACEMENT_3D('',#6790,#5299,#5300);
#4416=AXIS2_PLACEMENT_3D('',#6791,#5301,#5302);
#4417=AXIS2_PLACEMENT_3D('',#6795,#5304,#5305);
#4418=AXIS2_PLACEMENT_3D('',#6796,#5306,#5307);
#4419=AXIS2_PLACEMENT_3D('',#6797,#5308,#5309);
#4420=AXIS2_PLACEMENT_3D('',#6801,#5311,#5312);
#4421=AXIS2_PLACEMENT_3D('',#6802,#5313,#5314);
#4422=AXIS2_PLACEMENT_3D('',#6803,#5315,#5316);
#4423=AXIS2_PLACEMENT_3D('',#6807,#5318,#5319);
#4424=AXIS2_PLACEMENT_3D('',#6808,#5320,#5321);
#4425=AXIS2_PLACEMENT_3D('',#6809,#5322,#5323);
#4426=AXIS2_PLACEMENT_3D('',#6813,#5325,#5326);
#4427=AXIS2_PLACEMENT_3D('',#6814,#5327,#5328);
#4428=AXIS2_PLACEMENT_3D('',#6815,#5329,#5330);
#4429=AXIS2_PLACEMENT_3D('',#6819,#5332,#5333);
#4430=AXIS2_PLACEMENT_3D('',#6820,#5334,#5335);
#4431=AXIS2_PLACEMENT_3D('',#6821,#5336,#5337);
#4432=AXIS2_PLACEMENT_3D('',#6825,#5339,#5340);
#4433=AXIS2_PLACEMENT_3D('',#6826,#5341,#5342);
#4434=AXIS2_PLACEMENT_3D('',#6827,#5343,#5344);
#4435=AXIS2_PLACEMENT_3D('',#6831,#5346,#5347);
#4436=AXIS2_PLACEMENT_3D('',#6832,#5348,#5349);
#4437=AXIS2_PLACEMENT_3D('',#6833,#5350,#5351);
#4438=AXIS2_PLACEMENT_3D('',#6837,#5353,#5354);
#4439=AXIS2_PLACEMENT_3D('',#6838,#5355,#5356);
#4440=AXIS2_PLACEMENT_3D('',#6839,#5357,#5358);
#4441=AXIS2_PLACEMENT_3D('',#6843,#5360,#5361);
#4442=AXIS2_PLACEMENT_3D('',#6844,#5362,#5363);
#4443=AXIS2_PLACEMENT_3D('',#6845,#5364,#5365);
#4444=AXIS2_PLACEMENT_3D('',#6849,#5367,#5368);
#4445=AXIS2_PLACEMENT_3D('',#6850,#5369,#5370);
#4446=AXIS2_PLACEMENT_3D('',#6851,#5371,#5372);
#4447=AXIS2_PLACEMENT_3D('',#6855,#5374,#5375);
#4448=AXIS2_PLACEMENT_3D('',#6856,#5376,#5377);
#4449=AXIS2_PLACEMENT_3D('',#6857,#5378,#5379);
#4450=AXIS2_PLACEMENT_3D('',#6861,#5381,#5382);
#4451=AXIS2_PLACEMENT_3D('',#6862,#5383,#5384);
#4452=AXIS2_PLACEMENT_3D('',#6863,#5385,#5386);
#4453=AXIS2_PLACEMENT_3D('',#6867,#5388,#5389);
#4454=AXIS2_PLACEMENT_3D('',#6868,#5390,#5391);
#4455=AXIS2_PLACEMENT_3D('',#6869,#5392,#5393);
#4456=AXIS2_PLACEMENT_3D('',#6873,#5395,#5396);
#4457=AXIS2_PLACEMENT_3D('',#6874,#5397,#5398);
#4458=AXIS2_PLACEMENT_3D('',#6875,#5399,#5400);
#4459=AXIS2_PLACEMENT_3D('',#6879,#5402,#5403);
#4460=AXIS2_PLACEMENT_3D('',#6880,#5404,#5405);
#4461=AXIS2_PLACEMENT_3D('',#6881,#5406,#5407);
#4462=AXIS2_PLACEMENT_3D('',#6885,#5409,#5410);
#4463=AXIS2_PLACEMENT_3D('',#6886,#5411,#5412);
#4464=AXIS2_PLACEMENT_3D('',#6887,#5413,#5414);
#4465=AXIS2_PLACEMENT_3D('',#6891,#5416,#5417);
#4466=AXIS2_PLACEMENT_3D('',#6892,#5418,#5419);
#4467=AXIS2_PLACEMENT_3D('',#6893,#5420,#5421);
#4468=AXIS2_PLACEMENT_3D('',#6897,#5423,#5424);
#4469=AXIS2_PLACEMENT_3D('',#6898,#5425,#5426);
#4470=AXIS2_PLACEMENT_3D('',#6899,#5427,#5428);
#4471=AXIS2_PLACEMENT_3D('',#6903,#5430,#5431);
#4472=AXIS2_PLACEMENT_3D('',#6904,#5432,#5433);
#4473=AXIS2_PLACEMENT_3D('',#6905,#5434,#5435);
#4474=AXIS2_PLACEMENT_3D('',#6909,#5437,#5438);
#4475=AXIS2_PLACEMENT_3D('',#6910,#5439,#5440);
#4476=AXIS2_PLACEMENT_3D('',#6911,#5441,#5442);
#4477=AXIS2_PLACEMENT_3D('',#6915,#5444,#5445);
#4478=AXIS2_PLACEMENT_3D('',#6916,#5446,#5447);
#4479=AXIS2_PLACEMENT_3D('',#6917,#5448,#5449);
#4480=AXIS2_PLACEMENT_3D('',#6921,#5451,#5452);
#4481=AXIS2_PLACEMENT_3D('',#6922,#5453,#5454);
#4482=AXIS2_PLACEMENT_3D('',#6923,#5455,#5456);
#4483=AXIS2_PLACEMENT_3D('',#6927,#5458,#5459);
#4484=AXIS2_PLACEMENT_3D('',#6928,#5460,#5461);
#4485=AXIS2_PLACEMENT_3D('',#6929,#5462,#5463);
#4486=AXIS2_PLACEMENT_3D('',#6933,#5465,#5466);
#4487=AXIS2_PLACEMENT_3D('',#6934,#5467,#5468);
#4488=AXIS2_PLACEMENT_3D('',#6935,#5469,#5470);
#4489=AXIS2_PLACEMENT_3D('',#6939,#5472,#5473);
#4490=AXIS2_PLACEMENT_3D('',#6940,#5474,#5475);
#4491=AXIS2_PLACEMENT_3D('',#6941,#5476,#5477);
#4492=AXIS2_PLACEMENT_3D('',#6945,#5479,#5480);
#4493=AXIS2_PLACEMENT_3D('',#6946,#5481,#5482);
#4494=AXIS2_PLACEMENT_3D('',#6947,#5483,#5484);
#4495=AXIS2_PLACEMENT_3D('',#6951,#5486,#5487);
#4496=AXIS2_PLACEMENT_3D('',#6952,#5488,#5489);
#4497=AXIS2_PLACEMENT_3D('',#6953,#5490,#5491);
#4498=AXIS2_PLACEMENT_3D('',#6957,#5493,#5494);
#4499=AXIS2_PLACEMENT_3D('',#6958,#5495,#5496);
#4500=AXIS2_PLACEMENT_3D('',#6959,#5497,#5498);
#4501=AXIS2_PLACEMENT_3D('',#6963,#5500,#5501);
#4502=AXIS2_PLACEMENT_3D('',#6964,#5502,#5503);
#4503=AXIS2_PLACEMENT_3D('',#6965,#5504,#5505);
#4504=AXIS2_PLACEMENT_3D('',#6969,#5507,#5508);
#4505=AXIS2_PLACEMENT_3D('',#6970,#5509,#5510);
#4506=AXIS2_PLACEMENT_3D('',#6971,#5511,#5512);
#4507=AXIS2_PLACEMENT_3D('',#6975,#5514,#5515);
#4508=AXIS2_PLACEMENT_3D('',#6976,#5516,#5517);
#4509=AXIS2_PLACEMENT_3D('',#6977,#5518,#5519);
#4510=AXIS2_PLACEMENT_3D('',#6981,#5521,#5522);
#4511=AXIS2_PLACEMENT_3D('',#6982,#5523,#5524);
#4512=AXIS2_PLACEMENT_3D('',#6983,#5525,#5526);
#4513=AXIS2_PLACEMENT_3D('',#6987,#5528,#5529);
#4514=AXIS2_PLACEMENT_3D('',#6988,#5530,#5531);
#4515=AXIS2_PLACEMENT_3D('',#6989,#5532,#5533);
#4516=AXIS2_PLACEMENT_3D('',#6993,#5535,#5536);
#4517=AXIS2_PLACEMENT_3D('',#6994,#5537,#5538);
#4518=AXIS2_PLACEMENT_3D('',#6995,#5539,#5540);
#4519=AXIS2_PLACEMENT_3D('',#6999,#5542,#5543);
#4520=AXIS2_PLACEMENT_3D('',#7000,#5544,#5545);
#4521=AXIS2_PLACEMENT_3D('',#7001,#5546,#5547);
#4522=AXIS2_PLACEMENT_3D('',#7005,#5549,#5550);
#4523=AXIS2_PLACEMENT_3D('',#7006,#5551,#5552);
#4524=AXIS2_PLACEMENT_3D('',#7007,#5553,#5554);
#4525=AXIS2_PLACEMENT_3D('',#7011,#5556,#5557);
#4526=AXIS2_PLACEMENT_3D('',#7012,#5558,#5559);
#4527=AXIS2_PLACEMENT_3D('',#7013,#5560,#5561);
#4528=AXIS2_PLACEMENT_3D('',#7017,#5563,#5564);
#4529=AXIS2_PLACEMENT_3D('',#7018,#5565,#5566);
#4530=AXIS2_PLACEMENT_3D('',#7019,#5567,#5568);
#4531=AXIS2_PLACEMENT_3D('',#7023,#5570,#5571);
#4532=AXIS2_PLACEMENT_3D('',#7024,#5572,#5573);
#4533=AXIS2_PLACEMENT_3D('',#7025,#5574,#5575);
#4534=AXIS2_PLACEMENT_3D('',#7029,#5577,#5578);
#4535=AXIS2_PLACEMENT_3D('',#7030,#5579,#5580);
#4536=AXIS2_PLACEMENT_3D('',#7031,#5581,#5582);
#4537=AXIS2_PLACEMENT_3D('',#7035,#5584,#5585);
#4538=AXIS2_PLACEMENT_3D('',#7036,#5586,#5587);
#4539=AXIS2_PLACEMENT_3D('',#7037,#5588,#5589);
#4540=AXIS2_PLACEMENT_3D('',#7041,#5591,#5592);
#4541=AXIS2_PLACEMENT_3D('',#7042,#5593,#5594);
#4542=AXIS2_PLACEMENT_3D('',#7043,#5595,#5596);
#4543=AXIS2_PLACEMENT_3D('',#7047,#5598,#5599);
#4544=AXIS2_PLACEMENT_3D('',#7048,#5600,#5601);
#4545=AXIS2_PLACEMENT_3D('',#7049,#5602,#5603);
#4546=AXIS2_PLACEMENT_3D('',#7053,#5605,#5606);
#4547=AXIS2_PLACEMENT_3D('',#7054,#5607,#5608);
#4548=AXIS2_PLACEMENT_3D('',#7055,#5609,#5610);
#4549=AXIS2_PLACEMENT_3D('',#7059,#5612,#5613);
#4550=AXIS2_PLACEMENT_3D('',#7060,#5614,#5615);
#4551=AXIS2_PLACEMENT_3D('',#7061,#5616,#5617);
#4552=AXIS2_PLACEMENT_3D('',#7065,#5619,#5620);
#4553=AXIS2_PLACEMENT_3D('',#7066,#5621,#5622);
#4554=AXIS2_PLACEMENT_3D('',#7067,#5623,#5624);
#4555=AXIS2_PLACEMENT_3D('',#7071,#5626,#5627);
#4556=AXIS2_PLACEMENT_3D('',#7072,#5628,#5629);
#4557=AXIS2_PLACEMENT_3D('',#7073,#5630,#5631);
#4558=AXIS2_PLACEMENT_3D('',#7077,#5633,#5634);
#4559=AXIS2_PLACEMENT_3D('',#7078,#5635,#5636);
#4560=AXIS2_PLACEMENT_3D('',#7079,#5637,#5638);
#4561=AXIS2_PLACEMENT_3D('',#7083,#5640,#5641);
#4562=AXIS2_PLACEMENT_3D('',#7084,#5642,#5643);
#4563=AXIS2_PLACEMENT_3D('',#7085,#5644,#5645);
#4564=AXIS2_PLACEMENT_3D('',#7089,#5647,#5648);
#4565=AXIS2_PLACEMENT_3D('',#7090,#5649,#5650);
#4566=AXIS2_PLACEMENT_3D('',#7091,#5651,#5652);
#4567=AXIS2_PLACEMENT_3D('',#7095,#5654,#5655);
#4568=AXIS2_PLACEMENT_3D('',#7096,#5656,#5657);
#4569=AXIS2_PLACEMENT_3D('',#7097,#5658,#5659);
#4570=AXIS2_PLACEMENT_3D('',#7101,#5661,#5662);
#4571=AXIS2_PLACEMENT_3D('',#7102,#5663,#5664);
#4572=AXIS2_PLACEMENT_3D('',#7103,#5665,#5666);
#4573=AXIS2_PLACEMENT_3D('',#7107,#5668,#5669);
#4574=AXIS2_PLACEMENT_3D('',#7108,#5670,#5671);
#4575=AXIS2_PLACEMENT_3D('',#7109,#5672,#5673);
#4576=AXIS2_PLACEMENT_3D('',#7113,#5675,#5676);
#4577=AXIS2_PLACEMENT_3D('',#7114,#5677,#5678);
#4578=AXIS2_PLACEMENT_3D('',#7115,#5679,#5680);
#4579=AXIS2_PLACEMENT_3D('',#7119,#5682,#5683);
#4580=AXIS2_PLACEMENT_3D('',#7120,#5684,#5685);
#4581=AXIS2_PLACEMENT_3D('',#7121,#5686,#5687);
#4582=AXIS2_PLACEMENT_3D('',#7125,#5689,#5690);
#4583=AXIS2_PLACEMENT_3D('',#7126,#5691,#5692);
#4584=AXIS2_PLACEMENT_3D('',#7127,#5693,#5694);
#4585=AXIS2_PLACEMENT_3D('',#7131,#5696,#5697);
#4586=AXIS2_PLACEMENT_3D('',#7132,#5698,#5699);
#4587=AXIS2_PLACEMENT_3D('',#7133,#5700,#5701);
#4588=AXIS2_PLACEMENT_3D('',#7137,#5703,#5704);
#4589=AXIS2_PLACEMENT_3D('',#7138,#5705,#5706);
#4590=AXIS2_PLACEMENT_3D('',#7139,#5707,#5708);
#4591=AXIS2_PLACEMENT_3D('',#7143,#5710,#5711);
#4592=AXIS2_PLACEMENT_3D('',#7144,#5712,#5713);
#4593=AXIS2_PLACEMENT_3D('',#7145,#5714,#5715);
#4594=AXIS2_PLACEMENT_3D('',#7149,#5717,#5718);
#4595=AXIS2_PLACEMENT_3D('',#7150,#5719,#5720);
#4596=AXIS2_PLACEMENT_3D('',#7151,#5721,#5722);
#4597=AXIS2_PLACEMENT_3D('',#7155,#5724,#5725);
#4598=AXIS2_PLACEMENT_3D('',#7156,#5726,#5727);
#4599=AXIS2_PLACEMENT_3D('',#7157,#5728,#5729);
#4600=AXIS2_PLACEMENT_3D('',#7161,#5731,#5732);
#4601=AXIS2_PLACEMENT_3D('',#7162,#5733,#5734);
#4602=AXIS2_PLACEMENT_3D('',#7163,#5735,#5736);
#4603=AXIS2_PLACEMENT_3D('',#7167,#5738,#5739);
#4604=AXIS2_PLACEMENT_3D('',#7168,#5740,#5741);
#4605=AXIS2_PLACEMENT_3D('',#7169,#5742,#5743);
#4606=AXIS2_PLACEMENT_3D('',#7173,#5745,#5746);
#4607=AXIS2_PLACEMENT_3D('',#7174,#5747,#5748);
#4608=AXIS2_PLACEMENT_3D('',#7175,#5749,#5750);
#4609=AXIS2_PLACEMENT_3D('',#7179,#5752,#5753);
#4610=AXIS2_PLACEMENT_3D('',#7180,#5754,#5755);
#4611=AXIS2_PLACEMENT_3D('',#7181,#5756,#5757);
#4612=AXIS2_PLACEMENT_3D('',#7185,#5759,#5760);
#4613=AXIS2_PLACEMENT_3D('',#7186,#5761,#5762);
#4614=AXIS2_PLACEMENT_3D('',#7187,#5763,#5764);
#4615=AXIS2_PLACEMENT_3D('',#7191,#5766,#5767);
#4616=AXIS2_PLACEMENT_3D('',#7192,#5768,#5769);
#4617=AXIS2_PLACEMENT_3D('',#7193,#5770,#5771);
#4618=AXIS2_PLACEMENT_3D('',#7197,#5773,#5774);
#4619=AXIS2_PLACEMENT_3D('',#7198,#5775,#5776);
#4620=AXIS2_PLACEMENT_3D('',#7199,#5777,#5778);
#4621=AXIS2_PLACEMENT_3D('',#7203,#5780,#5781);
#4622=AXIS2_PLACEMENT_3D('',#7204,#5782,#5783);
#4623=AXIS2_PLACEMENT_3D('',#7205,#5784,#5785);
#4624=AXIS2_PLACEMENT_3D('',#7209,#5787,#5788);
#4625=AXIS2_PLACEMENT_3D('',#7210,#5789,#5790);
#4626=AXIS2_PLACEMENT_3D('',#7211,#5791,#5792);
#4627=AXIS2_PLACEMENT_3D('',#7215,#5794,#5795);
#4628=AXIS2_PLACEMENT_3D('',#7216,#5796,#5797);
#4629=AXIS2_PLACEMENT_3D('',#7217,#5798,#5799);
#4630=AXIS2_PLACEMENT_3D('',#7221,#5801,#5802);
#4631=AXIS2_PLACEMENT_3D('',#7222,#5803,#5804);
#4632=AXIS2_PLACEMENT_3D('',#7223,#5805,#5806);
#4633=AXIS2_PLACEMENT_3D('',#7227,#5808,#5809);
#4634=AXIS2_PLACEMENT_3D('',#7228,#5810,#5811);
#4635=AXIS2_PLACEMENT_3D('',#7229,#5812,#5813);
#4636=AXIS2_PLACEMENT_3D('',#7233,#5815,#5816);
#4637=AXIS2_PLACEMENT_3D('',#7234,#5817,#5818);
#4638=AXIS2_PLACEMENT_3D('',#7235,#5819,#5820);
#4639=AXIS2_PLACEMENT_3D('',#7239,#5822,#5823);
#4640=AXIS2_PLACEMENT_3D('',#7240,#5824,#5825);
#4641=AXIS2_PLACEMENT_3D('',#7241,#5826,#5827);
#4642=AXIS2_PLACEMENT_3D('',#7245,#5829,#5830);
#4643=AXIS2_PLACEMENT_3D('',#7246,#5831,#5832);
#4644=AXIS2_PLACEMENT_3D('',#7247,#5833,#5834);
#4645=AXIS2_PLACEMENT_3D('',#7251,#5836,#5837);
#4646=AXIS2_PLACEMENT_3D('',#7252,#5838,#5839);
#4647=AXIS2_PLACEMENT_3D('',#7253,#5840,#5841);
#4648=AXIS2_PLACEMENT_3D('',#7257,#5843,#5844);
#4649=AXIS2_PLACEMENT_3D('',#7258,#5845,#5846);
#4650=AXIS2_PLACEMENT_3D('',#7259,#5847,#5848);
#4651=AXIS2_PLACEMENT_3D('',#7263,#5850,#5851);
#4652=AXIS2_PLACEMENT_3D('',#7264,#5852,#5853);
#4653=AXIS2_PLACEMENT_3D('',#7265,#5854,#5855);
#4654=AXIS2_PLACEMENT_3D('',#7269,#5857,#5858);
#4655=AXIS2_PLACEMENT_3D('',#7270,#5859,#5860);
#4656=AXIS2_PLACEMENT_3D('',#7271,#5861,#5862);
#4657=AXIS2_PLACEMENT_3D('',#7275,#5864,#5865);
#4658=AXIS2_PLACEMENT_3D('',#7276,#5866,#5867);
#4659=AXIS2_PLACEMENT_3D('',#7277,#5868,#5869);
#4660=AXIS2_PLACEMENT_3D('',#7281,#5871,#5872);
#4661=AXIS2_PLACEMENT_3D('',#7282,#5873,#5874);
#4662=AXIS2_PLACEMENT_3D('',#7283,#5875,#5876);
#4663=AXIS2_PLACEMENT_3D('',#7287,#5878,#5879);
#4664=AXIS2_PLACEMENT_3D('',#7288,#5880,#5881);
#4665=AXIS2_PLACEMENT_3D('',#7289,#5882,#5883);
#4666=AXIS2_PLACEMENT_3D('',#7293,#5885,#5886);
#4667=AXIS2_PLACEMENT_3D('',#7294,#5887,#5888);
#4668=AXIS2_PLACEMENT_3D('',#7295,#5889,#5890);
#4669=AXIS2_PLACEMENT_3D('',#7299,#5892,#5893);
#4670=AXIS2_PLACEMENT_3D('',#7300,#5894,#5895);
#4671=AXIS2_PLACEMENT_3D('',#7301,#5896,#5897);
#4672=AXIS2_PLACEMENT_3D('',#7305,#5899,#5900);
#4673=AXIS2_PLACEMENT_3D('',#7306,#5901,#5902);
#4674=AXIS2_PLACEMENT_3D('',#7307,#5903,#5904);
#4675=AXIS2_PLACEMENT_3D('',#7311,#5906,#5907);
#4676=AXIS2_PLACEMENT_3D('',#7312,#5908,#5909);
#4677=AXIS2_PLACEMENT_3D('',#7313,#5910,#5911);
#4678=AXIS2_PLACEMENT_3D('',#7317,#5913,#5914);
#4679=AXIS2_PLACEMENT_3D('',#7318,#5915,#5916);
#4680=AXIS2_PLACEMENT_3D('',#7319,#5917,#5918);
#4681=AXIS2_PLACEMENT_3D('',#7323,#5920,#5921);
#4682=AXIS2_PLACEMENT_3D('',#7324,#5922,#5923);
#4683=AXIS2_PLACEMENT_3D('',#7325,#5924,#5925);
#4684=AXIS2_PLACEMENT_3D('',#7329,#5927,#5928);
#4685=AXIS2_PLACEMENT_3D('',#7330,#5929,#5930);
#4686=AXIS2_PLACEMENT_3D('',#7331,#5931,#5932);
#4687=AXIS2_PLACEMENT_3D('',#7335,#5934,#5935);
#4688=AXIS2_PLACEMENT_3D('',#7336,#5936,#5937);
#4689=AXIS2_PLACEMENT_3D('',#7337,#5938,#5939);
#4690=AXIS2_PLACEMENT_3D('',#7341,#5941,#5942);
#4691=AXIS2_PLACEMENT_3D('',#7342,#5943,#5944);
#4692=AXIS2_PLACEMENT_3D('',#7343,#5945,#5946);
#4693=AXIS2_PLACEMENT_3D('',#7347,#5948,#5949);
#4694=AXIS2_PLACEMENT_3D('',#7348,#5950,#5951);
#4695=AXIS2_PLACEMENT_3D('',#7349,#5952,#5953);
#4696=AXIS2_PLACEMENT_3D('',#7353,#5955,#5956);
#4697=AXIS2_PLACEMENT_3D('',#7354,#5957,#5958);
#4698=AXIS2_PLACEMENT_3D('',#7355,#5959,#5960);
#4699=AXIS2_PLACEMENT_3D('',#7359,#5962,#5963);
#4700=AXIS2_PLACEMENT_3D('',#7360,#5964,#5965);
#4701=AXIS2_PLACEMENT_3D('',#7361,#5966,#5967);
#4702=AXIS2_PLACEMENT_3D('',#7365,#5969,#5970);
#4703=AXIS2_PLACEMENT_3D('',#7366,#5971,#5972);
#4704=AXIS2_PLACEMENT_3D('',#7367,#5973,#5974);
#4705=AXIS2_PLACEMENT_3D('',#7371,#5976,#5977);
#4706=AXIS2_PLACEMENT_3D('',#7372,#5978,#5979);
#4707=AXIS2_PLACEMENT_3D('',#7373,#5980,#5981);
#4708=AXIS2_PLACEMENT_3D('',#7377,#5983,#5984);
#4709=AXIS2_PLACEMENT_3D('',#7378,#5985,#5986);
#4710=AXIS2_PLACEMENT_3D('',#7379,#5987,#5988);
#4711=AXIS2_PLACEMENT_3D('',#7383,#5990,#5991);
#4712=AXIS2_PLACEMENT_3D('',#7384,#5992,#5993);
#4713=AXIS2_PLACEMENT_3D('',#7385,#5994,#5995);
#4714=AXIS2_PLACEMENT_3D('',#7389,#5997,#5998);
#4715=AXIS2_PLACEMENT_3D('',#7390,#5999,#6000);
#4716=AXIS2_PLACEMENT_3D('',#7391,#6001,#6002);
#4717=AXIS2_PLACEMENT_3D('',#7395,#6004,#6005);
#4718=AXIS2_PLACEMENT_3D('',#7396,#6006,#6007);
#4719=AXIS2_PLACEMENT_3D('',#7397,#6008,#6009);
#4720=AXIS2_PLACEMENT_3D('',#7401,#6011,#6012);
#4721=AXIS2_PLACEMENT_3D('',#7402,#6013,#6014);
#4722=AXIS2_PLACEMENT_3D('',#7403,#6015,#6016);
#4723=AXIS2_PLACEMENT_3D('',#7407,#6018,#6019);
#4724=AXIS2_PLACEMENT_3D('',#7408,#6020,#6021);
#4725=AXIS2_PLACEMENT_3D('',#7409,#6022,#6023);
#4726=AXIS2_PLACEMENT_3D('',#7413,#6025,#6026);
#4727=AXIS2_PLACEMENT_3D('',#7414,#6027,#6028);
#4728=AXIS2_PLACEMENT_3D('',#7415,#6029,#6030);
#4729=AXIS2_PLACEMENT_3D('',#7419,#6032,#6033);
#4730=AXIS2_PLACEMENT_3D('',#7420,#6034,#6035);
#4731=AXIS2_PLACEMENT_3D('',#7421,#6036,#6037);
#4732=AXIS2_PLACEMENT_3D('',#7425,#6039,#6040);
#4733=AXIS2_PLACEMENT_3D('',#7426,#6041,#6042);
#4734=AXIS2_PLACEMENT_3D('',#7427,#6043,#6044);
#4735=AXIS2_PLACEMENT_3D('',#7431,#6046,#6047);
#4736=AXIS2_PLACEMENT_3D('',#7432,#6048,#6049);
#4737=AXIS2_PLACEMENT_3D('',#7433,#6050,#6051);
#4738=AXIS2_PLACEMENT_3D('',#7437,#6053,#6054);
#4739=AXIS2_PLACEMENT_3D('',#7438,#6055,#6056);
#4740=AXIS2_PLACEMENT_3D('',#7439,#6057,#6058);
#4741=AXIS2_PLACEMENT_3D('',#7443,#6060,#6061);
#4742=AXIS2_PLACEMENT_3D('',#7444,#6062,#6063);
#4743=AXIS2_PLACEMENT_3D('',#7445,#6064,#6065);
#4744=AXIS2_PLACEMENT_3D('',#7449,#6067,#6068);
#4745=AXIS2_PLACEMENT_3D('',#7450,#6069,#6070);
#4746=AXIS2_PLACEMENT_3D('',#7451,#6071,#6072);
#4747=AXIS2_PLACEMENT_3D('',#7455,#6074,#6075);
#4748=AXIS2_PLACEMENT_3D('',#7456,#6076,#6077);
#4749=AXIS2_PLACEMENT_3D('',#7457,#6078,#6079);
#4750=AXIS2_PLACEMENT_3D('',#7461,#6081,#6082);
#4751=AXIS2_PLACEMENT_3D('',#7462,#6083,#6084);
#4752=AXIS2_PLACEMENT_3D('',#7463,#6085,#6086);
#4753=AXIS2_PLACEMENT_3D('',#7467,#6088,#6089);
#4754=AXIS2_PLACEMENT_3D('',#7468,#6090,#6091);
#4755=AXIS2_PLACEMENT_3D('',#7469,#6092,#6093);
#4756=AXIS2_PLACEMENT_3D('',#7473,#6095,#6096);
#4757=AXIS2_PLACEMENT_3D('',#7474,#6097,#6098);
#4758=AXIS2_PLACEMENT_3D('',#7475,#6099,#6100);
#4759=AXIS2_PLACEMENT_3D('',#7479,#6102,#6103);
#4760=AXIS2_PLACEMENT_3D('',#7480,#6104,#6105);
#4761=AXIS2_PLACEMENT_3D('',#7481,#6106,#6107);
#4762=AXIS2_PLACEMENT_3D('',#7485,#6109,#6110);
#4763=AXIS2_PLACEMENT_3D('',#7486,#6111,#6112);
#4764=AXIS2_PLACEMENT_3D('',#7487,#6113,#6114);
#4765=AXIS2_PLACEMENT_3D('',#7491,#6116,#6117);
#4766=AXIS2_PLACEMENT_3D('',#7492,#6118,#6119);
#4767=AXIS2_PLACEMENT_3D('',#7493,#6120,#6121);
#4768=AXIS2_PLACEMENT_3D('',#7497,#6123,#6124);
#4769=AXIS2_PLACEMENT_3D('',#7498,#6125,#6126);
#4770=AXIS2_PLACEMENT_3D('',#7499,#6127,#6128);
#4771=AXIS2_PLACEMENT_3D('',#7503,#6130,#6131);
#4772=AXIS2_PLACEMENT_3D('',#7504,#6132,#6133);
#4773=AXIS2_PLACEMENT_3D('',#7505,#6134,#6135);
#4774=AXIS2_PLACEMENT_3D('',#7509,#6137,#6138);
#4775=AXIS2_PLACEMENT_3D('',#7510,#6139,#6140);
#4776=AXIS2_PLACEMENT_3D('',#7511,#6141,#6142);
#4777=AXIS2_PLACEMENT_3D('',#7515,#6144,#6145);
#4778=AXIS2_PLACEMENT_3D('',#7516,#6146,#6147);
#4779=AXIS2_PLACEMENT_3D('',#7517,#6148,#6149);
#4780=AXIS2_PLACEMENT_3D('',#7521,#6151,#6152);
#4781=AXIS2_PLACEMENT_3D('',#7522,#6153,#6154);
#4782=AXIS2_PLACEMENT_3D('',#7523,#6155,#6156);
#4783=AXIS2_PLACEMENT_3D('',#7527,#6158,#6159);
#4784=AXIS2_PLACEMENT_3D('',#7528,#6160,#6161);
#4785=AXIS2_PLACEMENT_3D('',#7529,#6162,#6163);
#4786=AXIS2_PLACEMENT_3D('',#7533,#6165,#6166);
#4787=AXIS2_PLACEMENT_3D('',#7534,#6167,#6168);
#4788=AXIS2_PLACEMENT_3D('',#7535,#6169,#6170);
#4789=AXIS2_PLACEMENT_3D('',#7539,#6172,#6173);
#4790=AXIS2_PLACEMENT_3D('',#7540,#6174,#6175);
#4791=AXIS2_PLACEMENT_3D('',#7541,#6176,#6177);
#4792=AXIS2_PLACEMENT_3D('',#7545,#6179,#6180);
#4793=AXIS2_PLACEMENT_3D('',#7546,#6181,#6182);
#4794=AXIS2_PLACEMENT_3D('',#7547,#6183,#6184);
#4795=AXIS2_PLACEMENT_3D('',#7551,#6186,#6187);
#4796=AXIS2_PLACEMENT_3D('',#7552,#6188,#6189);
#4797=AXIS2_PLACEMENT_3D('',#7553,#6190,#6191);
#4798=AXIS2_PLACEMENT_3D('',#7557,#6193,#6194);
#4799=AXIS2_PLACEMENT_3D('',#7558,#6195,#6196);
#4800=AXIS2_PLACEMENT_3D('',#7559,#6197,#6198);
#4801=AXIS2_PLACEMENT_3D('',#7563,#6200,#6201);
#4802=AXIS2_PLACEMENT_3D('',#7564,#6202,#6203);
#4803=AXIS2_PLACEMENT_3D('',#7565,#6204,#6205);
#4804=AXIS2_PLACEMENT_3D('',#7569,#6207,#6208);
#4805=AXIS2_PLACEMENT_3D('',#7570,#6209,#6210);
#4806=AXIS2_PLACEMENT_3D('',#7571,#6211,#6212);
#4807=AXIS2_PLACEMENT_3D('',#7575,#6214,#6215);
#4808=AXIS2_PLACEMENT_3D('',#7576,#6216,#6217);
#4809=AXIS2_PLACEMENT_3D('',#7577,#6218,#6219);
#4810=AXIS2_PLACEMENT_3D('',#7581,#6221,#6222);
#4811=AXIS2_PLACEMENT_3D('',#7582,#6223,#6224);
#4812=AXIS2_PLACEMENT_3D('',#7583,#6225,#6226);
#4813=AXIS2_PLACEMENT_3D('',#7587,#6228,#6229);
#4814=AXIS2_PLACEMENT_3D('',#7588,#6230,#6231);
#4815=AXIS2_PLACEMENT_3D('',#7589,#6232,#6233);
#4816=AXIS2_PLACEMENT_3D('',#7593,#6235,#6236);
#4817=AXIS2_PLACEMENT_3D('',#7594,#6237,#6238);
#4818=AXIS2_PLACEMENT_3D('',#7595,#6239,#6240);
#4819=AXIS2_PLACEMENT_3D('',#7599,#6242,#6243);
#4820=AXIS2_PLACEMENT_3D('',#7600,#6244,#6245);
#4821=AXIS2_PLACEMENT_3D('',#7601,#6246,#6247);
#4822=AXIS2_PLACEMENT_3D('',#7605,#6249,#6250);
#4823=AXIS2_PLACEMENT_3D('',#7606,#6251,#6252);
#4824=AXIS2_PLACEMENT_3D('',#7607,#6253,#6254);
#4825=AXIS2_PLACEMENT_3D('',#7611,#6256,#6257);
#4826=AXIS2_PLACEMENT_3D('',#7612,#6258,#6259);
#4827=AXIS2_PLACEMENT_3D('',#7613,#6260,#6261);
#4828=AXIS2_PLACEMENT_3D('',#7617,#6263,#6264);
#4829=AXIS2_PLACEMENT_3D('',#7618,#6265,#6266);
#4830=AXIS2_PLACEMENT_3D('',#7619,#6267,#6268);
#4831=AXIS2_PLACEMENT_3D('',#7623,#6270,#6271);
#4832=AXIS2_PLACEMENT_3D('',#7624,#6272,#6273);
#4833=AXIS2_PLACEMENT_3D('',#7625,#6274,#6275);
#4834=AXIS2_PLACEMENT_3D('',#7629,#6277,#6278);
#4835=AXIS2_PLACEMENT_3D('',#7630,#6279,#6280);
#4836=AXIS2_PLACEMENT_3D('',#7631,#6281,#6282);
#4837=AXIS2_PLACEMENT_3D('',#7635,#6284,#6285);
#4838=AXIS2_PLACEMENT_3D('',#7636,#6286,#6287);
#4839=AXIS2_PLACEMENT_3D('',#7637,#6288,#6289);
#4840=AXIS2_PLACEMENT_3D('',#7641,#6291,#6292);
#4841=AXIS2_PLACEMENT_3D('',#7642,#6293,#6294);
#4842=AXIS2_PLACEMENT_3D('',#7643,#6295,#6296);
#4843=AXIS2_PLACEMENT_3D('',#7647,#6298,#6299);
#4844=AXIS2_PLACEMENT_3D('',#7648,#6300,#6301);
#4845=AXIS2_PLACEMENT_3D('',#7649,#6302,#6303);
#4846=AXIS2_PLACEMENT_3D('',#7653,#6305,#6306);
#4847=AXIS2_PLACEMENT_3D('',#7654,#6307,#6308);
#4848=AXIS2_PLACEMENT_3D('',#7655,#6309,#6310);
#4849=AXIS2_PLACEMENT_3D('',#7659,#6312,#6313);
#4850=AXIS2_PLACEMENT_3D('',#7660,#6314,#6315);
#4851=AXIS2_PLACEMENT_3D('',#7661,#6316,#6317);
#4852=AXIS2_PLACEMENT_3D('',#7665,#6319,#6320);
#4853=AXIS2_PLACEMENT_3D('',#7666,#6321,#6322);
#4854=AXIS2_PLACEMENT_3D('',#7667,#6323,#6324);
#4855=AXIS2_PLACEMENT_3D('',#7671,#6326,#6327);
#4856=AXIS2_PLACEMENT_3D('',#7672,#6328,#6329);
#4857=AXIS2_PLACEMENT_3D('',#7673,#6330,#6331);
#4858=AXIS2_PLACEMENT_3D('',#7677,#6333,#6334);
#4859=AXIS2_PLACEMENT_3D('',#7678,#6335,#6336);
#4860=AXIS2_PLACEMENT_3D('',#7679,#6337,#6338);
#4861=AXIS2_PLACEMENT_3D('',#7683,#6340,#6341);
#4862=AXIS2_PLACEMENT_3D('',#7684,#6342,#6343);
#4863=AXIS2_PLACEMENT_3D('',#7685,#6344,#6345);
#4864=AXIS2_PLACEMENT_3D('',#7689,#6347,#6348);
#4865=AXIS2_PLACEMENT_3D('',#7690,#6349,#6350);
#4866=AXIS2_PLACEMENT_3D('',#7691,#6351,#6352);
#4867=AXIS2_PLACEMENT_3D('',#7695,#6354,#6355);
#4868=AXIS2_PLACEMENT_3D('',#7696,#6356,#6357);
#4869=AXIS2_PLACEMENT_3D('',#7697,#6358,#6359);
#4870=AXIS2_PLACEMENT_3D('',#7701,#6361,#6362);
#4871=AXIS2_PLACEMENT_3D('',#7702,#6363,#6364);
#4872=AXIS2_PLACEMENT_3D('',#7703,#6365,#6366);
#4873=AXIS2_PLACEMENT_3D('',#7707,#6368,#6369);
#4874=AXIS2_PLACEMENT_3D('',#7708,#6370,#6371);
#4875=AXIS2_PLACEMENT_3D('',#7709,#6372,#6373);
#4876=AXIS2_PLACEMENT_3D('',#7713,#6375,#6376);
#4877=AXIS2_PLACEMENT_3D('',#7714,#6377,#6378);
#4878=AXIS2_PLACEMENT_3D('',#7715,#6379,#6380);
#4879=AXIS2_PLACEMENT_3D('',#7719,#6382,#6383);
#4880=AXIS2_PLACEMENT_3D('',#7720,#6384,#6385);
#4881=AXIS2_PLACEMENT_3D('',#7721,#6386,#6387);
#4882=AXIS2_PLACEMENT_3D('',#7725,#6389,#6390);
#4883=AXIS2_PLACEMENT_3D('',#7726,#6391,#6392);
#4884=AXIS2_PLACEMENT_3D('',#7727,#6393,#6394);
#4885=AXIS2_PLACEMENT_3D('',#7731,#6396,#6397);
#4886=AXIS2_PLACEMENT_3D('',#7732,#6398,#6399);
#4887=AXIS2_PLACEMENT_3D('',#7733,#6400,#6401);
#4888=AXIS2_PLACEMENT_3D('',#7737,#6403,#6404);
#4889=AXIS2_PLACEMENT_3D('',#7738,#6405,#6406);
#4890=AXIS2_PLACEMENT_3D('',#7739,#6407,#6408);
#4891=AXIS2_PLACEMENT_3D('',#7743,#6410,#6411);
#4892=AXIS2_PLACEMENT_3D('',#7744,#6412,#6413);
#4893=AXIS2_PLACEMENT_3D('',#7745,#6414,#6415);
#4894=AXIS2_PLACEMENT_3D('',#7749,#6417,#6418);
#4895=AXIS2_PLACEMENT_3D('',#7750,#6419,#6420);
#4896=AXIS2_PLACEMENT_3D('',#7751,#6421,#6422);
#4897=AXIS2_PLACEMENT_3D('',#7752,#6423,#6424);
#4898=AXIS2_PLACEMENT_3D('',#7753,#6425,#6426);
#4899=AXIS2_PLACEMENT_3D('',#7762,#6431,#6432);
#4900=AXIS2_PLACEMENT_3D('',#7768,#6436,#6437);
#4901=AXIS2_PLACEMENT_3D('',#7772,#6440,#6441);
#4902=AXIS2_PLACEMENT_3D('',#7776,#6444,#6445);
#4903=AXIS2_PLACEMENT_3D('',#7778,#6447,#6448);
#4904=AXIS2_PLACEMENT_3D('',#7779,#6449,#6450);
#4905=DIRECTION('',(0.,0.,1.));
#4906=DIRECTION('',(1.,0.,0.));
#4907=DIRECTION('',(0.,1.,0.));
#4908=DIRECTION('',(1.,0.,0.));
#4909=DIRECTION('',(0.,1.,0.));
#4910=DIRECTION('',(1.,0.,0.));
#4911=DIRECTION('',(0.,1.,0.));
#4912=DIRECTION('',(1.,0.,0.));
#4913=DIRECTION('',(0.,-1.,0.));
#4914=DIRECTION('',(-1.,0.,0.));
#4915=DIRECTION('',(0.,-1.,0.));
#4916=DIRECTION('',(0.,1.,0.));
#4917=DIRECTION('',(1.,0.,0.));
#4918=DIRECTION('',(0.,-1.,0.));
#4919=DIRECTION('',(0.,1.,0.));
#4920=DIRECTION('',(1.,0.,0.));
#4921=DIRECTION('',(0.,-1.,0.));
#4922=DIRECTION('',(-1.,0.,0.));
#4923=DIRECTION('',(0.,1.,0.));
#4924=DIRECTION('',(1.,0.,0.));
#4925=DIRECTION('',(0.,-1.,0.));
#4926=DIRECTION('',(0.,1.,0.));
#4927=DIRECTION('',(1.,0.,0.));
#4928=DIRECTION('',(0.,-1.,0.));
#4929=DIRECTION('',(-1.,0.,0.));
#4930=DIRECTION('',(0.,1.,0.));
#4931=DIRECTION('',(1.,0.,0.));
#4932=DIRECTION('',(0.,-1.,0.));
#4933=DIRECTION('',(0.,1.,0.));
#4934=DIRECTION('',(1.,0.,0.));
#4935=DIRECTION('',(0.,-1.,0.));
#4936=DIRECTION('',(-1.,0.,0.));
#4937=DIRECTION('',(0.,1.,0.));
#4938=DIRECTION('',(1.,0.,0.));
#4939=DIRECTION('',(0.,-1.,0.));
#4940=DIRECTION('',(0.,1.,0.));
#4941=DIRECTION('',(1.,0.,0.));
#4942=DIRECTION('',(0.,-1.,0.));
#4943=DIRECTION('',(-1.,0.,0.));
#4944=DIRECTION('',(0.,1.,0.));
#4945=DIRECTION('',(1.,0.,0.));
#4946=DIRECTION('',(0.,-1.,0.));
#4947=DIRECTION('',(0.,1.,0.));
#4948=DIRECTION('',(1.,0.,0.));
#4949=DIRECTION('',(0.,-1.,0.));
#4950=DIRECTION('',(-1.,0.,0.));
#4951=DIRECTION('',(0.,1.,0.));
#4952=DIRECTION('',(1.,0.,0.));
#4953=DIRECTION('',(0.,-1.,0.));
#4954=DIRECTION('',(0.,1.,0.));
#4955=DIRECTION('',(1.,0.,0.));
#4956=DIRECTION('',(0.,-1.,0.));
#4957=DIRECTION('',(-1.,0.,0.));
#4958=DIRECTION('',(0.,1.,0.));
#4959=DIRECTION('',(1.,0.,0.));
#4960=DIRECTION('',(0.,-1.,0.));
#4961=DIRECTION('',(0.,1.,0.));
#4962=DIRECTION('',(1.,0.,0.));
#4963=DIRECTION('',(0.,-1.,0.));
#4964=DIRECTION('',(-1.,0.,0.));
#4965=DIRECTION('',(0.,1.,0.));
#4966=DIRECTION('',(1.,0.,0.));
#4967=DIRECTION('',(0.,-1.,0.));
#4968=DIRECTION('',(0.,1.,0.));
#4969=DIRECTION('',(1.,0.,0.));
#4970=DIRECTION('',(0.,-1.,0.));
#4971=DIRECTION('',(-1.,0.,0.));
#4972=DIRECTION('',(0.,1.,0.));
#4973=DIRECTION('',(1.,0.,0.));
#4974=DIRECTION('',(0.,-1.,0.));
#4975=DIRECTION('',(0.,1.,0.));
#4976=DIRECTION('',(1.,0.,0.));
#4977=DIRECTION('',(0.,-1.,0.));
#4978=DIRECTION('',(-1.,0.,0.));
#4979=DIRECTION('',(0.,1.,0.));
#4980=DIRECTION('',(1.,0.,0.));
#4981=DIRECTION('',(0.,-1.,0.));
#4982=DIRECTION('',(0.,1.,0.));
#4983=DIRECTION('',(1.,0.,0.));
#4984=DIRECTION('',(0.,-1.,0.));
#4985=DIRECTION('',(-1.,0.,0.));
#4986=DIRECTION('',(0.,1.,0.));
#4987=DIRECTION('',(1.,0.,0.));
#4988=DIRECTION('',(0.,-1.,0.));
#4989=DIRECTION('',(0.,1.,0.));
#4990=DIRECTION('',(1.,0.,0.));
#4991=DIRECTION('',(0.,-1.,0.));
#4992=DIRECTION('',(-1.,0.,0.));
#4993=DIRECTION('',(0.,1.,0.));
#4994=DIRECTION('',(1.,0.,0.));
#4995=DIRECTION('',(0.,-1.,0.));
#4996=DIRECTION('',(0.,1.,0.));
#4997=DIRECTION('',(1.,0.,0.));
#4998=DIRECTION('',(0.,-1.,0.));
#4999=DIRECTION('',(-1.,0.,0.));
#5000=DIRECTION('',(0.,1.,0.));
#5001=DIRECTION('',(1.,0.,0.));
#5002=DIRECTION('',(0.,-1.,0.));
#5003=DIRECTION('',(0.,1.,0.));
#5004=DIRECTION('',(1.,0.,0.));
#5005=DIRECTION('',(0.,-1.,0.));
#5006=DIRECTION('',(-1.,0.,0.));
#5007=DIRECTION('',(0.,1.,0.));
#5008=DIRECTION('',(1.,0.,0.));
#5009=DIRECTION('',(0.,-1.,0.));
#5010=DIRECTION('',(0.,1.,0.));
#5011=DIRECTION('',(1.,0.,0.));
#5012=DIRECTION('',(0.,-1.,0.));
#5013=DIRECTION('',(-1.,0.,0.));
#5014=DIRECTION('',(0.,1.,0.));
#5015=DIRECTION('',(1.,0.,0.));
#5016=DIRECTION('',(0.,-1.,0.));
#5017=DIRECTION('',(0.,1.,0.));
#5018=DIRECTION('',(1.,0.,0.));
#5019=DIRECTION('',(0.,-1.,0.));
#5020=DIRECTION('',(-1.,0.,0.));
#5021=DIRECTION('',(0.,1.,0.));
#5022=DIRECTION('',(1.,0.,0.));
#5023=DIRECTION('',(0.,-1.,0.));
#5024=DIRECTION('',(0.,1.,0.));
#5025=DIRECTION('',(1.,0.,0.));
#5026=DIRECTION('',(0.,-1.,0.));
#5027=DIRECTION('',(-1.,0.,0.));
#5028=DIRECTION('',(0.,1.,0.));
#5029=DIRECTION('',(1.,0.,0.));
#5030=DIRECTION('',(0.,-1.,0.));
#5031=DIRECTION('',(0.,1.,0.));
#5032=DIRECTION('',(1.,0.,0.));
#5033=DIRECTION('',(0.,-1.,0.));
#5034=DIRECTION('',(-1.,0.,0.));
#5035=DIRECTION('',(0.,1.,0.));
#5036=DIRECTION('',(1.,0.,0.));
#5037=DIRECTION('',(0.,-1.,0.));
#5038=DIRECTION('',(0.,1.,0.));
#5039=DIRECTION('',(1.,0.,0.));
#5040=DIRECTION('',(0.,-1.,0.));
#5041=DIRECTION('',(-1.,0.,0.));
#5042=DIRECTION('',(0.,1.,0.));
#5043=DIRECTION('',(1.,0.,0.));
#5044=DIRECTION('',(0.,-1.,0.));
#5045=DIRECTION('',(0.,1.,0.));
#5046=DIRECTION('',(1.,0.,0.));
#5047=DIRECTION('',(0.,-1.,0.));
#5048=DIRECTION('',(-1.,0.,0.));
#5049=DIRECTION('',(0.,1.,0.));
#5050=DIRECTION('',(1.,0.,0.));
#5051=DIRECTION('',(0.,-1.,0.));
#5052=DIRECTION('',(0.,1.,0.));
#5053=DIRECTION('',(1.,0.,0.));
#5054=DIRECTION('',(0.,-1.,0.));
#5055=DIRECTION('',(-1.,0.,0.));
#5056=DIRECTION('',(0.,1.,0.));
#5057=DIRECTION('',(1.,0.,0.));
#5058=DIRECTION('',(0.,-1.,0.));
#5059=DIRECTION('',(0.,1.,0.));
#5060=DIRECTION('',(1.,0.,0.));
#5061=DIRECTION('',(0.,-1.,0.));
#5062=DIRECTION('',(-1.,0.,0.));
#5063=DIRECTION('',(0.,1.,0.));
#5064=DIRECTION('',(1.,0.,0.));
#5065=DIRECTION('',(0.,-1.,0.));
#5066=DIRECTION('',(0.,1.,0.));
#5067=DIRECTION('',(1.,0.,0.));
#5068=DIRECTION('',(0.,-1.,0.));
#5069=DIRECTION('',(-1.,0.,0.));
#5070=DIRECTION('',(0.,1.,0.));
#5071=DIRECTION('',(1.,0.,0.));
#5072=DIRECTION('',(0.,-1.,0.));
#5073=DIRECTION('',(0.,1.,0.));
#5074=DIRECTION('',(1.,0.,0.));
#5075=DIRECTION('',(0.,-1.,0.));
#5076=DIRECTION('',(-1.,0.,0.));
#5077=DIRECTION('',(0.,1.,0.));
#5078=DIRECTION('',(1.,0.,0.));
#5079=DIRECTION('',(0.,-1.,0.));
#5080=DIRECTION('',(0.,1.,0.));
#5081=DIRECTION('',(1.,0.,0.));
#5082=DIRECTION('',(0.,-1.,0.));
#5083=DIRECTION('',(-1.,0.,0.));
#5084=DIRECTION('',(0.,1.,0.));
#5085=DIRECTION('',(1.,0.,0.));
#5086=DIRECTION('',(0.,-1.,0.));
#5087=DIRECTION('',(0.,1.,0.));
#5088=DIRECTION('',(1.,0.,0.));
#5089=DIRECTION('',(0.,-1.,0.));
#5090=DIRECTION('',(-1.,0.,0.));
#5091=DIRECTION('',(0.,1.,0.));
#5092=DIRECTION('',(1.,0.,0.));
#5093=DIRECTION('',(0.,-1.,0.));
#5094=DIRECTION('',(0.,1.,0.));
#5095=DIRECTION('',(1.,0.,0.));
#5096=DIRECTION('',(0.,-1.,0.));
#5097=DIRECTION('',(-1.,0.,0.));
#5098=DIRECTION('',(0.,1.,0.));
#5099=DIRECTION('',(1.,0.,0.));
#5100=DIRECTION('',(0.,-1.,0.));
#5101=DIRECTION('',(0.,1.,0.));
#5102=DIRECTION('',(1.,0.,0.));
#5103=DIRECTION('',(0.,-1.,0.));
#5104=DIRECTION('',(-1.,0.,0.));
#5105=DIRECTION('',(0.,1.,0.));
#5106=DIRECTION('',(1.,0.,0.));
#5107=DIRECTION('',(0.,-1.,0.));
#5108=DIRECTION('',(0.,1.,0.));
#5109=DIRECTION('',(1.,0.,0.));
#5110=DIRECTION('',(0.,-1.,0.));
#5111=DIRECTION('',(-1.,0.,0.));
#5112=DIRECTION('',(0.,1.,0.));
#5113=DIRECTION('',(1.,0.,0.));
#5114=DIRECTION('',(0.,-1.,0.));
#5115=DIRECTION('',(0.,1.,0.));
#5116=DIRECTION('',(1.,0.,0.));
#5117=DIRECTION('',(0.,-1.,0.));
#5118=DIRECTION('',(-1.,0.,0.));
#5119=DIRECTION('',(0.,1.,0.));
#5120=DIRECTION('',(1.,0.,0.));
#5121=DIRECTION('',(0.,-1.,0.));
#5122=DIRECTION('',(0.,1.,0.));
#5123=DIRECTION('',(1.,0.,0.));
#5124=DIRECTION('',(0.,-1.,0.));
#5125=DIRECTION('',(-1.,0.,0.));
#5126=DIRECTION('',(0.,1.,0.));
#5127=DIRECTION('',(1.,0.,0.));
#5128=DIRECTION('',(0.,-1.,0.));
#5129=DIRECTION('',(0.,1.,0.));
#5130=DIRECTION('',(1.,0.,0.));
#5131=DIRECTION('',(0.,-1.,0.));
#5132=DIRECTION('',(-1.,0.,0.));
#5133=DIRECTION('',(0.,1.,0.));
#5134=DIRECTION('',(1.,0.,0.));
#5135=DIRECTION('',(0.,-1.,0.));
#5136=DIRECTION('',(0.,1.,0.));
#5137=DIRECTION('',(1.,0.,0.));
#5138=DIRECTION('',(0.,-1.,0.));
#5139=DIRECTION('',(-1.,0.,0.));
#5140=DIRECTION('',(0.,1.,0.));
#5141=DIRECTION('',(1.,0.,0.));
#5142=DIRECTION('',(0.,-1.,0.));
#5143=DIRECTION('',(0.,1.,0.));
#5144=DIRECTION('',(1.,0.,0.));
#5145=DIRECTION('',(0.,-1.,0.));
#5146=DIRECTION('',(-1.,0.,0.));
#5147=DIRECTION('',(0.,1.,0.));
#5148=DIRECTION('',(1.,0.,0.));
#5149=DIRECTION('',(0.,-1.,0.));
#5150=DIRECTION('',(0.,1.,0.));
#5151=DIRECTION('',(1.,0.,0.));
#5152=DIRECTION('',(0.,-1.,0.));
#5153=DIRECTION('',(-1.,0.,0.));
#5154=DIRECTION('',(0.,1.,0.));
#5155=DIRECTION('',(1.,0.,0.));
#5156=DIRECTION('',(0.,-1.,0.));
#5157=DIRECTION('',(0.,1.,0.));
#5158=DIRECTION('',(1.,0.,0.));
#5159=DIRECTION('',(0.,-1.,0.));
#5160=DIRECTION('',(-1.,0.,0.));
#5161=DIRECTION('',(0.,1.,0.));
#5162=DIRECTION('',(1.,0.,0.));
#5163=DIRECTION('',(0.,-1.,0.));
#5164=DIRECTION('',(0.,1.,0.));
#5165=DIRECTION('',(1.,0.,0.));
#5166=DIRECTION('',(0.,-1.,0.));
#5167=DIRECTION('',(-1.,0.,0.));
#5168=DIRECTION('',(0.,1.,0.));
#5169=DIRECTION('',(1.,0.,0.));
#5170=DIRECTION('',(0.,-1.,0.));
#5171=DIRECTION('',(0.,1.,0.));
#5172=DIRECTION('',(1.,0.,0.));
#5173=DIRECTION('',(0.,-1.,0.));
#5174=DIRECTION('',(-1.,0.,0.));
#5175=DIRECTION('',(0.,1.,0.));
#5176=DIRECTION('',(1.,0.,0.));
#5177=DIRECTION('',(0.,-1.,0.));
#5178=DIRECTION('',(0.,1.,0.));
#5179=DIRECTION('',(1.,0.,0.));
#5180=DIRECTION('',(0.,-1.,0.));
#5181=DIRECTION('',(-1.,0.,0.));
#5182=DIRECTION('',(0.,1.,0.));
#5183=DIRECTION('',(1.,0.,0.));
#5184=DIRECTION('',(0.,-1.,0.));
#5185=DIRECTION('',(0.,1.,0.));
#5186=DIRECTION('',(1.,0.,0.));
#5187=DIRECTION('',(0.,-1.,0.));
#5188=DIRECTION('',(-1.,0.,0.));
#5189=DIRECTION('',(0.,1.,0.));
#5190=DIRECTION('',(1.,0.,0.));
#5191=DIRECTION('',(0.,-1.,0.));
#5192=DIRECTION('',(0.,1.,0.));
#5193=DIRECTION('',(1.,0.,0.));
#5194=DIRECTION('',(0.,-1.,0.));
#5195=DIRECTION('',(-1.,0.,0.));
#5196=DIRECTION('',(0.,1.,0.));
#5197=DIRECTION('',(1.,0.,0.));
#5198=DIRECTION('',(0.,-1.,0.));
#5199=DIRECTION('',(0.,1.,0.));
#5200=DIRECTION('',(1.,0.,0.));
#5201=DIRECTION('',(0.,-1.,0.));
#5202=DIRECTION('',(-1.,0.,0.));
#5203=DIRECTION('',(0.,1.,0.));
#5204=DIRECTION('',(1.,0.,0.));
#5205=DIRECTION('',(0.,-1.,0.));
#5206=DIRECTION('',(0.,1.,0.));
#5207=DIRECTION('',(1.,0.,0.));
#5208=DIRECTION('',(0.,-1.,0.));
#5209=DIRECTION('',(-1.,0.,0.));
#5210=DIRECTION('',(0.,1.,0.));
#5211=DIRECTION('',(1.,0.,0.));
#5212=DIRECTION('',(0.,-1.,0.));
#5213=DIRECTION('',(0.,1.,0.));
#5214=DIRECTION('',(1.,0.,0.));
#5215=DIRECTION('',(0.,-1.,0.));
#5216=DIRECTION('',(-1.,0.,0.));
#5217=DIRECTION('',(0.,1.,0.));
#5218=DIRECTION('',(1.,0.,0.));
#5219=DIRECTION('',(0.,-1.,0.));
#5220=DIRECTION('',(0.,1.,0.));
#5221=DIRECTION('',(1.,0.,0.));
#5222=DIRECTION('',(0.,-1.,0.));
#5223=DIRECTION('',(-1.,0.,0.));
#5224=DIRECTION('',(0.,1.,0.));
#5225=DIRECTION('',(1.,0.,0.));
#5226=DIRECTION('',(0.,-1.,0.));
#5227=DIRECTION('',(0.,1.,0.));
#5228=DIRECTION('',(1.,0.,0.));
#5229=DIRECTION('',(0.,-1.,0.));
#5230=DIRECTION('',(-1.,0.,0.));
#5231=DIRECTION('',(0.,1.,0.));
#5232=DIRECTION('',(1.,0.,0.));
#5233=DIRECTION('',(0.,-1.,0.));
#5234=DIRECTION('',(0.,1.,0.));
#5235=DIRECTION('',(1.,0.,0.));
#5236=DIRECTION('',(0.,-1.,0.));
#5237=DIRECTION('',(-1.,0.,0.));
#5238=DIRECTION('',(0.,1.,0.));
#5239=DIRECTION('',(1.,0.,0.));
#5240=DIRECTION('',(0.,-1.,0.));
#5241=DIRECTION('',(0.,1.,0.));
#5242=DIRECTION('',(1.,0.,0.));
#5243=DIRECTION('',(0.,-1.,0.));
#5244=DIRECTION('',(-1.,0.,0.));
#5245=DIRECTION('',(0.,1.,0.));
#5246=DIRECTION('',(1.,0.,0.));
#5247=DIRECTION('',(0.,-1.,0.));
#5248=DIRECTION('',(0.,1.,0.));
#5249=DIRECTION('',(1.,0.,0.));
#5250=DIRECTION('',(0.,-1.,0.));
#5251=DIRECTION('',(-1.,0.,0.));
#5252=DIRECTION('',(0.,1.,0.));
#5253=DIRECTION('',(1.,0.,0.));
#5254=DIRECTION('',(0.,-1.,0.));
#5255=DIRECTION('',(0.,1.,0.));
#5256=DIRECTION('',(1.,0.,0.));
#5257=DIRECTION('',(0.,-1.,0.));
#5258=DIRECTION('',(-1.,0.,0.));
#5259=DIRECTION('',(0.,1.,0.));
#5260=DIRECTION('',(1.,0.,0.));
#5261=DIRECTION('',(0.,-1.,0.));
#5262=DIRECTION('',(0.,1.,0.));
#5263=DIRECTION('',(1.,0.,0.));
#5264=DIRECTION('',(0.,-1.,0.));
#5265=DIRECTION('',(-1.,0.,0.));
#5266=DIRECTION('',(0.,1.,0.));
#5267=DIRECTION('',(1.,0.,0.));
#5268=DIRECTION('',(0.,-1.,0.));
#5269=DIRECTION('',(0.,1.,0.));
#5270=DIRECTION('',(1.,0.,0.));
#5271=DIRECTION('',(0.,-1.,0.));
#5272=DIRECTION('',(-1.,0.,0.));
#5273=DIRECTION('',(0.,1.,0.));
#5274=DIRECTION('',(1.,0.,0.));
#5275=DIRECTION('',(0.,-1.,0.));
#5276=DIRECTION('',(0.,1.,0.));
#5277=DIRECTION('',(1.,0.,0.));
#5278=DIRECTION('',(0.,-1.,0.));
#5279=DIRECTION('',(-1.,0.,0.));
#5280=DIRECTION('',(0.,1.,0.));
#5281=DIRECTION('',(1.,0.,0.));
#5282=DIRECTION('',(0.,-1.,0.));
#5283=DIRECTION('',(0.,1.,0.));
#5284=DIRECTION('',(1.,0.,0.));
#5285=DIRECTION('',(0.,-1.,0.));
#5286=DIRECTION('',(-1.,0.,0.));
#5287=DIRECTION('',(0.,1.,0.));
#5288=DIRECTION('',(1.,0.,0.));
#5289=DIRECTION('',(0.,-1.,0.));
#5290=DIRECTION('',(0.,1.,0.));
#5291=DIRECTION('',(1.,0.,0.));
#5292=DIRECTION('',(0.,-1.,0.));
#5293=DIRECTION('',(-1.,0.,0.));
#5294=DIRECTION('',(0.,1.,0.));
#5295=DIRECTION('',(1.,0.,0.));
#5296=DIRECTION('',(0.,-1.,0.));
#5297=DIRECTION('',(0.,1.,0.));
#5298=DIRECTION('',(1.,0.,0.));
#5299=DIRECTION('',(0.,-1.,0.));
#5300=DIRECTION('',(-1.,0.,0.));
#5301=DIRECTION('',(0.,1.,0.));
#5302=DIRECTION('',(1.,0.,0.));
#5303=DIRECTION('',(0.,-1.,0.));
#5304=DIRECTION('',(0.,1.,0.));
#5305=DIRECTION('',(1.,0.,0.));
#5306=DIRECTION('',(0.,-1.,0.));
#5307=DIRECTION('',(-1.,0.,0.));
#5308=DIRECTION('',(0.,1.,0.));
#5309=DIRECTION('',(1.,0.,0.));
#5310=DIRECTION('',(0.,-1.,0.));
#5311=DIRECTION('',(0.,1.,0.));
#5312=DIRECTION('',(1.,0.,0.));
#5313=DIRECTION('',(0.,-1.,0.));
#5314=DIRECTION('',(-1.,0.,0.));
#5315=DIRECTION('',(0.,1.,0.));
#5316=DIRECTION('',(1.,0.,0.));
#5317=DIRECTION('',(0.,-1.,0.));
#5318=DIRECTION('',(0.,1.,0.));
#5319=DIRECTION('',(1.,0.,0.));
#5320=DIRECTION('',(0.,-1.,0.));
#5321=DIRECTION('',(-1.,0.,0.));
#5322=DIRECTION('',(0.,1.,0.));
#5323=DIRECTION('',(1.,0.,0.));
#5324=DIRECTION('',(0.,-1.,0.));
#5325=DIRECTION('',(0.,1.,0.));
#5326=DIRECTION('',(1.,0.,0.));
#5327=DIRECTION('',(0.,-1.,0.));
#5328=DIRECTION('',(-1.,0.,0.));
#5329=DIRECTION('',(0.,1.,0.));
#5330=DIRECTION('',(1.,0.,0.));
#5331=DIRECTION('',(0.,-1.,0.));
#5332=DIRECTION('',(0.,1.,0.));
#5333=DIRECTION('',(1.,0.,0.));
#5334=DIRECTION('',(0.,-1.,0.));
#5335=DIRECTION('',(-1.,0.,0.));
#5336=DIRECTION('',(0.,1.,0.));
#5337=DIRECTION('',(1.,0.,0.));
#5338=DIRECTION('',(0.,-1.,0.));
#5339=DIRECTION('',(0.,1.,0.));
#5340=DIRECTION('',(1.,0.,0.));
#5341=DIRECTION('',(0.,-1.,0.));
#5342=DIRECTION('',(-1.,0.,0.));
#5343=DIRECTION('',(0.,1.,0.));
#5344=DIRECTION('',(1.,0.,0.));
#5345=DIRECTION('',(0.,-1.,0.));
#5346=DIRECTION('',(0.,1.,0.));
#5347=DIRECTION('',(1.,0.,0.));
#5348=DIRECTION('',(0.,-1.,0.));
#5349=DIRECTION('',(-1.,0.,0.));
#5350=DIRECTION('',(0.,1.,0.));
#5351=DIRECTION('',(1.,0.,0.));
#5352=DIRECTION('',(0.,-1.,0.));
#5353=DIRECTION('',(0.,1.,0.));
#5354=DIRECTION('',(1.,0.,0.));
#5355=DIRECTION('',(0.,-1.,0.));
#5356=DIRECTION('',(-1.,0.,0.));
#5357=DIRECTION('',(0.,1.,0.));
#5358=DIRECTION('',(1.,0.,0.));
#5359=DIRECTION('',(0.,-1.,0.));
#5360=DIRECTION('',(0.,1.,0.));
#5361=DIRECTION('',(1.,0.,0.));
#5362=DIRECTION('',(0.,-1.,0.));
#5363=DIRECTION('',(-1.,0.,0.));
#5364=DIRECTION('',(0.,1.,0.));
#5365=DIRECTION('',(1.,0.,0.));
#5366=DIRECTION('',(0.,-1.,0.));
#5367=DIRECTION('',(0.,1.,0.));
#5368=DIRECTION('',(1.,0.,0.));
#5369=DIRECTION('',(0.,-1.,0.));
#5370=DIRECTION('',(-1.,0.,0.));
#5371=DIRECTION('',(0.,1.,0.));
#5372=DIRECTION('',(1.,0.,0.));
#5373=DIRECTION('',(0.,-1.,0.));
#5374=DIRECTION('',(0.,1.,0.));
#5375=DIRECTION('',(1.,0.,0.));
#5376=DIRECTION('',(0.,-1.,0.));
#5377=DIRECTION('',(-1.,0.,0.));
#5378=DIRECTION('',(0.,1.,0.));
#5379=DIRECTION('',(1.,0.,0.));
#5380=DIRECTION('',(0.,-1.,0.));
#5381=DIRECTION('',(0.,1.,0.));
#5382=DIRECTION('',(1.,0.,0.));
#5383=DIRECTION('',(0.,-1.,0.));
#5384=DIRECTION('',(-1.,0.,0.));
#5385=DIRECTION('',(0.,1.,0.));
#5386=DIRECTION('',(1.,0.,0.));
#5387=DIRECTION('',(0.,-1.,0.));
#5388=DIRECTION('',(0.,1.,0.));
#5389=DIRECTION('',(1.,0.,0.));
#5390=DIRECTION('',(0.,-1.,0.));
#5391=DIRECTION('',(-1.,0.,0.));
#5392=DIRECTION('',(0.,1.,0.));
#5393=DIRECTION('',(1.,0.,0.));
#5394=DIRECTION('',(0.,-1.,0.));
#5395=DIRECTION('',(0.,1.,0.));
#5396=DIRECTION('',(1.,0.,0.));
#5397=DIRECTION('',(0.,-1.,0.));
#5398=DIRECTION('',(-1.,0.,0.));
#5399=DIRECTION('',(0.,1.,0.));
#5400=DIRECTION('',(1.,0.,0.));
#5401=DIRECTION('',(0.,-1.,0.));
#5402=DIRECTION('',(0.,1.,0.));
#5403=DIRECTION('',(1.,0.,0.));
#5404=DIRECTION('',(0.,-1.,0.));
#5405=DIRECTION('',(-1.,0.,0.));
#5406=DIRECTION('',(0.,1.,0.));
#5407=DIRECTION('',(1.,0.,0.));
#5408=DIRECTION('',(0.,-1.,0.));
#5409=DIRECTION('',(0.,1.,0.));
#5410=DIRECTION('',(1.,0.,0.));
#5411=DIRECTION('',(0.,-1.,0.));
#5412=DIRECTION('',(-1.,0.,0.));
#5413=DIRECTION('',(0.,1.,0.));
#5414=DIRECTION('',(1.,0.,0.));
#5415=DIRECTION('',(0.,-1.,0.));
#5416=DIRECTION('',(0.,1.,0.));
#5417=DIRECTION('',(1.,0.,0.));
#5418=DIRECTION('',(0.,-1.,0.));
#5419=DIRECTION('',(-1.,0.,0.));
#5420=DIRECTION('',(0.,1.,0.));
#5421=DIRECTION('',(1.,0.,0.));
#5422=DIRECTION('',(0.,-1.,0.));
#5423=DIRECTION('',(0.,1.,0.));
#5424=DIRECTION('',(1.,0.,0.));
#5425=DIRECTION('',(0.,-1.,0.));
#5426=DIRECTION('',(-1.,0.,0.));
#5427=DIRECTION('',(0.,1.,0.));
#5428=DIRECTION('',(1.,0.,0.));
#5429=DIRECTION('',(0.,-1.,0.));
#5430=DIRECTION('',(0.,1.,0.));
#5431=DIRECTION('',(1.,0.,0.));
#5432=DIRECTION('',(0.,-1.,0.));
#5433=DIRECTION('',(-1.,0.,0.));
#5434=DIRECTION('',(0.,1.,0.));
#5435=DIRECTION('',(1.,0.,0.));
#5436=DIRECTION('',(0.,-1.,0.));
#5437=DIRECTION('',(0.,1.,0.));
#5438=DIRECTION('',(1.,0.,0.));
#5439=DIRECTION('',(0.,-1.,0.));
#5440=DIRECTION('',(-1.,0.,0.));
#5441=DIRECTION('',(0.,1.,0.));
#5442=DIRECTION('',(1.,0.,0.));
#5443=DIRECTION('',(0.,-1.,0.));
#5444=DIRECTION('',(0.,1.,0.));
#5445=DIRECTION('',(1.,0.,0.));
#5446=DIRECTION('',(0.,-1.,0.));
#5447=DIRECTION('',(-1.,0.,0.));
#5448=DIRECTION('',(0.,1.,0.));
#5449=DIRECTION('',(1.,0.,0.));
#5450=DIRECTION('',(0.,-1.,0.));
#5451=DIRECTION('',(0.,1.,0.));
#5452=DIRECTION('',(1.,0.,0.));
#5453=DIRECTION('',(0.,-1.,0.));
#5454=DIRECTION('',(-1.,0.,0.));
#5455=DIRECTION('',(0.,1.,0.));
#5456=DIRECTION('',(1.,0.,0.));
#5457=DIRECTION('',(0.,-1.,0.));
#5458=DIRECTION('',(0.,1.,0.));
#5459=DIRECTION('',(1.,0.,0.));
#5460=DIRECTION('',(0.,-1.,0.));
#5461=DIRECTION('',(-1.,0.,0.));
#5462=DIRECTION('',(0.,1.,0.));
#5463=DIRECTION('',(1.,0.,0.));
#5464=DIRECTION('',(0.,-1.,0.));
#5465=DIRECTION('',(0.,1.,0.));
#5466=DIRECTION('',(1.,0.,0.));
#5467=DIRECTION('',(0.,-1.,0.));
#5468=DIRECTION('',(-1.,0.,0.));
#5469=DIRECTION('',(0.,1.,0.));
#5470=DIRECTION('',(1.,0.,0.));
#5471=DIRECTION('',(0.,-1.,0.));
#5472=DIRECTION('',(0.,1.,0.));
#5473=DIRECTION('',(1.,0.,0.));
#5474=DIRECTION('',(0.,-1.,0.));
#5475=DIRECTION('',(-1.,0.,0.));
#5476=DIRECTION('',(0.,1.,0.));
#5477=DIRECTION('',(1.,0.,0.));
#5478=DIRECTION('',(0.,-1.,0.));
#5479=DIRECTION('',(0.,1.,0.));
#5480=DIRECTION('',(1.,0.,0.));
#5481=DIRECTION('',(0.,-1.,0.));
#5482=DIRECTION('',(-1.,0.,0.));
#5483=DIRECTION('',(0.,1.,0.));
#5484=DIRECTION('',(1.,0.,0.));
#5485=DIRECTION('',(0.,-1.,0.));
#5486=DIRECTION('',(0.,1.,0.));
#5487=DIRECTION('',(1.,0.,0.));
#5488=DIRECTION('',(0.,-1.,0.));
#5489=DIRECTION('',(-1.,0.,0.));
#5490=DIRECTION('',(0.,1.,0.));
#5491=DIRECTION('',(1.,0.,0.));
#5492=DIRECTION('',(0.,-1.,0.));
#5493=DIRECTION('',(0.,1.,0.));
#5494=DIRECTION('',(1.,0.,0.));
#5495=DIRECTION('',(0.,-1.,0.));
#5496=DIRECTION('',(-1.,0.,0.));
#5497=DIRECTION('',(0.,1.,0.));
#5498=DIRECTION('',(1.,0.,0.));
#5499=DIRECTION('',(0.,-1.,0.));
#5500=DIRECTION('',(0.,1.,0.));
#5501=DIRECTION('',(1.,0.,0.));
#5502=DIRECTION('',(0.,-1.,0.));
#5503=DIRECTION('',(-1.,0.,0.));
#5504=DIRECTION('',(0.,1.,0.));
#5505=DIRECTION('',(1.,0.,0.));
#5506=DIRECTION('',(0.,-1.,0.));
#5507=DIRECTION('',(0.,1.,0.));
#5508=DIRECTION('',(1.,0.,0.));
#5509=DIRECTION('',(0.,-1.,0.));
#5510=DIRECTION('',(-1.,0.,0.));
#5511=DIRECTION('',(0.,1.,0.));
#5512=DIRECTION('',(1.,0.,0.));
#5513=DIRECTION('',(0.,-1.,0.));
#5514=DIRECTION('',(0.,1.,0.));
#5515=DIRECTION('',(1.,0.,0.));
#5516=DIRECTION('',(0.,-1.,0.));
#5517=DIRECTION('',(-1.,0.,0.));
#5518=DIRECTION('',(0.,1.,0.));
#5519=DIRECTION('',(1.,0.,0.));
#5520=DIRECTION('',(0.,-1.,0.));
#5521=DIRECTION('',(0.,1.,0.));
#5522=DIRECTION('',(1.,0.,0.));
#5523=DIRECTION('',(0.,-1.,0.));
#5524=DIRECTION('',(-1.,0.,0.));
#5525=DIRECTION('',(0.,1.,0.));
#5526=DIRECTION('',(1.,0.,0.));
#5527=DIRECTION('',(0.,-1.,0.));
#5528=DIRECTION('',(0.,1.,0.));
#5529=DIRECTION('',(1.,0.,0.));
#5530=DIRECTION('',(0.,-1.,0.));
#5531=DIRECTION('',(-1.,0.,0.));
#5532=DIRECTION('',(0.,1.,0.));
#5533=DIRECTION('',(1.,0.,0.));
#5534=DIRECTION('',(0.,-1.,0.));
#5535=DIRECTION('',(0.,1.,0.));
#5536=DIRECTION('',(1.,0.,0.));
#5537=DIRECTION('',(0.,-1.,0.));
#5538=DIRECTION('',(-1.,0.,0.));
#5539=DIRECTION('',(0.,1.,0.));
#5540=DIRECTION('',(1.,0.,0.));
#5541=DIRECTION('',(0.,-1.,0.));
#5542=DIRECTION('',(0.,1.,0.));
#5543=DIRECTION('',(1.,0.,0.));
#5544=DIRECTION('',(0.,-1.,0.));
#5545=DIRECTION('',(-1.,0.,0.));
#5546=DIRECTION('',(0.,1.,0.));
#5547=DIRECTION('',(1.,0.,0.));
#5548=DIRECTION('',(0.,-1.,0.));
#5549=DIRECTION('',(0.,1.,0.));
#5550=DIRECTION('',(1.,0.,0.));
#5551=DIRECTION('',(0.,-1.,0.));
#5552=DIRECTION('',(-1.,0.,0.));
#5553=DIRECTION('',(0.,1.,0.));
#5554=DIRECTION('',(1.,0.,0.));
#5555=DIRECTION('',(0.,-1.,0.));
#5556=DIRECTION('',(0.,1.,0.));
#5557=DIRECTION('',(1.,0.,0.));
#5558=DIRECTION('',(0.,-1.,0.));
#5559=DIRECTION('',(-1.,0.,0.));
#5560=DIRECTION('',(0.,1.,0.));
#5561=DIRECTION('',(1.,0.,0.));
#5562=DIRECTION('',(0.,-1.,0.));
#5563=DIRECTION('',(0.,1.,0.));
#5564=DIRECTION('',(1.,0.,0.));
#5565=DIRECTION('',(0.,-1.,0.));
#5566=DIRECTION('',(-1.,0.,0.));
#5567=DIRECTION('',(0.,1.,0.));
#5568=DIRECTION('',(1.,0.,0.));
#5569=DIRECTION('',(0.,-1.,0.));
#5570=DIRECTION('',(0.,1.,0.));
#5571=DIRECTION('',(1.,0.,0.));
#5572=DIRECTION('',(0.,-1.,0.));
#5573=DIRECTION('',(-1.,0.,0.));
#5574=DIRECTION('',(0.,1.,0.));
#5575=DIRECTION('',(1.,0.,0.));
#5576=DIRECTION('',(0.,-1.,0.));
#5577=DIRECTION('',(0.,1.,0.));
#5578=DIRECTION('',(1.,0.,0.));
#5579=DIRECTION('',(0.,-1.,0.));
#5580=DIRECTION('',(-1.,0.,0.));
#5581=DIRECTION('',(0.,1.,0.));
#5582=DIRECTION('',(1.,0.,0.));
#5583=DIRECTION('',(0.,-1.,0.));
#5584=DIRECTION('',(0.,1.,0.));
#5585=DIRECTION('',(1.,0.,0.));
#5586=DIRECTION('',(0.,-1.,0.));
#5587=DIRECTION('',(-1.,0.,0.));
#5588=DIRECTION('',(0.,1.,0.));
#5589=DIRECTION('',(1.,0.,0.));
#5590=DIRECTION('',(0.,-1.,0.));
#5591=DIRECTION('',(0.,1.,0.));
#5592=DIRECTION('',(1.,0.,0.));
#5593=DIRECTION('',(0.,-1.,0.));
#5594=DIRECTION('',(-1.,0.,0.));
#5595=DIRECTION('',(0.,1.,0.));
#5596=DIRECTION('',(1.,0.,0.));
#5597=DIRECTION('',(0.,-1.,0.));
#5598=DIRECTION('',(0.,1.,0.));
#5599=DIRECTION('',(1.,0.,0.));
#5600=DIRECTION('',(0.,-1.,0.));
#5601=DIRECTION('',(-1.,0.,0.));
#5602=DIRECTION('',(0.,1.,0.));
#5603=DIRECTION('',(1.,0.,0.));
#5604=DIRECTION('',(0.,-1.,0.));
#5605=DIRECTION('',(0.,1.,0.));
#5606=DIRECTION('',(1.,0.,0.));
#5607=DIRECTION('',(0.,-1.,0.));
#5608=DIRECTION('',(-1.,0.,0.));
#5609=DIRECTION('',(0.,1.,0.));
#5610=DIRECTION('',(1.,0.,0.));
#5611=DIRECTION('',(0.,-1.,0.));
#5612=DIRECTION('',(0.,1.,0.));
#5613=DIRECTION('',(1.,0.,0.));
#5614=DIRECTION('',(0.,-1.,0.));
#5615=DIRECTION('',(-1.,0.,0.));
#5616=DIRECTION('',(0.,1.,0.));
#5617=DIRECTION('',(1.,0.,0.));
#5618=DIRECTION('',(0.,-1.,0.));
#5619=DIRECTION('',(0.,1.,0.));
#5620=DIRECTION('',(1.,0.,0.));
#5621=DIRECTION('',(0.,-1.,0.));
#5622=DIRECTION('',(-1.,0.,0.));
#5623=DIRECTION('',(0.,1.,0.));
#5624=DIRECTION('',(1.,0.,0.));
#5625=DIRECTION('',(0.,-1.,0.));
#5626=DIRECTION('',(0.,1.,0.));
#5627=DIRECTION('',(1.,0.,0.));
#5628=DIRECTION('',(0.,-1.,0.));
#5629=DIRECTION('',(-1.,0.,0.));
#5630=DIRECTION('',(0.,1.,0.));
#5631=DIRECTION('',(1.,0.,0.));
#5632=DIRECTION('',(0.,-1.,0.));
#5633=DIRECTION('',(0.,1.,0.));
#5634=DIRECTION('',(1.,0.,0.));
#5635=DIRECTION('',(0.,-1.,0.));
#5636=DIRECTION('',(-1.,0.,0.));
#5637=DIRECTION('',(0.,1.,0.));
#5638=DIRECTION('',(1.,0.,0.));
#5639=DIRECTION('',(0.,-1.,0.));
#5640=DIRECTION('',(0.,1.,0.));
#5641=DIRECTION('',(1.,0.,0.));
#5642=DIRECTION('',(0.,-1.,0.));
#5643=DIRECTION('',(-1.,0.,0.));
#5644=DIRECTION('',(0.,1.,0.));
#5645=DIRECTION('',(1.,0.,0.));
#5646=DIRECTION('',(0.,-1.,0.));
#5647=DIRECTION('',(0.,1.,0.));
#5648=DIRECTION('',(1.,0.,0.));
#5649=DIRECTION('',(0.,-1.,0.));
#5650=DIRECTION('',(-1.,0.,0.));
#5651=DIRECTION('',(0.,1.,0.));
#5652=DIRECTION('',(1.,0.,0.));
#5653=DIRECTION('',(0.,-1.,0.));
#5654=DIRECTION('',(0.,1.,0.));
#5655=DIRECTION('',(1.,0.,0.));
#5656=DIRECTION('',(0.,-1.,0.));
#5657=DIRECTION('',(-1.,0.,0.));
#5658=DIRECTION('',(0.,1.,0.));
#5659=DIRECTION('',(1.,0.,0.));
#5660=DIRECTION('',(0.,-1.,0.));
#5661=DIRECTION('',(0.,1.,0.));
#5662=DIRECTION('',(1.,0.,0.));
#5663=DIRECTION('',(0.,-1.,0.));
#5664=DIRECTION('',(-1.,0.,0.));
#5665=DIRECTION('',(0.,1.,0.));
#5666=DIRECTION('',(1.,0.,0.));
#5667=DIRECTION('',(0.,-1.,0.));
#5668=DIRECTION('',(0.,1.,0.));
#5669=DIRECTION('',(1.,0.,0.));
#5670=DIRECTION('',(0.,-1.,0.));
#5671=DIRECTION('',(-1.,0.,0.));
#5672=DIRECTION('',(0.,1.,0.));
#5673=DIRECTION('',(1.,0.,0.));
#5674=DIRECTION('',(0.,-1.,0.));
#5675=DIRECTION('',(0.,1.,0.));
#5676=DIRECTION('',(1.,0.,0.));
#5677=DIRECTION('',(0.,-1.,0.));
#5678=DIRECTION('',(-1.,0.,0.));
#5679=DIRECTION('',(0.,1.,0.));
#5680=DIRECTION('',(1.,0.,0.));
#5681=DIRECTION('',(0.,-1.,0.));
#5682=DIRECTION('',(0.,1.,0.));
#5683=DIRECTION('',(1.,0.,0.));
#5684=DIRECTION('',(0.,-1.,0.));
#5685=DIRECTION('',(-1.,0.,0.));
#5686=DIRECTION('',(0.,1.,0.));
#5687=DIRECTION('',(1.,0.,0.));
#5688=DIRECTION('',(0.,-1.,0.));
#5689=DIRECTION('',(0.,1.,0.));
#5690=DIRECTION('',(1.,0.,0.));
#5691=DIRECTION('',(0.,-1.,0.));
#5692=DIRECTION('',(-1.,0.,0.));
#5693=DIRECTION('',(0.,1.,0.));
#5694=DIRECTION('',(1.,0.,0.));
#5695=DIRECTION('',(0.,-1.,0.));
#5696=DIRECTION('',(0.,1.,0.));
#5697=DIRECTION('',(1.,0.,0.));
#5698=DIRECTION('',(0.,-1.,0.));
#5699=DIRECTION('',(-1.,0.,0.));
#5700=DIRECTION('',(0.,1.,0.));
#5701=DIRECTION('',(1.,0.,0.));
#5702=DIRECTION('',(0.,-1.,0.));
#5703=DIRECTION('',(0.,1.,0.));
#5704=DIRECTION('',(1.,0.,0.));
#5705=DIRECTION('',(0.,-1.,0.));
#5706=DIRECTION('',(-1.,0.,0.));
#5707=DIRECTION('',(0.,1.,0.));
#5708=DIRECTION('',(1.,0.,0.));
#5709=DIRECTION('',(0.,-1.,0.));
#5710=DIRECTION('',(0.,1.,0.));
#5711=DIRECTION('',(1.,0.,0.));
#5712=DIRECTION('',(0.,-1.,0.));
#5713=DIRECTION('',(-1.,0.,0.));
#5714=DIRECTION('',(0.,1.,0.));
#5715=DIRECTION('',(1.,0.,0.));
#5716=DIRECTION('',(0.,-1.,0.));
#5717=DIRECTION('',(0.,1.,0.));
#5718=DIRECTION('',(1.,0.,0.));
#5719=DIRECTION('',(0.,-1.,0.));
#5720=DIRECTION('',(-1.,0.,0.));
#5721=DIRECTION('',(0.,1.,0.));
#5722=DIRECTION('',(1.,0.,0.));
#5723=DIRECTION('',(0.,-1.,0.));
#5724=DIRECTION('',(0.,1.,0.));
#5725=DIRECTION('',(1.,0.,0.));
#5726=DIRECTION('',(0.,-1.,0.));
#5727=DIRECTION('',(-1.,0.,0.));
#5728=DIRECTION('',(0.,1.,0.));
#5729=DIRECTION('',(1.,0.,0.));
#5730=DIRECTION('',(0.,-1.,0.));
#5731=DIRECTION('',(0.,1.,0.));
#5732=DIRECTION('',(1.,0.,0.));
#5733=DIRECTION('',(0.,-1.,0.));
#5734=DIRECTION('',(-1.,0.,0.));
#5735=DIRECTION('',(0.,1.,0.));
#5736=DIRECTION('',(1.,0.,0.));
#5737=DIRECTION('',(0.,-1.,0.));
#5738=DIRECTION('',(0.,1.,0.));
#5739=DIRECTION('',(1.,0.,0.));
#5740=DIRECTION('',(0.,-1.,0.));
#5741=DIRECTION('',(-1.,0.,0.));
#5742=DIRECTION('',(0.,1.,0.));
#5743=DIRECTION('',(1.,0.,0.));
#5744=DIRECTION('',(0.,-1.,0.));
#5745=DIRECTION('',(0.,1.,0.));
#5746=DIRECTION('',(1.,0.,0.));
#5747=DIRECTION('',(0.,-1.,0.));
#5748=DIRECTION('',(-1.,0.,0.));
#5749=DIRECTION('',(0.,1.,0.));
#5750=DIRECTION('',(1.,0.,0.));
#5751=DIRECTION('',(0.,-1.,0.));
#5752=DIRECTION('',(0.,1.,0.));
#5753=DIRECTION('',(1.,0.,0.));
#5754=DIRECTION('',(0.,-1.,0.));
#5755=DIRECTION('',(-1.,0.,0.));
#5756=DIRECTION('',(0.,1.,0.));
#5757=DIRECTION('',(1.,0.,0.));
#5758=DIRECTION('',(0.,-1.,0.));
#5759=DIRECTION('',(0.,1.,0.));
#5760=DIRECTION('',(1.,0.,0.));
#5761=DIRECTION('',(0.,-1.,0.));
#5762=DIRECTION('',(-1.,0.,0.));
#5763=DIRECTION('',(0.,1.,0.));
#5764=DIRECTION('',(1.,0.,0.));
#5765=DIRECTION('',(0.,-1.,0.));
#5766=DIRECTION('',(0.,1.,0.));
#5767=DIRECTION('',(1.,0.,0.));
#5768=DIRECTION('',(0.,-1.,0.));
#5769=DIRECTION('',(-1.,0.,0.));
#5770=DIRECTION('',(0.,1.,0.));
#5771=DIRECTION('',(1.,0.,0.));
#5772=DIRECTION('',(0.,-1.,0.));
#5773=DIRECTION('',(0.,1.,0.));
#5774=DIRECTION('',(1.,0.,0.));
#5775=DIRECTION('',(0.,-1.,0.));
#5776=DIRECTION('',(-1.,0.,0.));
#5777=DIRECTION('',(0.,1.,0.));
#5778=DIRECTION('',(1.,0.,0.));
#5779=DIRECTION('',(0.,-1.,0.));
#5780=DIRECTION('',(0.,1.,0.));
#5781=DIRECTION('',(1.,0.,0.));
#5782=DIRECTION('',(0.,-1.,0.));
#5783=DIRECTION('',(-1.,0.,0.));
#5784=DIRECTION('',(0.,1.,0.));
#5785=DIRECTION('',(1.,0.,0.));
#5786=DIRECTION('',(0.,-1.,0.));
#5787=DIRECTION('',(0.,1.,0.));
#5788=DIRECTION('',(1.,0.,0.));
#5789=DIRECTION('',(0.,-1.,0.));
#5790=DIRECTION('',(-1.,0.,0.));
#5791=DIRECTION('',(0.,1.,0.));
#5792=DIRECTION('',(1.,0.,0.));
#5793=DIRECTION('',(0.,-1.,0.));
#5794=DIRECTION('',(0.,1.,0.));
#5795=DIRECTION('',(1.,0.,0.));
#5796=DIRECTION('',(0.,-1.,0.));
#5797=DIRECTION('',(-1.,0.,0.));
#5798=DIRECTION('',(0.,1.,0.));
#5799=DIRECTION('',(1.,0.,0.));
#5800=DIRECTION('',(0.,-1.,0.));
#5801=DIRECTION('',(0.,1.,0.));
#5802=DIRECTION('',(1.,0.,0.));
#5803=DIRECTION('',(0.,-1.,0.));
#5804=DIRECTION('',(-1.,0.,0.));
#5805=DIRECTION('',(0.,1.,0.));
#5806=DIRECTION('',(1.,0.,0.));
#5807=DIRECTION('',(0.,-1.,0.));
#5808=DIRECTION('',(0.,1.,0.));
#5809=DIRECTION('',(1.,0.,0.));
#5810=DIRECTION('',(0.,-1.,0.));
#5811=DIRECTION('',(-1.,0.,0.));
#5812=DIRECTION('',(0.,1.,0.));
#5813=DIRECTION('',(1.,0.,0.));
#5814=DIRECTION('',(0.,-1.,0.));
#5815=DIRECTION('',(0.,1.,0.));
#5816=DIRECTION('',(1.,0.,0.));
#5817=DIRECTION('',(0.,-1.,0.));
#5818=DIRECTION('',(-1.,0.,0.));
#5819=DIRECTION('',(0.,1.,0.));
#5820=DIRECTION('',(1.,0.,0.));
#5821=DIRECTION('',(0.,-1.,0.));
#5822=DIRECTION('',(0.,1.,0.));
#5823=DIRECTION('',(1.,0.,0.));
#5824=DIRECTION('',(0.,-1.,0.));
#5825=DIRECTION('',(-1.,0.,0.));
#5826=DIRECTION('',(0.,1.,0.));
#5827=DIRECTION('',(1.,0.,0.));
#5828=DIRECTION('',(0.,-1.,0.));
#5829=DIRECTION('',(0.,1.,0.));
#5830=DIRECTION('',(1.,0.,0.));
#5831=DIRECTION('',(0.,-1.,0.));
#5832=DIRECTION('',(-1.,0.,0.));
#5833=DIRECTION('',(0.,1.,0.));
#5834=DIRECTION('',(1.,0.,0.));
#5835=DIRECTION('',(0.,-1.,0.));
#5836=DIRECTION('',(0.,1.,0.));
#5837=DIRECTION('',(1.,0.,0.));
#5838=DIRECTION('',(0.,-1.,0.));
#5839=DIRECTION('',(-1.,0.,0.));
#5840=DIRECTION('',(0.,1.,0.));
#5841=DIRECTION('',(1.,0.,0.));
#5842=DIRECTION('',(0.,-1.,0.));
#5843=DIRECTION('',(0.,1.,0.));
#5844=DIRECTION('',(1.,0.,0.));
#5845=DIRECTION('',(0.,-1.,0.));
#5846=DIRECTION('',(-1.,0.,0.));
#5847=DIRECTION('',(0.,1.,0.));
#5848=DIRECTION('',(1.,0.,0.));
#5849=DIRECTION('',(0.,-1.,0.));
#5850=DIRECTION('',(0.,1.,0.));
#5851=DIRECTION('',(1.,0.,0.));
#5852=DIRECTION('',(0.,-1.,0.));
#5853=DIRECTION('',(-1.,0.,0.));
#5854=DIRECTION('',(0.,1.,0.));
#5855=DIRECTION('',(1.,0.,0.));
#5856=DIRECTION('',(0.,-1.,0.));
#5857=DIRECTION('',(0.,1.,0.));
#5858=DIRECTION('',(1.,0.,0.));
#5859=DIRECTION('',(0.,-1.,0.));
#5860=DIRECTION('',(-1.,0.,0.));
#5861=DIRECTION('',(0.,1.,0.));
#5862=DIRECTION('',(1.,0.,0.));
#5863=DIRECTION('',(0.,-1.,0.));
#5864=DIRECTION('',(0.,1.,0.));
#5865=DIRECTION('',(1.,0.,0.));
#5866=DIRECTION('',(0.,-1.,0.));
#5867=DIRECTION('',(-1.,0.,0.));
#5868=DIRECTION('',(0.,1.,0.));
#5869=DIRECTION('',(1.,0.,0.));
#5870=DIRECTION('',(0.,-1.,0.));
#5871=DIRECTION('',(0.,1.,0.));
#5872=DIRECTION('',(1.,0.,0.));
#5873=DIRECTION('',(0.,-1.,0.));
#5874=DIRECTION('',(-1.,0.,0.));
#5875=DIRECTION('',(0.,1.,0.));
#5876=DIRECTION('',(1.,0.,0.));
#5877=DIRECTION('',(0.,-1.,0.));
#5878=DIRECTION('',(0.,1.,0.));
#5879=DIRECTION('',(1.,0.,0.));
#5880=DIRECTION('',(0.,-1.,0.));
#5881=DIRECTION('',(-1.,0.,0.));
#5882=DIRECTION('',(0.,1.,0.));
#5883=DIRECTION('',(1.,0.,0.));
#5884=DIRECTION('',(0.,-1.,0.));
#5885=DIRECTION('',(0.,1.,0.));
#5886=DIRECTION('',(1.,0.,0.));
#5887=DIRECTION('',(0.,-1.,0.));
#5888=DIRECTION('',(-1.,0.,0.));
#5889=DIRECTION('',(0.,1.,0.));
#5890=DIRECTION('',(1.,0.,0.));
#5891=DIRECTION('',(0.,-1.,0.));
#5892=DIRECTION('',(0.,1.,0.));
#5893=DIRECTION('',(1.,0.,0.));
#5894=DIRECTION('',(0.,-1.,0.));
#5895=DIRECTION('',(-1.,0.,0.));
#5896=DIRECTION('',(0.,1.,0.));
#5897=DIRECTION('',(1.,0.,0.));
#5898=DIRECTION('',(0.,-1.,0.));
#5899=DIRECTION('',(0.,1.,0.));
#5900=DIRECTION('',(1.,0.,0.));
#5901=DIRECTION('',(0.,-1.,0.));
#5902=DIRECTION('',(-1.,0.,0.));
#5903=DIRECTION('',(0.,1.,0.));
#5904=DIRECTION('',(1.,0.,0.));
#5905=DIRECTION('',(0.,-1.,0.));
#5906=DIRECTION('',(0.,1.,0.));
#5907=DIRECTION('',(1.,0.,0.));
#5908=DIRECTION('',(0.,-1.,0.));
#5909=DIRECTION('',(-1.,0.,0.));
#5910=DIRECTION('',(0.,1.,0.));
#5911=DIRECTION('',(1.,0.,0.));
#5912=DIRECTION('',(0.,-1.,0.));
#5913=DIRECTION('',(0.,1.,0.));
#5914=DIRECTION('',(1.,0.,0.));
#5915=DIRECTION('',(0.,-1.,0.));
#5916=DIRECTION('',(-1.,0.,0.));
#5917=DIRECTION('',(0.,1.,0.));
#5918=DIRECTION('',(1.,0.,0.));
#5919=DIRECTION('',(0.,-1.,0.));
#5920=DIRECTION('',(0.,1.,0.));
#5921=DIRECTION('',(1.,0.,0.));
#5922=DIRECTION('',(0.,-1.,0.));
#5923=DIRECTION('',(-1.,0.,0.));
#5924=DIRECTION('',(0.,1.,0.));
#5925=DIRECTION('',(1.,0.,0.));
#5926=DIRECTION('',(0.,-1.,0.));
#5927=DIRECTION('',(0.,1.,0.));
#5928=DIRECTION('',(1.,0.,0.));
#5929=DIRECTION('',(0.,-1.,0.));
#5930=DIRECTION('',(-1.,0.,0.));
#5931=DIRECTION('',(0.,1.,0.));
#5932=DIRECTION('',(1.,0.,0.));
#5933=DIRECTION('',(0.,-1.,0.));
#5934=DIRECTION('',(0.,1.,0.));
#5935=DIRECTION('',(1.,0.,0.));
#5936=DIRECTION('',(0.,-1.,0.));
#5937=DIRECTION('',(-1.,0.,0.));
#5938=DIRECTION('',(0.,1.,0.));
#5939=DIRECTION('',(1.,0.,0.));
#5940=DIRECTION('',(0.,-1.,0.));
#5941=DIRECTION('',(0.,1.,0.));
#5942=DIRECTION('',(1.,0.,0.));
#5943=DIRECTION('',(0.,-1.,0.));
#5944=DIRECTION('',(-1.,0.,0.));
#5945=DIRECTION('',(0.,1.,0.));
#5946=DIRECTION('',(1.,0.,0.));
#5947=DIRECTION('',(0.,-1.,0.));
#5948=DIRECTION('',(0.,1.,0.));
#5949=DIRECTION('',(1.,0.,0.));
#5950=DIRECTION('',(0.,-1.,0.));
#5951=DIRECTION('',(-1.,0.,0.));
#5952=DIRECTION('',(0.,1.,0.));
#5953=DIRECTION('',(1.,0.,0.));
#5954=DIRECTION('',(0.,-1.,0.));
#5955=DIRECTION('',(0.,1.,0.));
#5956=DIRECTION('',(1.,0.,0.));
#5957=DIRECTION('',(0.,-1.,0.));
#5958=DIRECTION('',(-1.,0.,0.));
#5959=DIRECTION('',(0.,1.,0.));
#5960=DIRECTION('',(1.,0.,0.));
#5961=DIRECTION('',(0.,-1.,0.));
#5962=DIRECTION('',(0.,1.,0.));
#5963=DIRECTION('',(1.,0.,0.));
#5964=DIRECTION('',(0.,-1.,0.));
#5965=DIRECTION('',(-1.,0.,0.));
#5966=DIRECTION('',(0.,1.,0.));
#5967=DIRECTION('',(1.,0.,0.));
#5968=DIRECTION('',(0.,-1.,0.));
#5969=DIRECTION('',(0.,1.,0.));
#5970=DIRECTION('',(1.,0.,0.));
#5971=DIRECTION('',(0.,-1.,0.));
#5972=DIRECTION('',(-1.,0.,0.));
#5973=DIRECTION('',(0.,1.,0.));
#5974=DIRECTION('',(1.,0.,0.));
#5975=DIRECTION('',(0.,-1.,0.));
#5976=DIRECTION('',(0.,1.,0.));
#5977=DIRECTION('',(1.,0.,0.));
#5978=DIRECTION('',(0.,-1.,0.));
#5979=DIRECTION('',(-1.,0.,0.));
#5980=DIRECTION('',(0.,1.,0.));
#5981=DIRECTION('',(1.,0.,0.));
#5982=DIRECTION('',(0.,-1.,0.));
#5983=DIRECTION('',(0.,1.,0.));
#5984=DIRECTION('',(1.,0.,0.));
#5985=DIRECTION('',(0.,-1.,0.));
#5986=DIRECTION('',(-1.,0.,0.));
#5987=DIRECTION('',(0.,1.,0.));
#5988=DIRECTION('',(1.,0.,0.));
#5989=DIRECTION('',(0.,-1.,0.));
#5990=DIRECTION('',(0.,1.,0.));
#5991=DIRECTION('',(1.,0.,0.));
#5992=DIRECTION('',(0.,-1.,0.));
#5993=DIRECTION('',(-1.,0.,0.));
#5994=DIRECTION('',(0.,1.,0.));
#5995=DIRECTION('',(1.,0.,0.));
#5996=DIRECTION('',(0.,-1.,0.));
#5997=DIRECTION('',(0.,1.,0.));
#5998=DIRECTION('',(1.,0.,0.));
#5999=DIRECTION('',(0.,-1.,0.));
#6000=DIRECTION('',(-1.,0.,0.));
#6001=DIRECTION('',(0.,1.,0.));
#6002=DIRECTION('',(1.,0.,0.));
#6003=DIRECTION('',(0.,-1.,0.));
#6004=DIRECTION('',(0.,1.,0.));
#6005=DIRECTION('',(1.,0.,0.));
#6006=DIRECTION('',(0.,-1.,0.));
#6007=DIRECTION('',(-1.,0.,0.));
#6008=DIRECTION('',(0.,1.,0.));
#6009=DIRECTION('',(1.,0.,0.));
#6010=DIRECTION('',(0.,-1.,0.));
#6011=DIRECTION('',(0.,1.,0.));
#6012=DIRECTION('',(1.,0.,0.));
#6013=DIRECTION('',(0.,-1.,0.));
#6014=DIRECTION('',(-1.,0.,0.));
#6015=DIRECTION('',(0.,1.,0.));
#6016=DIRECTION('',(1.,0.,0.));
#6017=DIRECTION('',(0.,-1.,0.));
#6018=DIRECTION('',(0.,1.,0.));
#6019=DIRECTION('',(1.,0.,0.));
#6020=DIRECTION('',(0.,-1.,0.));
#6021=DIRECTION('',(-1.,0.,0.));
#6022=DIRECTION('',(0.,1.,0.));
#6023=DIRECTION('',(1.,0.,0.));
#6024=DIRECTION('',(0.,-1.,0.));
#6025=DIRECTION('',(0.,1.,0.));
#6026=DIRECTION('',(1.,0.,0.));
#6027=DIRECTION('',(0.,-1.,0.));
#6028=DIRECTION('',(-1.,0.,0.));
#6029=DIRECTION('',(0.,1.,0.));
#6030=DIRECTION('',(1.,0.,0.));
#6031=DIRECTION('',(0.,-1.,0.));
#6032=DIRECTION('',(0.,1.,0.));
#6033=DIRECTION('',(1.,0.,0.));
#6034=DIRECTION('',(0.,-1.,0.));
#6035=DIRECTION('',(-1.,0.,0.));
#6036=DIRECTION('',(0.,1.,0.));
#6037=DIRECTION('',(1.,0.,0.));
#6038=DIRECTION('',(0.,-1.,0.));
#6039=DIRECTION('',(0.,1.,0.));
#6040=DIRECTION('',(1.,0.,0.));
#6041=DIRECTION('',(0.,-1.,0.));
#6042=DIRECTION('',(-1.,0.,0.));
#6043=DIRECTION('',(0.,1.,0.));
#6044=DIRECTION('',(1.,0.,0.));
#6045=DIRECTION('',(0.,-1.,0.));
#6046=DIRECTION('',(0.,1.,0.));
#6047=DIRECTION('',(1.,0.,0.));
#6048=DIRECTION('',(0.,-1.,0.));
#6049=DIRECTION('',(-1.,0.,0.));
#6050=DIRECTION('',(0.,1.,0.));
#6051=DIRECTION('',(1.,0.,0.));
#6052=DIRECTION('',(0.,-1.,0.));
#6053=DIRECTION('',(0.,1.,0.));
#6054=DIRECTION('',(1.,0.,0.));
#6055=DIRECTION('',(0.,-1.,0.));
#6056=DIRECTION('',(-1.,0.,0.));
#6057=DIRECTION('',(0.,1.,0.));
#6058=DIRECTION('',(1.,0.,0.));
#6059=DIRECTION('',(0.,-1.,0.));
#6060=DIRECTION('',(0.,1.,0.));
#6061=DIRECTION('',(1.,0.,0.));
#6062=DIRECTION('',(0.,-1.,0.));
#6063=DIRECTION('',(-1.,0.,0.));
#6064=DIRECTION('',(0.,1.,0.));
#6065=DIRECTION('',(1.,0.,0.));
#6066=DIRECTION('',(0.,-1.,0.));
#6067=DIRECTION('',(0.,1.,0.));
#6068=DIRECTION('',(1.,0.,0.));
#6069=DIRECTION('',(0.,-1.,0.));
#6070=DIRECTION('',(-1.,0.,0.));
#6071=DIRECTION('',(0.,1.,0.));
#6072=DIRECTION('',(1.,0.,0.));
#6073=DIRECTION('',(0.,-1.,0.));
#6074=DIRECTION('',(0.,1.,0.));
#6075=DIRECTION('',(1.,0.,0.));
#6076=DIRECTION('',(0.,-1.,0.));
#6077=DIRECTION('',(-1.,0.,0.));
#6078=DIRECTION('',(0.,1.,0.));
#6079=DIRECTION('',(1.,0.,0.));
#6080=DIRECTION('',(0.,-1.,0.));
#6081=DIRECTION('',(0.,1.,0.));
#6082=DIRECTION('',(1.,0.,0.));
#6083=DIRECTION('',(0.,-1.,0.));
#6084=DIRECTION('',(-1.,0.,0.));
#6085=DIRECTION('',(0.,1.,0.));
#6086=DIRECTION('',(1.,0.,0.));
#6087=DIRECTION('',(0.,-1.,0.));
#6088=DIRECTION('',(0.,1.,0.));
#6089=DIRECTION('',(1.,0.,0.));
#6090=DIRECTION('',(0.,-1.,0.));
#6091=DIRECTION('',(-1.,0.,0.));
#6092=DIRECTION('',(0.,1.,0.));
#6093=DIRECTION('',(1.,0.,0.));
#6094=DIRECTION('',(0.,-1.,0.));
#6095=DIRECTION('',(0.,1.,0.));
#6096=DIRECTION('',(1.,0.,0.));
#6097=DIRECTION('',(0.,-1.,0.));
#6098=DIRECTION('',(-1.,0.,0.));
#6099=DIRECTION('',(0.,1.,0.));
#6100=DIRECTION('',(1.,0.,0.));
#6101=DIRECTION('',(0.,-1.,0.));
#6102=DIRECTION('',(0.,1.,0.));
#6103=DIRECTION('',(1.,0.,0.));
#6104=DIRECTION('',(0.,-1.,0.));
#6105=DIRECTION('',(-1.,0.,0.));
#6106=DIRECTION('',(0.,1.,0.));
#6107=DIRECTION('',(1.,0.,0.));
#6108=DIRECTION('',(0.,-1.,0.));
#6109=DIRECTION('',(0.,1.,0.));
#6110=DIRECTION('',(1.,0.,0.));
#6111=DIRECTION('',(0.,-1.,0.));
#6112=DIRECTION('',(-1.,0.,0.));
#6113=DIRECTION('',(0.,1.,0.));
#6114=DIRECTION('',(1.,0.,0.));
#6115=DIRECTION('',(0.,-1.,0.));
#6116=DIRECTION('',(0.,1.,0.));
#6117=DIRECTION('',(1.,0.,0.));
#6118=DIRECTION('',(0.,-1.,0.));
#6119=DIRECTION('',(-1.,0.,0.));
#6120=DIRECTION('',(0.,1.,0.));
#6121=DIRECTION('',(1.,0.,0.));
#6122=DIRECTION('',(0.,-1.,0.));
#6123=DIRECTION('',(0.,1.,0.));
#6124=DIRECTION('',(1.,0.,0.));
#6125=DIRECTION('',(0.,-1.,0.));
#6126=DIRECTION('',(-1.,0.,0.));
#6127=DIRECTION('',(0.,1.,0.));
#6128=DIRECTION('',(1.,0.,0.));
#6129=DIRECTION('',(0.,-1.,0.));
#6130=DIRECTION('',(0.,1.,0.));
#6131=DIRECTION('',(1.,0.,0.));
#6132=DIRECTION('',(0.,-1.,0.));
#6133=DIRECTION('',(-1.,0.,0.));
#6134=DIRECTION('',(0.,1.,0.));
#6135=DIRECTION('',(1.,0.,0.));
#6136=DIRECTION('',(0.,-1.,0.));
#6137=DIRECTION('',(0.,1.,0.));
#6138=DIRECTION('',(1.,0.,0.));
#6139=DIRECTION('',(0.,-1.,0.));
#6140=DIRECTION('',(-1.,0.,0.));
#6141=DIRECTION('',(0.,1.,0.));
#6142=DIRECTION('',(1.,0.,0.));
#6143=DIRECTION('',(0.,-1.,0.));
#6144=DIRECTION('',(0.,1.,0.));
#6145=DIRECTION('',(1.,0.,0.));
#6146=DIRECTION('',(0.,-1.,0.));
#6147=DIRECTION('',(-1.,0.,0.));
#6148=DIRECTION('',(0.,1.,0.));
#6149=DIRECTION('',(1.,0.,0.));
#6150=DIRECTION('',(0.,-1.,0.));
#6151=DIRECTION('',(0.,1.,0.));
#6152=DIRECTION('',(1.,0.,0.));
#6153=DIRECTION('',(0.,-1.,0.));
#6154=DIRECTION('',(-1.,0.,0.));
#6155=DIRECTION('',(0.,1.,0.));
#6156=DIRECTION('',(1.,0.,0.));
#6157=DIRECTION('',(0.,-1.,0.));
#6158=DIRECTION('',(0.,1.,0.));
#6159=DIRECTION('',(1.,0.,0.));
#6160=DIRECTION('',(0.,-1.,0.));
#6161=DIRECTION('',(-1.,0.,0.));
#6162=DIRECTION('',(0.,1.,0.));
#6163=DIRECTION('',(1.,0.,0.));
#6164=DIRECTION('',(0.,-1.,0.));
#6165=DIRECTION('',(0.,1.,0.));
#6166=DIRECTION('',(1.,0.,0.));
#6167=DIRECTION('',(0.,-1.,0.));
#6168=DIRECTION('',(-1.,0.,0.));
#6169=DIRECTION('',(0.,1.,0.));
#6170=DIRECTION('',(1.,0.,0.));
#6171=DIRECTION('',(0.,-1.,0.));
#6172=DIRECTION('',(0.,1.,0.));
#6173=DIRECTION('',(1.,0.,0.));
#6174=DIRECTION('',(0.,-1.,0.));
#6175=DIRECTION('',(-1.,0.,0.));
#6176=DIRECTION('',(0.,1.,0.));
#6177=DIRECTION('',(1.,0.,0.));
#6178=DIRECTION('',(0.,-1.,0.));
#6179=DIRECTION('',(0.,1.,0.));
#6180=DIRECTION('',(1.,0.,0.));
#6181=DIRECTION('',(0.,-1.,0.));
#6182=DIRECTION('',(-1.,0.,0.));
#6183=DIRECTION('',(0.,1.,0.));
#6184=DIRECTION('',(1.,0.,0.));
#6185=DIRECTION('',(0.,-1.,0.));
#6186=DIRECTION('',(0.,1.,0.));
#6187=DIRECTION('',(1.,0.,0.));
#6188=DIRECTION('',(0.,-1.,0.));
#6189=DIRECTION('',(-1.,0.,0.));
#6190=DIRECTION('',(0.,1.,0.));
#6191=DIRECTION('',(1.,0.,0.));
#6192=DIRECTION('',(0.,-1.,0.));
#6193=DIRECTION('',(0.,1.,0.));
#6194=DIRECTION('',(1.,0.,0.));
#6195=DIRECTION('',(0.,-1.,0.));
#6196=DIRECTION('',(-1.,0.,0.));
#6197=DIRECTION('',(0.,1.,0.));
#6198=DIRECTION('',(1.,0.,0.));
#6199=DIRECTION('',(0.,-1.,0.));
#6200=DIRECTION('',(0.,1.,0.));
#6201=DIRECTION('',(1.,0.,0.));
#6202=DIRECTION('',(0.,-1.,0.));
#6203=DIRECTION('',(-1.,0.,0.));
#6204=DIRECTION('',(0.,1.,0.));
#6205=DIRECTION('',(1.,0.,0.));
#6206=DIRECTION('',(0.,-1.,0.));
#6207=DIRECTION('',(0.,1.,0.));
#6208=DIRECTION('',(1.,0.,0.));
#6209=DIRECTION('',(0.,-1.,0.));
#6210=DIRECTION('',(-1.,0.,0.));
#6211=DIRECTION('',(0.,1.,0.));
#6212=DIRECTION('',(1.,0.,0.));
#6213=DIRECTION('',(0.,-1.,0.));
#6214=DIRECTION('',(0.,1.,0.));
#6215=DIRECTION('',(1.,0.,0.));
#6216=DIRECTION('',(0.,-1.,0.));
#6217=DIRECTION('',(-1.,0.,0.));
#6218=DIRECTION('',(0.,1.,0.));
#6219=DIRECTION('',(1.,0.,0.));
#6220=DIRECTION('',(0.,-1.,0.));
#6221=DIRECTION('',(0.,1.,0.));
#6222=DIRECTION('',(1.,0.,0.));
#6223=DIRECTION('',(0.,-1.,0.));
#6224=DIRECTION('',(-1.,0.,0.));
#6225=DIRECTION('',(0.,1.,0.));
#6226=DIRECTION('',(1.,0.,0.));
#6227=DIRECTION('',(0.,-1.,0.));
#6228=DIRECTION('',(0.,1.,0.));
#6229=DIRECTION('',(1.,0.,0.));
#6230=DIRECTION('',(0.,-1.,0.));
#6231=DIRECTION('',(-1.,0.,0.));
#6232=DIRECTION('',(0.,1.,0.));
#6233=DIRECTION('',(1.,0.,0.));
#6234=DIRECTION('',(0.,-1.,0.));
#6235=DIRECTION('',(0.,1.,0.));
#6236=DIRECTION('',(1.,0.,0.));
#6237=DIRECTION('',(0.,-1.,0.));
#6238=DIRECTION('',(-1.,0.,0.));
#6239=DIRECTION('',(0.,1.,0.));
#6240=DIRECTION('',(1.,0.,0.));
#6241=DIRECTION('',(0.,-1.,0.));
#6242=DIRECTION('',(0.,1.,0.));
#6243=DIRECTION('',(1.,0.,0.));
#6244=DIRECTION('',(0.,-1.,0.));
#6245=DIRECTION('',(-1.,0.,0.));
#6246=DIRECTION('',(0.,1.,0.));
#6247=DIRECTION('',(1.,0.,0.));
#6248=DIRECTION('',(0.,-1.,0.));
#6249=DIRECTION('',(0.,1.,0.));
#6250=DIRECTION('',(1.,0.,0.));
#6251=DIRECTION('',(0.,-1.,0.));
#6252=DIRECTION('',(-1.,0.,0.));
#6253=DIRECTION('',(0.,1.,0.));
#6254=DIRECTION('',(1.,0.,0.));
#6255=DIRECTION('',(0.,-1.,0.));
#6256=DIRECTION('',(0.,1.,0.));
#6257=DIRECTION('',(1.,0.,0.));
#6258=DIRECTION('',(0.,-1.,0.));
#6259=DIRECTION('',(-1.,0.,0.));
#6260=DIRECTION('',(0.,1.,0.));
#6261=DIRECTION('',(1.,0.,0.));
#6262=DIRECTION('',(0.,-1.,0.));
#6263=DIRECTION('',(0.,1.,0.));
#6264=DIRECTION('',(1.,0.,0.));
#6265=DIRECTION('',(0.,-1.,0.));
#6266=DIRECTION('',(-1.,0.,0.));
#6267=DIRECTION('',(0.,1.,0.));
#6268=DIRECTION('',(1.,0.,0.));
#6269=DIRECTION('',(0.,-1.,0.));
#6270=DIRECTION('',(0.,1.,0.));
#6271=DIRECTION('',(1.,0.,0.));
#6272=DIRECTION('',(0.,-1.,0.));
#6273=DIRECTION('',(-1.,0.,0.));
#6274=DIRECTION('',(0.,1.,0.));
#6275=DIRECTION('',(1.,0.,0.));
#6276=DIRECTION('',(0.,-1.,0.));
#6277=DIRECTION('',(0.,1.,0.));
#6278=DIRECTION('',(1.,0.,0.));
#6279=DIRECTION('',(0.,-1.,0.));
#6280=DIRECTION('',(-1.,0.,0.));
#6281=DIRECTION('',(0.,1.,0.));
#6282=DIRECTION('',(1.,0.,0.));
#6283=DIRECTION('',(0.,-1.,0.));
#6284=DIRECTION('',(0.,1.,0.));
#6285=DIRECTION('',(1.,0.,0.));
#6286=DIRECTION('',(0.,-1.,0.));
#6287=DIRECTION('',(-1.,0.,0.));
#6288=DIRECTION('',(0.,1.,0.));
#6289=DIRECTION('',(1.,0.,0.));
#6290=DIRECTION('',(0.,-1.,0.));
#6291=DIRECTION('',(0.,1.,0.));
#6292=DIRECTION('',(1.,0.,0.));
#6293=DIRECTION('',(0.,-1.,0.));
#6294=DIRECTION('',(-1.,0.,0.));
#6295=DIRECTION('',(0.,1.,0.));
#6296=DIRECTION('',(1.,0.,0.));
#6297=DIRECTION('',(0.,-1.,0.));
#6298=DIRECTION('',(0.,1.,0.));
#6299=DIRECTION('',(1.,0.,0.));
#6300=DIRECTION('',(0.,-1.,0.));
#6301=DIRECTION('',(-1.,0.,0.));
#6302=DIRECTION('',(0.,1.,0.));
#6303=DIRECTION('',(1.,0.,0.));
#6304=DIRECTION('',(0.,-1.,0.));
#6305=DIRECTION('',(0.,1.,0.));
#6306=DIRECTION('',(1.,0.,0.));
#6307=DIRECTION('',(0.,-1.,0.));
#6308=DIRECTION('',(-1.,0.,0.));
#6309=DIRECTION('',(0.,1.,0.));
#6310=DIRECTION('',(1.,0.,0.));
#6311=DIRECTION('',(0.,-1.,0.));
#6312=DIRECTION('',(0.,1.,0.));
#6313=DIRECTION('',(1.,0.,0.));
#6314=DIRECTION('',(0.,-1.,0.));
#6315=DIRECTION('',(-1.,0.,0.));
#6316=DIRECTION('',(0.,1.,0.));
#6317=DIRECTION('',(1.,0.,0.));
#6318=DIRECTION('',(0.,-1.,0.));
#6319=DIRECTION('',(0.,1.,0.));
#6320=DIRECTION('',(1.,0.,0.));
#6321=DIRECTION('',(0.,-1.,0.));
#6322=DIRECTION('',(-1.,0.,0.));
#6323=DIRECTION('',(0.,1.,0.));
#6324=DIRECTION('',(1.,0.,0.));
#6325=DIRECTION('',(0.,-1.,0.));
#6326=DIRECTION('',(0.,1.,0.));
#6327=DIRECTION('',(1.,0.,0.));
#6328=DIRECTION('',(0.,-1.,0.));
#6329=DIRECTION('',(-1.,0.,0.));
#6330=DIRECTION('',(0.,1.,0.));
#6331=DIRECTION('',(1.,0.,0.));
#6332=DIRECTION('',(0.,-1.,0.));
#6333=DIRECTION('',(0.,1.,0.));
#6334=DIRECTION('',(1.,0.,0.));
#6335=DIRECTION('',(0.,-1.,0.));
#6336=DIRECTION('',(-1.,0.,0.));
#6337=DIRECTION('',(0.,1.,0.));
#6338=DIRECTION('',(1.,0.,0.));
#6339=DIRECTION('',(0.,-1.,0.));
#6340=DIRECTION('',(0.,1.,0.));
#6341=DIRECTION('',(1.,0.,0.));
#6342=DIRECTION('',(0.,-1.,0.));
#6343=DIRECTION('',(-1.,0.,0.));
#6344=DIRECTION('',(0.,1.,0.));
#6345=DIRECTION('',(1.,0.,0.));
#6346=DIRECTION('',(0.,-1.,0.));
#6347=DIRECTION('',(0.,1.,0.));
#6348=DIRECTION('',(1.,0.,0.));
#6349=DIRECTION('',(0.,-1.,0.));
#6350=DIRECTION('',(-1.,0.,0.));
#6351=DIRECTION('',(0.,1.,0.));
#6352=DIRECTION('',(1.,0.,0.));
#6353=DIRECTION('',(0.,-1.,0.));
#6354=DIRECTION('',(0.,1.,0.));
#6355=DIRECTION('',(1.,0.,0.));
#6356=DIRECTION('',(0.,-1.,0.));
#6357=DIRECTION('',(-1.,0.,0.));
#6358=DIRECTION('',(0.,1.,0.));
#6359=DIRECTION('',(1.,0.,0.));
#6360=DIRECTION('',(0.,-1.,0.));
#6361=DIRECTION('',(0.,1.,0.));
#6362=DIRECTION('',(1.,0.,0.));
#6363=DIRECTION('',(0.,-1.,0.));
#6364=DIRECTION('',(-1.,0.,0.));
#6365=DIRECTION('',(0.,1.,0.));
#6366=DIRECTION('',(1.,0.,0.));
#6367=DIRECTION('',(0.,-1.,0.));
#6368=DIRECTION('',(0.,1.,0.));
#6369=DIRECTION('',(1.,0.,0.));
#6370=DIRECTION('',(0.,-1.,0.));
#6371=DIRECTION('',(-1.,0.,0.));
#6372=DIRECTION('',(0.,1.,0.));
#6373=DIRECTION('',(1.,0.,0.));
#6374=DIRECTION('',(0.,-1.,0.));
#6375=DIRECTION('',(0.,1.,0.));
#6376=DIRECTION('',(1.,0.,0.));
#6377=DIRECTION('',(0.,-1.,0.));
#6378=DIRECTION('',(-1.,0.,0.));
#6379=DIRECTION('',(0.,1.,0.));
#6380=DIRECTION('',(1.,0.,0.));
#6381=DIRECTION('',(0.,-1.,0.));
#6382=DIRECTION('',(0.,1.,0.));
#6383=DIRECTION('',(1.,0.,0.));
#6384=DIRECTION('',(0.,-1.,0.));
#6385=DIRECTION('',(-1.,0.,0.));
#6386=DIRECTION('',(0.,1.,0.));
#6387=DIRECTION('',(1.,0.,0.));
#6388=DIRECTION('',(0.,-1.,0.));
#6389=DIRECTION('',(0.,1.,0.));
#6390=DIRECTION('',(1.,0.,0.));
#6391=DIRECTION('',(0.,-1.,0.));
#6392=DIRECTION('',(-1.,0.,0.));
#6393=DIRECTION('',(0.,1.,0.));
#6394=DIRECTION('',(1.,0.,0.));
#6395=DIRECTION('',(0.,-1.,0.));
#6396=DIRECTION('',(0.,1.,0.));
#6397=DIRECTION('',(1.,0.,0.));
#6398=DIRECTION('',(0.,-1.,0.));
#6399=DIRECTION('',(-1.,0.,0.));
#6400=DIRECTION('',(0.,1.,0.));
#6401=DIRECTION('',(1.,0.,0.));
#6402=DIRECTION('',(0.,-1.,0.));
#6403=DIRECTION('',(0.,1.,0.));
#6404=DIRECTION('',(1.,0.,0.));
#6405=DIRECTION('',(0.,-1.,0.));
#6406=DIRECTION('',(-1.,0.,0.));
#6407=DIRECTION('',(0.,1.,0.));
#6408=DIRECTION('',(1.,0.,0.));
#6409=DIRECTION('',(0.,-1.,0.));
#6410=DIRECTION('',(0.,1.,0.));
#6411=DIRECTION('',(1.,0.,0.));
#6412=DIRECTION('',(0.,-1.,0.));
#6413=DIRECTION('',(-1.,0.,0.));
#6414=DIRECTION('',(0.,1.,0.));
#6415=DIRECTION('',(1.,0.,0.));
#6416=DIRECTION('',(0.,-1.,0.));
#6417=DIRECTION('',(0.,1.,0.));
#6418=DIRECTION('',(1.,0.,0.));
#6419=DIRECTION('',(0.,-1.,0.));
#6420=DIRECTION('',(-1.,0.,0.));
#6421=DIRECTION('',(0.,1.,0.));
#6422=DIRECTION('',(1.,0.,0.));
#6423=DIRECTION('',(0.,1.,0.));
#6424=DIRECTION('',(1.,0.,0.));
#6425=DIRECTION('',(0.,1.,0.));
#6426=DIRECTION('',(1.,0.,0.));
#6427=DIRECTION('',(-1.,0.,0.));
#6428=DIRECTION('',(0.,0.,1.));
#6429=DIRECTION('',(-1.,0.,0.));
#6430=DIRECTION('',(0.,0.,1.));
#6431=DIRECTION('',(0.,0.,-1.));
#6432=DIRECTION('',(0.,1.,0.));
#6433=DIRECTION('',(0.,-1.,0.));
#6434=DIRECTION('',(-1.,0.,0.));
#6435=DIRECTION('',(0.,-1.,0.));
#6436=DIRECTION('',(-1.,0.,0.));
#6437=DIRECTION('',(0.,1.,0.));
#6438=DIRECTION('',(0.,-1.,0.));
#6439=DIRECTION('',(0.,0.,-1.));
#6440=DIRECTION('',(0.,0.,-1.));
#6441=DIRECTION('',(0.,1.,0.));
#6442=DIRECTION('',(0.,-1.,0.));
#6443=DIRECTION('',(-1.,0.,0.));
#6444=DIRECTION('',(-1.,0.,0.));
#6445=DIRECTION('',(0.,1.,0.));
#6446=DIRECTION('',(0.,0.,-1.));
#6447=DIRECTION('',(0.,1.,0.));
#6448=DIRECTION('',(1.,0.,0.));
#6449=DIRECTION('',(0.,1.,0.));
#6450=DIRECTION('',(1.,0.,0.));
#6451=CARTESIAN_POINT('',(0.,0.,0.));
#6452=CARTESIAN_POINT('',(2.60208521396521E-18,-0.006,4.05591943661832E-19));
#6453=CARTESIAN_POINT('',(2.60208521396521E-18,-0.006,4.05591943661832E-19));
#6454=CARTESIAN_POINT('',(0.004,-0.006,4.05591943661832E-19));
#6455=CARTESIAN_POINT('',(2.60208521396521E-18,-0.00125,4.05591943661832E-19));
#6456=CARTESIAN_POINT('',(0.004,-0.00125,4.05591943661832E-19));
#6457=CARTESIAN_POINT('',(0.0111186296309974,0.008,-0.0015626214890872));
#6458=CARTESIAN_POINT('',(0.0104989830327332,0.008,-0.0023475024311793));
#6459=CARTESIAN_POINT('',(0.0104989830327332,0.008,-0.0023475024311793));
#6460=CARTESIAN_POINT('',(0.0104989830327332,-0.00125,-0.0023475024311793));
#6461=CARTESIAN_POINT('',(0.0111186296309974,-0.00125,-0.0015626214890872));
#6462=CARTESIAN_POINT('',(0.0107839575901734,-0.00125,-0.00250495615633156));
#6463=CARTESIAN_POINT('',(0.0107839575901734,0.008,-0.00250495615633156));
#6464=CARTESIAN_POINT('',(0.0107839575901734,0.008,-0.00250495615633156));
#6465=CARTESIAN_POINT('',(0.0111186296309974,0.008,-0.0015626214890872));
#6466=CARTESIAN_POINT('',(0.0107337567840498,0.008,-0.00264630635641822));
#6467=CARTESIAN_POINT('',(0.0107337567840498,-0.00125,-0.00264630635641822));
#6468=CARTESIAN_POINT('',(0.0108793959348488,-0.00125,-0.00268221231350824));
#6469=CARTESIAN_POINT('',(0.0108793959348488,0.008,-0.00268221231350824));
#6470=CARTESIAN_POINT('',(0.0108793959348488,0.008,-0.00268221231350824));
#6471=CARTESIAN_POINT('',(0.0107337567840498,0.008,-0.00264630635641822));
#6472=CARTESIAN_POINT('',(-7.11670306019485E-15,0.008,1.88152445013134E-15));
#6473=CARTESIAN_POINT('',(-7.11670306019485E-15,-0.00125,1.88152445013134E-15));
#6474=CARTESIAN_POINT('',(0.0107629394141624,-0.00125,-0.00311683396558282));
#6475=CARTESIAN_POINT('',(0.0107629394141624,0.008,-0.00311683396558282));
#6476=CARTESIAN_POINT('',(0.0107629394141624,0.008,-0.00311683396558282));
#6477=CARTESIAN_POINT('',(-7.11670306019485E-15,0.008,1.88152445013134E-15));
#6478=CARTESIAN_POINT('',(0.0106188592312398,0.008,-0.00307510986117047));
#6479=CARTESIAN_POINT('',(0.0106188592312398,-0.00125,-0.00307510986117047));
#6480=CARTESIAN_POINT('',(0.01059165930459,-0.00125,-0.00322262312833734));
#6481=CARTESIAN_POINT('',(0.01059165930459,0.008,-0.00322262312833734));
#6482=CARTESIAN_POINT('',(0.01059165930459,0.008,-0.00322262312833734));
#6483=CARTESIAN_POINT('',(0.0106188592312398,0.008,-0.00307510986117047));
#6484=CARTESIAN_POINT('',(0.0104103264602577,0.008,-0.00420604490944987));
#6485=CARTESIAN_POINT('',(0.0104103264602577,-0.00125,-0.00420604490944987));
#6486=CARTESIAN_POINT('',(0.0102661372358384,-0.00125,-0.00321649477551955));
#6487=CARTESIAN_POINT('',(0.0102661372358384,0.008,-0.00321649477551955));
#6488=CARTESIAN_POINT('',(0.0102661372358384,0.008,-0.00321649477551955));
#6489=CARTESIAN_POINT('',(0.0104103264602577,0.008,-0.00420604490944987));
#6490=CARTESIAN_POINT('',(0.0103461622553911,0.008,-0.00376569509985082));
#6491=CARTESIAN_POINT('',(0.0103461622553911,-0.00125,-0.00376569509985082));
#6492=CARTESIAN_POINT('',(0.00993184037013627,-0.00125,-0.00413496786543052));
#6493=CARTESIAN_POINT('',(0.00993184037013627,0.008,-0.00413496786543052));
#6494=CARTESIAN_POINT('',(0.00993184037013627,0.008,-0.00413496786543052));
#6495=CARTESIAN_POINT('',(0.0103461622553911,0.008,-0.00376569509985082));
#6496=CARTESIAN_POINT('',(0.0106783662895143,0.008,-0.00346961153105278));
#6497=CARTESIAN_POINT('',(0.0106783662895143,-0.00125,-0.00346961153105278));
#6498=CARTESIAN_POINT('',(0.0101851439712751,-0.00125,-0.00433951482728206));
#6499=CARTESIAN_POINT('',(0.0101851439712751,0.008,-0.00433951482728206));
#6500=CARTESIAN_POINT('',(0.0101851439712751,0.008,-0.00433951482728206));
#6501=CARTESIAN_POINT('',(0.0106783662895143,0.008,-0.00346961153105278));
#6502=CARTESIAN_POINT('',(0.0101111606235392,0.008,-0.00447000032171647));
#6503=CARTESIAN_POINT('',(0.0101111606235392,-0.00125,-0.00447000032171647));
#6504=CARTESIAN_POINT('',(0.0102483521843721,-0.00125,-0.00453065075977124));
#6505=CARTESIAN_POINT('',(0.0102483521843721,0.008,-0.00453065075977124));
#6506=CARTESIAN_POINT('',(0.0102483521843721,0.008,-0.00453065075977124));
#6507=CARTESIAN_POINT('',(0.0101111606235392,0.008,-0.00447000032171647));
#6508=CARTESIAN_POINT('',(-1.16287188212105E-14,0.008,5.35942817903035E-15));
#6509=CARTESIAN_POINT('',(-1.16287188212105E-14,-0.00125,5.35942817903035E-15));
#6510=CARTESIAN_POINT('',(0.0100581936420539,-0.00125,-0.00493844706976663));
#6511=CARTESIAN_POINT('',(0.0100581936420539,0.008,-0.00493844706976663));
#6512=CARTESIAN_POINT('',(0.0100581936420539,0.008,-0.00493844706976663));
#6513=CARTESIAN_POINT('',(-1.16287188212105E-14,0.008,5.35942817903035E-15));
#6514=CARTESIAN_POINT('',(0.00992354767555239,0.008,-0.00487233758705143));
#6515=CARTESIAN_POINT('',(0.00992354767555239,-0.00125,-0.00487233758705143));
#6516=CARTESIAN_POINT('',(0.00987114556688105,-0.00125,-0.00501288657853411));
#6517=CARTESIAN_POINT('',(0.00987114556688105,0.008,-0.00501288657853411));
#6518=CARTESIAN_POINT('',(0.00987114556688105,0.008,-0.00501288657853411));
#6519=CARTESIAN_POINT('',(0.00992354767555239,0.008,-0.00487233758705143));
#6520=CARTESIAN_POINT('',(0.00952179817573871,0.008,-0.00594987985508535));
#6521=CARTESIAN_POINT('',(0.00952179817573871,-0.00125,-0.00594987985508535));
#6522=CARTESIAN_POINT('',(0.00955163308709677,-0.00125,-0.00495032501513687));
#6523=CARTESIAN_POINT('',(0.00955163308709677,0.008,-0.00495032501513687));
#6524=CARTESIAN_POINT('',(0.00955163308709677,0.008,-0.00495032501513687));
#6525=CARTESIAN_POINT('',(0.00952179817573871,0.008,-0.00594987985508535));
#6526=CARTESIAN_POINT('',(0.00953507471129305,0.008,-0.00550507795130823));
#6527=CARTESIAN_POINT('',(0.00953507471129305,-0.00125,-0.00550507795130823));
#6528=CARTESIAN_POINT('',(0.00906292376364651,-0.00125,-0.00579679439348533));
#6529=CARTESIAN_POINT('',(0.00906292376364651,0.008,-0.00579679439348533));
#6530=CARTESIAN_POINT('',(0.00906292376364651,0.008,-0.00579679439348533));
#6531=CARTESIAN_POINT('',(0.00953507471129305,0.008,-0.00550507795130823));
#6532=CARTESIAN_POINT('',(0.00991364619183837,0.008,-0.00527117918235552));
#6533=CARTESIAN_POINT('',(0.00991364619183837,-0.00125,-0.00527117918235552));
#6534=CARTESIAN_POINT('',(0.00927685990674113,-0.00125,-0.00604221953610606));
#6535=CARTESIAN_POINT('',(0.00927685990674113,0.008,-0.00604221953610606));
#6536=CARTESIAN_POINT('',(0.00927685990674113,0.008,-0.00604221953610606));
#6537=CARTESIAN_POINT('',(0.00991364619183837,0.008,-0.00527117918235552));
#6538=CARTESIAN_POINT('',(0.00918134196397653,0.008,-0.00615787558916865));
#6539=CARTESIAN_POINT('',(0.00918134196397653,-0.00125,-0.00615787558916865));
#6540=CARTESIAN_POINT('',(0.00930591743868969,-0.00125,-0.00624142767531849));
#6541=CARTESIAN_POINT('',(0.00930591743868969,0.008,-0.00624142767531849));
#6542=CARTESIAN_POINT('',(0.00930591743868969,0.008,-0.00624142767531849));
#6543=CARTESIAN_POINT('',(0.00918134196397653,0.008,-0.00615787558916865));
#6544=CARTESIAN_POINT('',(-7.31099208950425E-15,0.008,5.03199912293972E-15));
#6545=CARTESIAN_POINT('',(-7.31099208950425E-15,-0.00125,5.03199912293972E-15));
#6546=CARTESIAN_POINT('',(0.00904783474582324,-0.00125,-0.00661000795871036));
#6547=CARTESIAN_POINT('',(0.00904783474582324,0.008,-0.00661000795871036));
#6548=CARTESIAN_POINT('',(0.00904783474582324,0.008,-0.00661000795871036));
#6549=CARTESIAN_POINT('',(-7.31099208950425E-15,0.008,5.03199912293972E-15));
#6550=CARTESIAN_POINT('',(0.00892671414530071,0.008,-0.00652152180087163));
#6551=CARTESIAN_POINT('',(0.00892671414530071,-0.00125,-0.00652152180087163));
#6552=CARTESIAN_POINT('',(0.00885070206616308,-0.00125,-0.00665083600668513));
#6553=CARTESIAN_POINT('',(0.00885070206616308,0.008,-0.00665083600668513));
#6554=CARTESIAN_POINT('',(0.00885070206616308,0.008,-0.00665083600668513));
#6555=CARTESIAN_POINT('',(0.00892671414530071,0.008,-0.00652152180087163));
#6556=CARTESIAN_POINT('',(0.00834395487191224,0.008,-0.00751293071210851));
#6557=CARTESIAN_POINT('',(0.00834395487191224,-0.00125,-0.00751293071210851));
#6558=CARTESIAN_POINT('',(0.00854690740036329,-0.00125,-0.00653374213415457));
#6559=CARTESIAN_POINT('',(0.00854690740036329,0.008,-0.00653374213415457));
#6560=CARTESIAN_POINT('',(0.00854690740036329,0.008,-0.00653374213415457));
#6561=CARTESIAN_POINT('',(0.00834395487191224,0.008,-0.00751293071210851));
#6562=CARTESIAN_POINT('',(0.00843426874707296,0.008,-0.00707719179491897));
#6563=CARTESIAN_POINT('',(0.00843426874707296,-0.00125,-0.00707719179491897));
#6564=CARTESIAN_POINT('',(0.00791863480465906,-0.00125,-0.00728248825721359));
#6565=CARTESIAN_POINT('',(0.00791863480465906,0.008,-0.00728248825721359));
#6566=CARTESIAN_POINT('',(0.00791863480465906,0.008,-0.00728248825721359));
#6567=CARTESIAN_POINT('',(0.00843426874707296,0.008,-0.00707719179491897));
#6568=CARTESIAN_POINT('',(0.00884770497117052,0.008,-0.00691258472154769));
#6569=CARTESIAN_POINT('',(0.00884770497117052,-0.00125,-0.00691258472154769));
#6570=CARTESIAN_POINT('',(0.00808670314825843,-0.00125,-0.00756133446183608));
#6571=CARTESIAN_POINT('',(0.00808670314825843,0.008,-0.00756133446183608));
#6572=CARTESIAN_POINT('',(0.00808670314825843,0.008,-0.00756133446183608));
#6573=CARTESIAN_POINT('',(0.00884770497117052,0.008,-0.00691258472154769));
#6574=CARTESIAN_POINT('',(0.00797255287482161,0.008,-0.00765864692287935));
#6575=CARTESIAN_POINT('',(0.00797255287482161,-0.00125,-0.00765864692287935));
#6576=CARTESIAN_POINT('',(0.00808072710065412,-0.00125,-0.00776256196926599));
#6577=CARTESIAN_POINT('',(0.00808072710065412,0.008,-0.00776256196926599));
#6578=CARTESIAN_POINT('',(0.00808072710065412,0.008,-0.00776256196926599));
#6579=CARTESIAN_POINT('',(0.00797255287482161,0.008,-0.00765864692287935));
#6580=CARTESIAN_POINT('',(-3.20229953665319E-15,0.008,3.18972279145236E-15));
#6581=CARTESIAN_POINT('',(-3.20229953665319E-15,-0.00125,3.18972279145236E-15));
#6582=CARTESIAN_POINT('',(0.00776256196926601,-0.00125,-0.0080807271006541));
#6583=CARTESIAN_POINT('',(0.00776256196926601,0.008,-0.0080807271006541));
#6584=CARTESIAN_POINT('',(0.00776256196926601,0.008,-0.0080807271006541));
#6585=CARTESIAN_POINT('',(-3.20229953665319E-15,0.008,3.18972279145236E-15));
#6586=CARTESIAN_POINT('',(0.00765864692287937,0.008,-0.00797255287482158));
#6587=CARTESIAN_POINT('',(0.00765864692287937,-0.00125,-0.00797255287482158));
#6588=CARTESIAN_POINT('',(0.0075613344618361,-0.00125,-0.00808670314825842));
#6589=CARTESIAN_POINT('',(0.0075613344618361,0.008,-0.00808670314825842));
#6590=CARTESIAN_POINT('',(0.0075613344618361,0.008,-0.00808670314825842));
#6591=CARTESIAN_POINT('',(0.00765864692287937,0.008,-0.00797255287482158));
#6592=CARTESIAN_POINT('',(0.00691258472154758,0.008,-0.0088477049711707));
#6593=CARTESIAN_POINT('',(0.00691258472154758,-0.00125,-0.0088477049711707));
#6594=CARTESIAN_POINT('',(0.00728248825721361,-0.00125,-0.00791863480465904));
#6595=CARTESIAN_POINT('',(0.00728248825721361,0.008,-0.00791863480465904));
#6596=CARTESIAN_POINT('',(0.00728248825721361,0.008,-0.00791863480465904));
#6597=CARTESIAN_POINT('',(0.00691258472154758,0.008,-0.0088477049711707));
#6598=CARTESIAN_POINT('',(0.00707719179491899,0.008,-0.00843426874707295));
#6599=CARTESIAN_POINT('',(0.00707719179491899,-0.00125,-0.00843426874707295));
#6600=CARTESIAN_POINT('',(0.00653374213415459,-0.00125,-0.00854690740036328));
#6601=CARTESIAN_POINT('',(0.00653374213415459,0.008,-0.00854690740036328));
#6602=CARTESIAN_POINT('',(0.00653374213415459,0.008,-0.00854690740036328));
#6603=CARTESIAN_POINT('',(0.00707719179491899,0.008,-0.00843426874707295));
#6604=CARTESIAN_POINT('',(0.00751293071210838,0.008,-0.00834395487191229));
#6605=CARTESIAN_POINT('',(0.00751293071210838,-0.00125,-0.00834395487191229));
#6606=CARTESIAN_POINT('',(0.00665083600668515,-0.00125,-0.00885070206616306));
#6607=CARTESIAN_POINT('',(0.00665083600668515,0.008,-0.00885070206616306));
#6608=CARTESIAN_POINT('',(0.00665083600668515,0.008,-0.00885070206616306));
#6609=CARTESIAN_POINT('',(0.00751293071210838,0.008,-0.00834395487191229));
#6610=CARTESIAN_POINT('',(0.00652152180087165,0.008,-0.00892671414530069));
#6611=CARTESIAN_POINT('',(0.00652152180087165,-0.00125,-0.00892671414530069));
#6612=CARTESIAN_POINT('',(0.00661000795871039,-0.00125,-0.00904783474582322));
#6613=CARTESIAN_POINT('',(0.00661000795871039,0.008,-0.00904783474582322));
#6614=CARTESIAN_POINT('',(0.00661000795871039,0.008,-0.00904783474582322));
#6615=CARTESIAN_POINT('',(0.00652152180087165,0.008,-0.00892671414530069));
#6616=CARTESIAN_POINT('',(-6.24500451351651E-15,0.008,8.90780504914091E-15));
#6617=CARTESIAN_POINT('',(-6.24500451351651E-15,-0.00125,8.90780504914091E-15));
#6618=CARTESIAN_POINT('',(0.00624142767531852,-0.00125,-0.00930591743868968));
#6619=CARTESIAN_POINT('',(0.00624142767531852,0.008,-0.00930591743868968));
#6620=CARTESIAN_POINT('',(0.00624142767531852,0.008,-0.00930591743868968));
#6621=CARTESIAN_POINT('',(-6.24500451351651E-15,0.008,8.90780504914091E-15));
#6622=CARTESIAN_POINT('',(0.00615787558916868,0.008,-0.00918134196397651));
#6623=CARTESIAN_POINT('',(0.00615787558916868,-0.00125,-0.00918134196397651));
#6624=CARTESIAN_POINT('',(0.00604221953610608,-0.00125,-0.00927685990674112));
#6625=CARTESIAN_POINT('',(0.00604221953610608,0.008,-0.00927685990674112));
#6626=CARTESIAN_POINT('',(0.00604221953610608,0.008,-0.00927685990674112));
#6627=CARTESIAN_POINT('',(0.00615787558916868,0.008,-0.00918134196397651));
#6628=CARTESIAN_POINT('',(0.00527117918235531,0.008,-0.00991364619183864));
#6629=CARTESIAN_POINT('',(0.00527117918235531,-0.00125,-0.00991364619183864));
#6630=CARTESIAN_POINT('',(0.00579679439348535,-0.00125,-0.00906292376364649));
#6631=CARTESIAN_POINT('',(0.00579679439348535,0.008,-0.00906292376364649));
#6632=CARTESIAN_POINT('',(0.00579679439348535,0.008,-0.00906292376364649));
#6633=CARTESIAN_POINT('',(0.00527117918235531,0.008,-0.00991364619183864));
#6634=CARTESIAN_POINT('',(0.00550507795130825,0.008,-0.00953507471129304));
#6635=CARTESIAN_POINT('',(0.00550507795130825,-0.00125,-0.00953507471129304));
#6636=CARTESIAN_POINT('',(0.00495032501513689,-0.00125,-0.00955163308709676));
#6637=CARTESIAN_POINT('',(0.00495032501513689,0.008,-0.00955163308709676));
#6638=CARTESIAN_POINT('',(0.00495032501513689,0.008,-0.00955163308709676));
#6639=CARTESIAN_POINT('',(0.00550507795130825,0.008,-0.00953507471129304));
#6640=CARTESIAN_POINT('',(0.00594987985508516,0.008,-0.00952179817573874));
#6641=CARTESIAN_POINT('',(0.00594987985508516,-0.00125,-0.00952179817573874));
#6642=CARTESIAN_POINT('',(0.00501288657853414,-0.00125,-0.00987114556688103));
#6643=CARTESIAN_POINT('',(0.00501288657853414,0.008,-0.00987114556688103));
#6644=CARTESIAN_POINT('',(0.00501288657853414,0.008,-0.00987114556688103));
#6645=CARTESIAN_POINT('',(0.00594987985508516,0.008,-0.00952179817573874));
#6646=CARTESIAN_POINT('',(0.00487233758705146,0.008,-0.00992354767555238));
#6647=CARTESIAN_POINT('',(0.00487233758705146,-0.00125,-0.00992354767555238));
#6648=CARTESIAN_POINT('',(0.00493844706976665,-0.00125,-0.0100581936420539));
#6649=CARTESIAN_POINT('',(0.00493844706976665,0.008,-0.0100581936420539));
#6650=CARTESIAN_POINT('',(0.00493844706976665,0.008,-0.0100581936420539));
#6651=CARTESIAN_POINT('',(0.00487233758705146,0.008,-0.00992354767555238));
#6652=CARTESIAN_POINT('',(-5.77793021760975E-15,0.008,1.22809748481778E-14));
#6653=CARTESIAN_POINT('',(-5.77793021760975E-15,-0.00125,1.22809748481778E-14));
#6654=CARTESIAN_POINT('',(0.00453065075977127,-0.00125,-0.0102483521843721));
#6655=CARTESIAN_POINT('',(0.00453065075977127,0.008,-0.0102483521843721));
#6656=CARTESIAN_POINT('',(0.00453065075977127,0.008,-0.0102483521843721));
#6657=CARTESIAN_POINT('',(-5.77793021760975E-15,0.008,1.22809748481778E-14));
#6658=CARTESIAN_POINT('',(0.00447000032171649,0.008,-0.0101111606235392));
#6659=CARTESIAN_POINT('',(0.00447000032171649,-0.00125,-0.0101111606235392));
#6660=CARTESIAN_POINT('',(0.00433951482728209,-0.00125,-0.0101851439712751));
#6661=CARTESIAN_POINT('',(0.00433951482728209,0.008,-0.0101851439712751));
#6662=CARTESIAN_POINT('',(0.00433951482728209,0.008,-0.0101851439712751));
#6663=CARTESIAN_POINT('',(0.00447000032171649,0.008,-0.0101111606235392));
#6664=CARTESIAN_POINT('',(0.0034696115310527,0.008,-0.0106783662895144));
#6665=CARTESIAN_POINT('',(0.0034696115310527,-0.00125,-0.0106783662895144));
#6666=CARTESIAN_POINT('',(0.00413496786543054,-0.00125,-0.00993184037013626));
#6667=CARTESIAN_POINT('',(0.00413496786543054,0.008,-0.00993184037013626));
#6668=CARTESIAN_POINT('',(0.00413496786543054,0.008,-0.00993184037013626));
#6669=CARTESIAN_POINT('',(0.0034696115310527,0.008,-0.0106783662895144));
#6670=CARTESIAN_POINT('',(0.00376569509985085,0.008,-0.0103461622553911));
#6671=CARTESIAN_POINT('',(0.00376569509985085,-0.00125,-0.0103461622553911));
#6672=CARTESIAN_POINT('',(0.00321649477551957,-0.00125,-0.0102661372358384));
#6673=CARTESIAN_POINT('',(0.00321649477551957,0.008,-0.0102661372358384));
#6674=CARTESIAN_POINT('',(0.00321649477551957,0.008,-0.0102661372358384));
#6675=CARTESIAN_POINT('',(0.00376569509985085,0.008,-0.0103461622553911));
#6676=CARTESIAN_POINT('',(0.00420604490944974,0.008,-0.0104103264602577));
#6677=CARTESIAN_POINT('',(0.00420604490944974,-0.00125,-0.0104103264602577));
#6678=CARTESIAN_POINT('',(0.00322262312833736,-0.00125,-0.01059165930459));
#6679=CARTESIAN_POINT('',(0.00322262312833736,0.008,-0.01059165930459));
#6680=CARTESIAN_POINT('',(0.00322262312833736,0.008,-0.01059165930459));
#6681=CARTESIAN_POINT('',(0.00420604490944974,0.008,-0.0104103264602577));
#6682=CARTESIAN_POINT('',(0.0030751098611705,0.008,-0.0106188592312398));
#6683=CARTESIAN_POINT('',(0.0030751098611705,-0.00125,-0.0106188592312398));
#6684=CARTESIAN_POINT('',(0.00311683396558284,-0.00125,-0.0107629394141624));
#6685=CARTESIAN_POINT('',(0.00311683396558284,0.008,-0.0107629394141624));
#6686=CARTESIAN_POINT('',(0.00311683396558284,0.008,-0.0107629394141624));
#6687=CARTESIAN_POINT('',(0.0030751098611705,0.008,-0.0106188592312398));
#6688=CARTESIAN_POINT('',(-3.46619434543616E-15,0.008,1.30988969671009E-14));
#6689=CARTESIAN_POINT('',(-3.46619434543616E-15,-0.00125,1.30988969671009E-14));
#6690=CARTESIAN_POINT('',(0.00268221231350826,-0.00125,-0.0108793959348488));
#6691=CARTESIAN_POINT('',(0.00268221231350826,0.008,-0.0108793959348488));
#6692=CARTESIAN_POINT('',(0.00268221231350826,0.008,-0.0108793959348488));
#6693=CARTESIAN_POINT('',(-3.46619434543616E-15,0.008,1.30988969671009E-14));
#6694=CARTESIAN_POINT('',(0.00264630635641825,0.008,-0.0107337567840498));
#6695=CARTESIAN_POINT('',(0.00264630635641825,-0.00125,-0.0107337567840498));
#6696=CARTESIAN_POINT('',(0.00250495615633158,-0.00125,-0.0107839575901734));
#6697=CARTESIAN_POINT('',(0.00250495615633158,0.008,-0.0107839575901734));
#6698=CARTESIAN_POINT('',(0.00250495615633158,0.008,-0.0107839575901734));
#6699=CARTESIAN_POINT('',(0.00264630635641825,0.008,-0.0107337567840498));
#6700=CARTESIAN_POINT('',(0.00156262148908705,0.008,-0.0111186296309975));
#6701=CARTESIAN_POINT('',(0.00156262148908705,-0.00125,-0.0111186296309975));
#6702=CARTESIAN_POINT('',(0.00234750243117932,-0.00125,-0.0104989830327332));
#6703=CARTESIAN_POINT('',(0.00234750243117932,0.008,-0.0104989830327332));
#6704=CARTESIAN_POINT('',(0.00234750243117932,0.008,-0.0104989830327332));
#6705=CARTESIAN_POINT('',(0.00156262148908705,0.008,-0.0111186296309975));
#6706=CARTESIAN_POINT('',(0.00191189350831816,0.008,-0.0108428868947698));
#6707=CARTESIAN_POINT('',(0.00191189350831816,-0.00125,-0.0108428868947698));
#6708=CARTESIAN_POINT('',(0.00138493296977299,-0.00125,-0.0106687099995851));
#6709=CARTESIAN_POINT('',(0.00138493296977299,0.008,-0.0106687099995851));
#6710=CARTESIAN_POINT('',(0.00138493296977299,0.008,-0.0106687099995851));
#6711=CARTESIAN_POINT('',(0.00191189350831816,0.008,-0.0108428868947698));
#6712=CARTESIAN_POINT('',(0.00233441141760199,0.008,-0.0109825422431612));
#6713=CARTESIAN_POINT('',(0.00233441141760199,-0.00125,-0.0109825422431612));
#6714=CARTESIAN_POINT('',(0.00133444190511204,-0.00125,-0.0109903508339672));
#6715=CARTESIAN_POINT('',(0.00133444190511204,0.008,-0.0109903508339672));
#6716=CARTESIAN_POINT('',(0.00133444190511204,0.008,-0.0109903508339672));
#6717=CARTESIAN_POINT('',(0.00233441141760199,0.008,-0.0109825422431612));
#6718=CARTESIAN_POINT('',(0.00118444647823853,0.008,-0.0109915221225881));
#6719=CARTESIAN_POINT('',(0.00118444647823853,-0.00125,-0.0109915221225881));
#6720=CARTESIAN_POINT('',(0.00120051743854889,-0.00125,-0.0111406587184816));
#6721=CARTESIAN_POINT('',(0.00120051743854889,0.008,-0.0111406587184816));
#6722=CARTESIAN_POINT('',(0.00120051743854889,0.008,-0.0111406587184816));
#6723=CARTESIAN_POINT('',(0.00118444647823853,0.008,-0.0109915221225881));
#6724=CARTESIAN_POINT('',(-9.4276799908477E-16,0.008,1.01021621623509E-14));
#6725=CARTESIAN_POINT('',(-9.4276799908477E-16,-0.00125,1.01021621623509E-14));
#6726=CARTESIAN_POINT('',(0.000752276203364231,-0.00125,-0.0111798747450851));
#6727=CARTESIAN_POINT('',(0.000752276203364231,0.008,-0.0111798747450851));
#6728=CARTESIAN_POINT('',(0.000752276203364231,0.008,-0.0111798747450851));
#6729=CARTESIAN_POINT('',(-9.4276799908477E-16,0.008,1.01021621623509E-14));
#6730=CARTESIAN_POINT('',(0.000742205711575871,0.008,-0.0110302131762201));
#6731=CARTESIAN_POINT('',(0.000742205711575871,-0.00125,-0.0110302131762201));
#6732=CARTESIAN_POINT('',(0.000594285660139916,-0.00125,-0.0110551061146402));
#6733=CARTESIAN_POINT('',(0.000594285660139916,0.008,-0.0110551061146402));
#6734=CARTESIAN_POINT('',(0.000594285660139916,0.008,-0.0110551061146402));
#6735=CARTESIAN_POINT('',(0.000742205711575871,0.008,-0.0110302131762201));
#6736=CARTESIAN_POINT('',(-0.000391848016099864,0.008,-0.0112210590374407));
#6737=CARTESIAN_POINT('',(-0.000391848016099864,-0.00125,-0.0112210590374407));
#6738=CARTESIAN_POINT('',(0.000488709323450261,-0.00125,-0.0107471194086222));
#6739=CARTESIAN_POINT('',(0.000488709323450261,0.008,-0.0107471194086222));
#6740=CARTESIAN_POINT('',(0.000488709323450261,0.008,-0.0107471194086222));
#6741=CARTESIAN_POINT('',(-0.000391848016099864,0.008,-0.0112210590374407));
#6742=CARTESIAN_POINT('',(1.62630325872826E-19,0.008,-0.0110101559026165));
#6743=CARTESIAN_POINT('',(1.62630325872826E-19,-0.00125,-0.0110101559026165));
#6744=CARTESIAN_POINT('',(-0.000488709323450261,-0.00125,-0.0107471194086222));
#6745=CARTESIAN_POINT('',(-0.000488709323450261,0.008,-0.0107471194086222));
#6746=CARTESIAN_POINT('',(-0.000488709323450261,0.008,-0.0107471194086222));
#6747=CARTESIAN_POINT('',(1.62630325872826E-19,0.008,-0.0110101559026165));
#6748=CARTESIAN_POINT('',(0.000391848016099632,0.008,-0.0112210590374406));
#6749=CARTESIAN_POINT('',(0.000391848016099632,-0.00125,-0.0112210590374406));
#6750=CARTESIAN_POINT('',(-0.000594285660139915,-0.00125,-0.0110551061146402));
#6751=CARTESIAN_POINT('',(-0.000594285660139915,0.008,-0.0110551061146402));
#6752=CARTESIAN_POINT('',(-0.000594285660139915,0.008,-0.0110551061146402));
#6753=CARTESIAN_POINT('',(0.000391848016099632,0.008,-0.0112210590374406));
#6754=CARTESIAN_POINT('',(-0.000742205711575868,0.008,-0.0110302131762201));
#6755=CARTESIAN_POINT('',(-0.000742205711575868,-0.00125,-0.0110302131762201));
#6756=CARTESIAN_POINT('',(-0.000752276203364231,-0.00125,-0.0111798747450851));
#6757=CARTESIAN_POINT('',(-0.000752276203364231,0.008,-0.0111798747450851));
#6758=CARTESIAN_POINT('',(-0.000752276203364231,0.008,-0.0111798747450851));
#6759=CARTESIAN_POINT('',(-0.000742205711575868,0.008,-0.0110302131762201));
#6760=CARTESIAN_POINT('',(8.13205839472753E-16,0.008,1.0100427438875E-14));
#6761=CARTESIAN_POINT('',(8.13205839472753E-16,-0.00125,1.0100427438875E-14));
#6762=CARTESIAN_POINT('',(-0.00120051743854889,-0.00125,-0.0111406587184816));
#6763=CARTESIAN_POINT('',(-0.00120051743854889,0.008,-0.0111406587184816));
#6764=CARTESIAN_POINT('',(-0.00120051743854889,0.008,-0.0111406587184816));
#6765=CARTESIAN_POINT('',(8.13205839472753E-16,0.008,1.0100427438875E-14));
#6766=CARTESIAN_POINT('',(-0.00118444647823852,0.008,-0.0109915221225881));
#6767=CARTESIAN_POINT('',(-0.00118444647823852,-0.00125,-0.0109915221225881));
#6768=CARTESIAN_POINT('',(-0.00133444190511204,-0.00125,-0.0109903508339672));
#6769=CARTESIAN_POINT('',(-0.00133444190511204,0.008,-0.0109903508339672));
#6770=CARTESIAN_POINT('',(-0.00133444190511204,0.008,-0.0109903508339672));
#6771=CARTESIAN_POINT('',(-0.00118444647823852,0.008,-0.0109915221225881));
#6772=CARTESIAN_POINT('',(-0.00233441141760225,0.008,-0.0109825422431612));
#6773=CARTESIAN_POINT('',(-0.00233441141760225,-0.00125,-0.0109825422431612));
#6774=CARTESIAN_POINT('',(-0.00138493296977298,-0.00125,-0.0106687099995851));
#6775=CARTESIAN_POINT('',(-0.00138493296977298,0.008,-0.0106687099995851));
#6776=CARTESIAN_POINT('',(-0.00138493296977298,0.008,-0.0106687099995851));
#6777=CARTESIAN_POINT('',(-0.00233441141760225,0.008,-0.0109825422431612));
#6778=CARTESIAN_POINT('',(-0.00191189350831814,0.008,-0.0108428868947698));
#6779=CARTESIAN_POINT('',(-0.00191189350831814,-0.00125,-0.0108428868947698));
#6780=CARTESIAN_POINT('',(-0.00234750243117931,-0.00125,-0.0104989830327332));
#6781=CARTESIAN_POINT('',(-0.00234750243117931,0.008,-0.0104989830327332));
#6782=CARTESIAN_POINT('',(-0.00234750243117931,0.008,-0.0104989830327332));
#6783=CARTESIAN_POINT('',(-0.00191189350831814,0.008,-0.0108428868947698));
#6784=CARTESIAN_POINT('',(-0.00156262148908721,0.008,-0.0111186296309974));
#6785=CARTESIAN_POINT('',(-0.00156262148908721,-0.00125,-0.0111186296309974));
#6786=CARTESIAN_POINT('',(-0.00250495615633157,-0.00125,-0.0107839575901734));
#6787=CARTESIAN_POINT('',(-0.00250495615633157,0.008,-0.0107839575901734));
#6788=CARTESIAN_POINT('',(-0.00250495615633157,0.008,-0.0107839575901734));
#6789=CARTESIAN_POINT('',(-0.00156262148908721,0.008,-0.0111186296309974));
#6790=CARTESIAN_POINT('',(-0.00264630635641823,0.008,-0.0107337567840498));
#6791=CARTESIAN_POINT('',(-0.00264630635641823,-0.00125,-0.0107337567840498));
#6792=CARTESIAN_POINT('',(-0.00268221231350825,-0.00125,-0.0108793959348488));
#6793=CARTESIAN_POINT('',(-0.00268221231350825,0.008,-0.0108793959348488));
#6794=CARTESIAN_POINT('',(-0.00268221231350825,0.008,-0.0108793959348488));
#6795=CARTESIAN_POINT('',(-0.00264630635641823,0.008,-0.0107337567840498));
#6796=CARTESIAN_POINT('',(1.87653712013791E-15,0.008,7.19476561661381E-15));
#6797=CARTESIAN_POINT('',(1.87653712013791E-15,-0.00125,7.19476561661381E-15));
#6798=CARTESIAN_POINT('',(-0.00311683396558283,-0.00125,-0.0107629394141624));
#6799=CARTESIAN_POINT('',(-0.00311683396558283,0.008,-0.0107629394141624));
#6800=CARTESIAN_POINT('',(-0.00311683396558283,0.008,-0.0107629394141624));
#6801=CARTESIAN_POINT('',(1.87653712013791E-15,0.008,7.19476561661381E-15));
#6802=CARTESIAN_POINT('',(-0.00307510986117048,0.008,-0.0106188592312398));
#6803=CARTESIAN_POINT('',(-0.00307510986117048,-0.00125,-0.0106188592312398));
#6804=CARTESIAN_POINT('',(-0.00322262312833735,-0.00125,-0.01059165930459));
#6805=CARTESIAN_POINT('',(-0.00322262312833735,0.008,-0.01059165930459));
#6806=CARTESIAN_POINT('',(-0.00322262312833735,0.008,-0.01059165930459));
#6807=CARTESIAN_POINT('',(-0.00307510986117048,0.008,-0.0106188592312398));
#6808=CARTESIAN_POINT('',(-0.00420604490944993,0.008,-0.0104103264602577));
#6809=CARTESIAN_POINT('',(-0.00420604490944993,-0.00125,-0.0104103264602577));
#6810=CARTESIAN_POINT('',(-0.00321649477551956,-0.00125,-0.0102661372358384));
#6811=CARTESIAN_POINT('',(-0.00321649477551956,0.008,-0.0102661372358384));
#6812=CARTESIAN_POINT('',(-0.00321649477551956,0.008,-0.0102661372358384));
#6813=CARTESIAN_POINT('',(-0.00420604490944993,0.008,-0.0104103264602577));
#6814=CARTESIAN_POINT('',(-0.00376569509985084,0.008,-0.0103461622553911));
#6815=CARTESIAN_POINT('',(-0.00376569509985084,-0.00125,-0.0103461622553911));
#6816=CARTESIAN_POINT('',(-0.00413496786543053,-0.00125,-0.00993184037013626));
#6817=CARTESIAN_POINT('',(-0.00413496786543053,0.008,-0.00993184037013626));
#6818=CARTESIAN_POINT('',(-0.00413496786543053,0.008,-0.00993184037013626));
#6819=CARTESIAN_POINT('',(-0.00376569509985084,0.008,-0.0103461622553911));
#6820=CARTESIAN_POINT('',(-0.00346961153105274,0.008,-0.0106783662895143));
#6821=CARTESIAN_POINT('',(-0.00346961153105274,-0.00125,-0.0106783662895143));
#6822=CARTESIAN_POINT('',(-0.00433951482728207,-0.00125,-0.0101851439712751));
#6823=CARTESIAN_POINT('',(-0.00433951482728207,0.008,-0.0101851439712751));
#6824=CARTESIAN_POINT('',(-0.00433951482728207,0.008,-0.0101851439712751));
#6825=CARTESIAN_POINT('',(-0.00346961153105274,0.008,-0.0106783662895143));
#6826=CARTESIAN_POINT('',(-0.00447000032171647,0.008,-0.0101111606235392));
#6827=CARTESIAN_POINT('',(-0.00447000032171647,-0.00125,-0.0101111606235392));
#6828=CARTESIAN_POINT('',(-0.00453065075977125,-0.00125,-0.0102483521843721));
#6829=CARTESIAN_POINT('',(-0.00453065075977125,0.008,-0.0102483521843721));
#6830=CARTESIAN_POINT('',(-0.00453065075977125,0.008,-0.0102483521843721));
#6831=CARTESIAN_POINT('',(-0.00447000032171647,0.008,-0.0101111606235392));
#6832=CARTESIAN_POINT('',(2.5804011705155E-15,0.008,5.65693325516037E-15));
#6833=CARTESIAN_POINT('',(2.5804011705155E-15,-0.00125,5.65693325516037E-15));
#6834=CARTESIAN_POINT('',(-0.00493844706976664,-0.00125,-0.0100581936420539));
#6835=CARTESIAN_POINT('',(-0.00493844706976664,0.008,-0.0100581936420539));
#6836=CARTESIAN_POINT('',(-0.00493844706976664,0.008,-0.0100581936420539));
#6837=CARTESIAN_POINT('',(2.5804011705155E-15,0.008,5.65693325516037E-15));
#6838=CARTESIAN_POINT('',(-0.00487233758705144,0.008,-0.00992354767555239));
#6839=CARTESIAN_POINT('',(-0.00487233758705144,-0.00125,-0.00992354767555239));
#6840=CARTESIAN_POINT('',(-0.00501288657853412,-0.00125,-0.00987114556688104));
#6841=CARTESIAN_POINT('',(-0.00501288657853412,0.008,-0.00987114556688104));
#6842=CARTESIAN_POINT('',(-0.00501288657853412,0.008,-0.00987114556688104));
#6843=CARTESIAN_POINT('',(-0.00487233758705144,0.008,-0.00992354767555239));
#6844=CARTESIAN_POINT('',(-0.00594987985508531,0.008,-0.00952179817573871));
#6845=CARTESIAN_POINT('',(-0.00594987985508531,-0.00125,-0.00952179817573871));
#6846=CARTESIAN_POINT('',(-0.00495032501513687,-0.00125,-0.00955163308709676));
#6847=CARTESIAN_POINT('',(-0.00495032501513687,0.008,-0.00955163308709676));
#6848=CARTESIAN_POINT('',(-0.00495032501513687,0.008,-0.00955163308709676));
#6849=CARTESIAN_POINT('',(-0.00594987985508531,0.008,-0.00952179817573871));
#6850=CARTESIAN_POINT('',(-0.00550507795130823,0.008,-0.00953507471129304));
#6851=CARTESIAN_POINT('',(-0.00550507795130823,-0.00125,-0.00953507471129304));
#6852=CARTESIAN_POINT('',(-0.00579679439348534,-0.00125,-0.0090629237636465));
#6853=CARTESIAN_POINT('',(-0.00579679439348534,0.008,-0.0090629237636465));
#6854=CARTESIAN_POINT('',(-0.00579679439348534,0.008,-0.0090629237636465));
#6855=CARTESIAN_POINT('',(-0.00550507795130823,0.008,-0.00953507471129304));
#6856=CARTESIAN_POINT('',(-0.00527117918235547,0.008,-0.00991364619183843));
#6857=CARTESIAN_POINT('',(-0.00527117918235547,-0.00125,-0.00991364619183843));
#6858=CARTESIAN_POINT('',(-0.00604221953610606,-0.00125,-0.00927685990674113));
#6859=CARTESIAN_POINT('',(-0.00604221953610606,0.008,-0.00927685990674113));
#6860=CARTESIAN_POINT('',(-0.00604221953610606,0.008,-0.00927685990674113));
#6861=CARTESIAN_POINT('',(-0.00527117918235547,0.008,-0.00991364619183843));
#6862=CARTESIAN_POINT('',(-0.00615787558916866,0.008,-0.00918134196397653));
#6863=CARTESIAN_POINT('',(-0.00615787558916866,-0.00125,-0.00918134196397653));
#6864=CARTESIAN_POINT('',(-0.0062414276753185,-0.00125,-0.00930591743868969));
#6865=CARTESIAN_POINT('',(-0.0062414276753185,0.008,-0.00930591743868969));
#6866=CARTESIAN_POINT('',(-0.0062414276753185,0.008,-0.00930591743868969));
#6867=CARTESIAN_POINT('',(-0.00615787558916866,0.008,-0.00918134196397653));
#6868=CARTESIAN_POINT('',(7.70564168028898E-15,0.008,1.11837622496225E-14));
#6869=CARTESIAN_POINT('',(7.70564168028898E-15,-0.00125,1.11837622496225E-14));
#6870=CARTESIAN_POINT('',(-0.00661000795871037,-0.00125,-0.00904783474582323));
#6871=CARTESIAN_POINT('',(-0.00661000795871037,0.008,-0.00904783474582323));
#6872=CARTESIAN_POINT('',(-0.00661000795871037,0.008,-0.00904783474582323));
#6873=CARTESIAN_POINT('',(7.70564168028898E-15,0.008,1.11837622496225E-14));
#6874=CARTESIAN_POINT('',(-0.00652152180087163,0.008,-0.0089267141453007));
#6875=CARTESIAN_POINT('',(-0.00652152180087163,-0.00125,-0.0089267141453007));
#6876=CARTESIAN_POINT('',(-0.00665083600668513,-0.00125,-0.00885070206616308));
#6877=CARTESIAN_POINT('',(-0.00665083600668513,0.008,-0.00885070206616308));
#6878=CARTESIAN_POINT('',(-0.00665083600668513,0.008,-0.00885070206616308));
#6879=CARTESIAN_POINT('',(-0.00652152180087163,0.008,-0.0089267141453007));
#6880=CARTESIAN_POINT('',(-0.0075129307121085,0.008,-0.00834395487191223));
#6881=CARTESIAN_POINT('',(-0.0075129307121085,-0.00125,-0.00834395487191223));
#6882=CARTESIAN_POINT('',(-0.00653374213415458,-0.00125,-0.00854690740036329));
#6883=CARTESIAN_POINT('',(-0.00653374213415458,0.008,-0.00854690740036329));
#6884=CARTESIAN_POINT('',(-0.00653374213415458,0.008,-0.00854690740036329));
#6885=CARTESIAN_POINT('',(-0.0075129307121085,0.008,-0.00834395487191223));
#6886=CARTESIAN_POINT('',(-0.00707719179491898,0.008,-0.00843426874707296));
#6887=CARTESIAN_POINT('',(-0.00707719179491898,-0.00125,-0.00843426874707296));
#6888=CARTESIAN_POINT('',(-0.0072824882572136,-0.00125,-0.00791863480465905));
#6889=CARTESIAN_POINT('',(-0.0072824882572136,0.008,-0.00791863480465905));
#6890=CARTESIAN_POINT('',(-0.0072824882572136,0.008,-0.00791863480465905));
#6891=CARTESIAN_POINT('',(-0.00707719179491898,0.008,-0.00843426874707296));
#6892=CARTESIAN_POINT('',(-0.00691258472154777,0.008,-0.00884770497117039));
#6893=CARTESIAN_POINT('',(-0.00691258472154777,-0.00125,-0.00884770497117039));
#6894=CARTESIAN_POINT('',(-0.00756133446183608,-0.00125,-0.00808670314825843));
#6895=CARTESIAN_POINT('',(-0.00756133446183608,0.008,-0.00808670314825843));
#6896=CARTESIAN_POINT('',(-0.00756133446183608,0.008,-0.00808670314825843));
#6897=CARTESIAN_POINT('',(-0.00691258472154777,0.008,-0.00884770497117039));
#6898=CARTESIAN_POINT('',(-0.00765864692287936,0.008,-0.0079725528748216));
#6899=CARTESIAN_POINT('',(-0.00765864692287936,-0.00125,-0.0079725528748216));
#6900=CARTESIAN_POINT('',(-0.00776256196926599,-0.00125,-0.00808072710065411));
#6901=CARTESIAN_POINT('',(-0.00776256196926599,0.008,-0.00808072710065411));
#6902=CARTESIAN_POINT('',(-0.00776256196926599,0.008,-0.00808072710065411));
#6903=CARTESIAN_POINT('',(-0.00765864692287936,0.008,-0.0079725528748216));
#6904=CARTESIAN_POINT('',(3.98249141997376E-15,0.008,3.97988933475979E-15));
#6905=CARTESIAN_POINT('',(3.98249141997376E-15,-0.00125,3.97988933475979E-15));
#6906=CARTESIAN_POINT('',(-0.00808072710065411,-0.00125,-0.007762561969266));
#6907=CARTESIAN_POINT('',(-0.00808072710065411,0.008,-0.007762561969266));
#6908=CARTESIAN_POINT('',(-0.00808072710065411,0.008,-0.007762561969266));
#6909=CARTESIAN_POINT('',(3.98249141997376E-15,0.008,3.97988933475979E-15));
#6910=CARTESIAN_POINT('',(-0.0079725528748216,0.008,-0.00765864692287936));
#6911=CARTESIAN_POINT('',(-0.0079725528748216,-0.00125,-0.00765864692287936));
#6912=CARTESIAN_POINT('',(-0.00808670314825843,-0.00125,-0.00756133446183609));
#6913=CARTESIAN_POINT('',(-0.00808670314825843,0.008,-0.00756133446183609));
#6914=CARTESIAN_POINT('',(-0.00808670314825843,0.008,-0.00756133446183609));
#6915=CARTESIAN_POINT('',(-0.0079725528748216,0.008,-0.00765864692287936));
#6916=CARTESIAN_POINT('',(-0.00884770497117066,0.008,-0.0069125847215476));
#6917=CARTESIAN_POINT('',(-0.00884770497117066,-0.00125,-0.0069125847215476));
#6918=CARTESIAN_POINT('',(-0.00791863480465905,-0.00125,-0.0072824882572136));
#6919=CARTESIAN_POINT('',(-0.00791863480465905,0.008,-0.0072824882572136));
#6920=CARTESIAN_POINT('',(-0.00791863480465905,0.008,-0.0072824882572136));
#6921=CARTESIAN_POINT('',(-0.00884770497117066,0.008,-0.0069125847215476));
#6922=CARTESIAN_POINT('',(-0.00843426874707295,0.008,-0.00707719179491898));
#6923=CARTESIAN_POINT('',(-0.00843426874707295,-0.00125,-0.00707719179491898));
#6924=CARTESIAN_POINT('',(-0.00854690740036328,-0.00125,-0.00653374213415458));
#6925=CARTESIAN_POINT('',(-0.00854690740036328,0.008,-0.00653374213415458));
#6926=CARTESIAN_POINT('',(-0.00854690740036328,0.008,-0.00653374213415458));
#6927=CARTESIAN_POINT('',(-0.00843426874707295,0.008,-0.00707719179491898));
#6928=CARTESIAN_POINT('',(-0.0083439548719123,0.008,-0.00751293071210834));
#6929=CARTESIAN_POINT('',(-0.0083439548719123,-0.00125,-0.00751293071210834));
#6930=CARTESIAN_POINT('',(-0.00885070206616307,-0.00125,-0.00665083600668514));
#6931=CARTESIAN_POINT('',(-0.00885070206616307,0.008,-0.00665083600668514));
#6932=CARTESIAN_POINT('',(-0.00885070206616307,0.008,-0.00665083600668514));
#6933=CARTESIAN_POINT('',(-0.0083439548719123,0.008,-0.00751293071210834));
#6934=CARTESIAN_POINT('',(-0.0089267141453007,0.008,-0.00652152180087164));
#6935=CARTESIAN_POINT('',(-0.0089267141453007,-0.00125,-0.00652152180087164));
#6936=CARTESIAN_POINT('',(-0.00904783474582323,-0.00125,-0.00661000795871038));
#6937=CARTESIAN_POINT('',(-0.00904783474582323,0.008,-0.00661000795871038));
#6938=CARTESIAN_POINT('',(-0.00904783474582323,0.008,-0.00661000795871038));
#6939=CARTESIAN_POINT('',(-0.0089267141453007,0.008,-0.00652152180087164));
#6940=CARTESIAN_POINT('',(8.2347323404619E-15,0.008,5.72025066203352E-15));
#6941=CARTESIAN_POINT('',(8.2347323404619E-15,-0.00125,5.72025066203352E-15));
#6942=CARTESIAN_POINT('',(-0.00930591743868969,-0.00125,-0.00624142767531851));
#6943=CARTESIAN_POINT('',(-0.00930591743868969,0.008,-0.00624142767531851));
#6944=CARTESIAN_POINT('',(-0.00930591743868969,0.008,-0.00624142767531851));
#6945=CARTESIAN_POINT('',(8.2347323404619E-15,0.008,5.72025066203352E-15));
#6946=CARTESIAN_POINT('',(-0.00918134196397653,0.008,-0.00615787558916867));
#6947=CARTESIAN_POINT('',(-0.00918134196397653,-0.00125,-0.00615787558916867));
#6948=CARTESIAN_POINT('',(-0.00927685990674113,-0.00125,-0.00604221953610607));
#6949=CARTESIAN_POINT('',(-0.00927685990674113,0.008,-0.00604221953610607));
#6950=CARTESIAN_POINT('',(-0.00927685990674113,0.008,-0.00604221953610607));
#6951=CARTESIAN_POINT('',(-0.00918134196397653,0.008,-0.00615787558916867));
#6952=CARTESIAN_POINT('',(-0.00991364619183849,0.008,-0.00527117918235542));
#6953=CARTESIAN_POINT('',(-0.00991364619183849,-0.00125,-0.00527117918235542));
#6954=CARTESIAN_POINT('',(-0.0090629237636465,-0.00125,-0.00579679439348534));
#6955=CARTESIAN_POINT('',(-0.0090629237636465,0.008,-0.00579679439348534));
#6956=CARTESIAN_POINT('',(-0.0090629237636465,0.008,-0.00579679439348534));
#6957=CARTESIAN_POINT('',(-0.00991364619183849,0.008,-0.00527117918235542));
#6958=CARTESIAN_POINT('',(-0.00953507471129304,0.008,-0.00550507795130823));
#6959=CARTESIAN_POINT('',(-0.00953507471129304,-0.00125,-0.00550507795130823));
#6960=CARTESIAN_POINT('',(-0.00955163308709676,-0.00125,-0.00495032501513688));
#6961=CARTESIAN_POINT('',(-0.00955163308709676,0.008,-0.00495032501513688));
#6962=CARTESIAN_POINT('',(-0.00955163308709676,0.008,-0.00495032501513688));
#6963=CARTESIAN_POINT('',(-0.00953507471129304,0.008,-0.00550507795130823));
#6964=CARTESIAN_POINT('',(-0.00952179817573876,0.008,-0.00594987985508512));
#6965=CARTESIAN_POINT('',(-0.00952179817573876,-0.00125,-0.00594987985508512));
#6966=CARTESIAN_POINT('',(-0.00987114556688104,-0.00125,-0.00501288657853412));
#6967=CARTESIAN_POINT('',(-0.00987114556688104,0.008,-0.00501288657853412));
#6968=CARTESIAN_POINT('',(-0.00987114556688104,0.008,-0.00501288657853412));
#6969=CARTESIAN_POINT('',(-0.00952179817573876,0.008,-0.00594987985508512));
#6970=CARTESIAN_POINT('',(-0.00992354767555239,0.008,-0.00487233758705145));
#6971=CARTESIAN_POINT('',(-0.00992354767555239,-0.00125,-0.00487233758705145));
#6972=CARTESIAN_POINT('',(-0.0100581936420539,-0.00125,-0.00493844706976664));
#6973=CARTESIAN_POINT('',(-0.0100581936420539,0.008,-0.00493844706976664));
#6974=CARTESIAN_POINT('',(-0.0100581936420539,0.008,-0.00493844706976664));
#6975=CARTESIAN_POINT('',(-0.00992354767555239,0.008,-0.00487233758705145));
#6976=CARTESIAN_POINT('',(1.21421969700997E-14,0.008,5.75798089763602E-15));
#6977=CARTESIAN_POINT('',(1.21421969700997E-14,-0.00125,5.75798089763602E-15));
#6978=CARTESIAN_POINT('',(-0.0102483521843721,-0.00125,-0.00453065075977125));
#6979=CARTESIAN_POINT('',(-0.0102483521843721,0.008,-0.00453065075977125));
#6980=CARTESIAN_POINT('',(-0.0102483521843721,0.008,-0.00453065075977125));
#6981=CARTESIAN_POINT('',(1.21421969700997E-14,0.008,5.75798089763602E-15));
#6982=CARTESIAN_POINT('',(-0.0101111606235392,0.008,-0.00447000032171648));
#6983=CARTESIAN_POINT('',(-0.0101111606235392,-0.00125,-0.00447000032171648));
#6984=CARTESIAN_POINT('',(-0.0101851439712751,-0.00125,-0.00433951482728208));
#6985=CARTESIAN_POINT('',(-0.0101851439712751,0.008,-0.00433951482728208));
#6986=CARTESIAN_POINT('',(-0.0101851439712751,0.008,-0.00433951482728208));
#6987=CARTESIAN_POINT('',(-0.0101111606235392,0.008,-0.00447000032171648));
#6988=CARTESIAN_POINT('',(-0.0106783662895144,0.008,-0.00346961153105264));
#6989=CARTESIAN_POINT('',(-0.0106783662895144,-0.00125,-0.00346961153105264));
#6990=CARTESIAN_POINT('',(-0.00993184037013626,-0.00125,-0.00413496786543054));
#6991=CARTESIAN_POINT('',(-0.00993184037013626,0.008,-0.00413496786543054));
#6992=CARTESIAN_POINT('',(-0.00993184037013626,0.008,-0.00413496786543054));
#6993=CARTESIAN_POINT('',(-0.0106783662895144,0.008,-0.00346961153105264));
#6994=CARTESIAN_POINT('',(-0.0103461622553911,0.008,-0.00376569509985084));
#6995=CARTESIAN_POINT('',(-0.0103461622553911,-0.00125,-0.00376569509985084));
#6996=CARTESIAN_POINT('',(-0.0102661372358384,-0.00125,-0.00321649477551956));
#6997=CARTESIAN_POINT('',(-0.0102661372358384,0.008,-0.00321649477551956));
#6998=CARTESIAN_POINT('',(-0.0102661372358384,0.008,-0.00321649477551956));
#6999=CARTESIAN_POINT('',(-0.0103461622553911,0.008,-0.00376569509985084));
#7000=CARTESIAN_POINT('',(-0.0104103264602577,0.008,-0.00420604490944964));
#7001=CARTESIAN_POINT('',(-0.0104103264602577,-0.00125,-0.00420604490944964));
#7002=CARTESIAN_POINT('',(-0.01059165930459,-0.00125,-0.00322262312833736));
#7003=CARTESIAN_POINT('',(-0.01059165930459,0.008,-0.00322262312833736));
#7004=CARTESIAN_POINT('',(-0.01059165930459,0.008,-0.00322262312833736));
#7005=CARTESIAN_POINT('',(-0.0104103264602577,0.008,-0.00420604490944964));
#7006=CARTESIAN_POINT('',(-0.0106188592312398,0.008,-0.00307510986117049));
#7007=CARTESIAN_POINT('',(-0.0106188592312398,-0.00125,-0.00307510986117049));
#7008=CARTESIAN_POINT('',(-0.0107629394141624,-0.00125,-0.00311683396558284));
#7009=CARTESIAN_POINT('',(-0.0107629394141624,0.008,-0.00311683396558284));
#7010=CARTESIAN_POINT('',(-0.0107629394141624,0.008,-0.00311683396558284));
#7011=CARTESIAN_POINT('',(-0.0106188592312398,0.008,-0.00307510986117049));
#7012=CARTESIAN_POINT('',(3.67848113080882E-15,0.008,1.01329535040495E-15));
#7013=CARTESIAN_POINT('',(3.67848113080882E-15,-0.00125,1.01329535040495E-15));
#7014=CARTESIAN_POINT('',(-0.0108793959348488,-0.00125,-0.00268221231350826));
#7015=CARTESIAN_POINT('',(-0.0108793959348488,0.008,-0.00268221231350826));
#7016=CARTESIAN_POINT('',(-0.0108793959348488,0.008,-0.00268221231350826));
#7017=CARTESIAN_POINT('',(3.67848113080882E-15,0.008,1.01329535040495E-15));
#7018=CARTESIAN_POINT('',(-0.0107337567840498,0.008,-0.00264630635641825));
#7019=CARTESIAN_POINT('',(-0.0107337567840498,-0.00125,-0.00264630635641825));
#7020=CARTESIAN_POINT('',(-0.0107839575901734,-0.00125,-0.00250495615633158));
#7021=CARTESIAN_POINT('',(-0.0107839575901734,0.008,-0.00250495615633158));
#7022=CARTESIAN_POINT('',(-0.0107839575901734,0.008,-0.00250495615633158));
#7023=CARTESIAN_POINT('',(-0.0107337567840498,0.008,-0.00264630635641825));
#7024=CARTESIAN_POINT('',(-0.0111186296309975,0.008,-0.00156262148908706));
#7025=CARTESIAN_POINT('',(-0.0111186296309975,-0.00125,-0.00156262148908706));
#7026=CARTESIAN_POINT('',(-0.0104989830327332,-0.00125,-0.00234750243117931));
#7027=CARTESIAN_POINT('',(-0.0104989830327332,0.008,-0.00234750243117931));
#7028=CARTESIAN_POINT('',(-0.0104989830327332,0.008,-0.00234750243117931));
#7029=CARTESIAN_POINT('',(-0.0111186296309975,0.008,-0.00156262148908706));
#7030=CARTESIAN_POINT('',(-0.0108428868947698,0.008,-0.00191189350831815));
#7031=CARTESIAN_POINT('',(-0.0108428868947698,-0.00125,-0.00191189350831815));
#7032=CARTESIAN_POINT('',(-0.0106687099995851,-0.00125,-0.00138493296977298));
#7033=CARTESIAN_POINT('',(-0.0106687099995851,0.008,-0.00138493296977298));
#7034=CARTESIAN_POINT('',(-0.0106687099995851,0.008,-0.00138493296977298));
#7035=CARTESIAN_POINT('',(-0.0108428868947698,0.008,-0.00191189350831815));
#7036=CARTESIAN_POINT('',(-0.0109825422431612,0.008,-0.00233441141760199));
#7037=CARTESIAN_POINT('',(-0.0109825422431612,-0.00125,-0.00233441141760199));
#7038=CARTESIAN_POINT('',(-0.0109903508339672,-0.00125,-0.00133444190511204));
#7039=CARTESIAN_POINT('',(-0.0109903508339672,0.008,-0.00133444190511204));
#7040=CARTESIAN_POINT('',(-0.0109903508339672,0.008,-0.00133444190511204));
#7041=CARTESIAN_POINT('',(-0.0109825422431612,0.008,-0.00233441141760199));
#7042=CARTESIAN_POINT('',(-0.0109915221225881,0.008,-0.00118444647823853));
#7043=CARTESIAN_POINT('',(-0.0109915221225881,-0.00125,-0.00118444647823853));
#7044=CARTESIAN_POINT('',(-0.0111406587184816,-0.00125,-0.00120051743854889));
#7045=CARTESIAN_POINT('',(-0.0111406587184816,0.008,-0.00120051743854889));
#7046=CARTESIAN_POINT('',(-0.0111406587184816,0.008,-0.00120051743854889));
#7047=CARTESIAN_POINT('',(-0.0109915221225881,0.008,-0.00118444647823853));
#7048=CARTESIAN_POINT('',(1.00692024163074E-14,0.008,9.37780669091337E-16));
#7049=CARTESIAN_POINT('',(1.00692024163074E-14,-0.00125,9.37780669091337E-16));
#7050=CARTESIAN_POINT('',(-0.0111798747450851,-0.00125,-0.000752276203364234));
#7051=CARTESIAN_POINT('',(-0.0111798747450851,0.008,-0.000752276203364234));
#7052=CARTESIAN_POINT('',(-0.0111798747450851,0.008,-0.000752276203364234));
#7053=CARTESIAN_POINT('',(1.00692024163074E-14,0.008,9.37780669091337E-16));
#7054=CARTESIAN_POINT('',(-0.0110302131762201,0.008,-0.000742205711575874));
#7055=CARTESIAN_POINT('',(-0.0110302131762201,-0.00125,-0.000742205711575874));
#7056=CARTESIAN_POINT('',(-0.0110551061146402,-0.00125,-0.000594285660139919));
#7057=CARTESIAN_POINT('',(-0.0110551061146402,0.008,-0.000594285660139919));
#7058=CARTESIAN_POINT('',(-0.0110551061146402,0.008,-0.000594285660139919));
#7059=CARTESIAN_POINT('',(-0.0110302131762201,0.008,-0.000742205711575874));
#7060=CARTESIAN_POINT('',(-0.0112210590374407,0.008,0.000391848016099864));
#7061=CARTESIAN_POINT('',(-0.0112210590374407,-0.00125,0.000391848016099864));
#7062=CARTESIAN_POINT('',(-0.0107471194086222,-0.00125,-0.000488709323450264));
#7063=CARTESIAN_POINT('',(-0.0107471194086222,0.008,-0.000488709323450264));
#7064=CARTESIAN_POINT('',(-0.0107471194086222,0.008,-0.000488709323450264));
#7065=CARTESIAN_POINT('',(-0.0112210590374407,0.008,0.000391848016099864));
#7066=CARTESIAN_POINT('',(-0.0110101559026165,0.008,-2.60208521396521E-18));
#7067=CARTESIAN_POINT('',(-0.0110101559026165,-0.00125,-2.60208521396521E-18));
#7068=CARTESIAN_POINT('',(-0.0107471194086222,-0.00125,0.000488709323450258));
#7069=CARTESIAN_POINT('',(-0.0107471194086222,0.008,0.000488709323450258));
#7070=CARTESIAN_POINT('',(-0.0107471194086222,0.008,0.000488709323450258));
#7071=CARTESIAN_POINT('',(-0.0110101559026165,0.008,-2.60208521396521E-18));
#7072=CARTESIAN_POINT('',(-0.0112210590374406,0.008,-0.000391848016099562));
#7073=CARTESIAN_POINT('',(-0.0112210590374406,-0.00125,-0.000391848016099562));
#7074=CARTESIAN_POINT('',(-0.0110551061146402,-0.00125,0.000594285660139913));
#7075=CARTESIAN_POINT('',(-0.0110551061146402,0.008,0.000594285660139913));
#7076=CARTESIAN_POINT('',(-0.0110551061146402,0.008,0.000594285660139913));
#7077=CARTESIAN_POINT('',(-0.0112210590374406,0.008,-0.000391848016099562));
#7078=CARTESIAN_POINT('',(-0.0110302131762201,0.008,0.000742205711575871));
#7079=CARTESIAN_POINT('',(-0.0110302131762201,-0.00125,0.000742205711575871));
#7080=CARTESIAN_POINT('',(-0.0111798747450851,-0.00125,0.000752276203364228));
#7081=CARTESIAN_POINT('',(-0.0111798747450851,0.008,0.000752276203364228));
#7082=CARTESIAN_POINT('',(-0.0111798747450851,0.008,0.000752276203364228));
#7083=CARTESIAN_POINT('',(-0.0110302131762201,0.008,0.000742205711575871));
#7084=CARTESIAN_POINT('',(6.90853624307763E-15,0.008,-6.01949046163952E-16));
#7085=CARTESIAN_POINT('',(6.90853624307763E-15,-0.00125,-6.01949046163952E-16));
#7086=CARTESIAN_POINT('',(-0.0111406587184816,-0.00125,0.00120051743854888));
#7087=CARTESIAN_POINT('',(-0.0111406587184816,0.008,0.00120051743854888));
#7088=CARTESIAN_POINT('',(-0.0111406587184816,0.008,0.00120051743854888));
#7089=CARTESIAN_POINT('',(6.90853624307763E-15,0.008,-6.01949046163952E-16));
#7090=CARTESIAN_POINT('',(-0.0109915221225881,0.008,0.00118444647823852));
#7091=CARTESIAN_POINT('',(-0.0109915221225881,-0.00125,0.00118444647823852));
#7092=CARTESIAN_POINT('',(-0.0109903508339672,-0.00125,0.00133444190511204));
#7093=CARTESIAN_POINT('',(-0.0109903508339672,0.008,0.00133444190511204));
#7094=CARTESIAN_POINT('',(-0.0109903508339672,0.008,0.00133444190511204));
#7095=CARTESIAN_POINT('',(-0.0109915221225881,0.008,0.00118444647823852));
#7096=CARTESIAN_POINT('',(-0.0109825422431612,0.008,0.00233441141760219));
#7097=CARTESIAN_POINT('',(-0.0109825422431612,-0.00125,0.00233441141760219));
#7098=CARTESIAN_POINT('',(-0.0106687099995851,-0.00125,0.00138493296977297));
#7099=CARTESIAN_POINT('',(-0.0106687099995851,0.008,0.00138493296977297));
#7100=CARTESIAN_POINT('',(-0.0106687099995851,0.008,0.00138493296977297));
#7101=CARTESIAN_POINT('',(-0.0109825422431612,0.008,0.00233441141760219));
#7102=CARTESIAN_POINT('',(-0.0108428868947698,0.008,0.00191189350831814));
#7103=CARTESIAN_POINT('',(-0.0108428868947698,-0.00125,0.00191189350831814));
#7104=CARTESIAN_POINT('',(-0.0104989830327332,-0.00125,0.00234750243117931));
#7105=CARTESIAN_POINT('',(-0.0104989830327332,0.008,0.00234750243117931));
#7106=CARTESIAN_POINT('',(-0.0104989830327332,0.008,0.00234750243117931));
#7107=CARTESIAN_POINT('',(-0.0108428868947698,0.008,0.00191189350831814));
#7108=CARTESIAN_POINT('',(-0.0111186296309974,0.008,0.00156262148908722));
#7109=CARTESIAN_POINT('',(-0.0111186296309974,-0.00125,0.00156262148908722));
#7110=CARTESIAN_POINT('',(-0.0107839575901734,-0.00125,0.00250495615633157));
#7111=CARTESIAN_POINT('',(-0.0107839575901734,0.008,0.00250495615633157));
#7112=CARTESIAN_POINT('',(-0.0107839575901734,0.008,0.00250495615633157));
#7113=CARTESIAN_POINT('',(-0.0111186296309974,0.008,0.00156262148908722));
#7114=CARTESIAN_POINT('',(-0.0107337567840498,0.008,0.00264630635641823));
#7115=CARTESIAN_POINT('',(-0.0107337567840498,-0.00125,0.00264630635641823));
#7116=CARTESIAN_POINT('',(-0.0108793959348488,-0.00125,0.00268221231350825));
#7117=CARTESIAN_POINT('',(-0.0108793959348488,0.008,0.00268221231350825));
#7118=CARTESIAN_POINT('',(-0.0108793959348488,0.008,0.00268221231350825));
#7119=CARTESIAN_POINT('',(-0.0107337567840498,0.008,0.00264630635641823));
#7120=CARTESIAN_POINT('',(9.87925019568792E-15,0.008,-2.67993092994967E-15));
#7121=CARTESIAN_POINT('',(9.87925019568792E-15,-0.00125,-2.67993092994967E-15));
#7122=CARTESIAN_POINT('',(-0.0107629394141624,-0.00125,0.00311683396558283));
#7123=CARTESIAN_POINT('',(-0.0107629394141624,0.008,0.00311683396558283));
#7124=CARTESIAN_POINT('',(-0.0107629394141624,0.008,0.00311683396558283));
#7125=CARTESIAN_POINT('',(9.87925019568792E-15,0.008,-2.67993092994967E-15));
#7126=CARTESIAN_POINT('',(-0.0106188592312398,0.008,0.00307510986117048));
#7127=CARTESIAN_POINT('',(-0.0106188592312398,-0.00125,0.00307510986117048));
#7128=CARTESIAN_POINT('',(-0.01059165930459,-0.00125,0.00322262312833735));
#7129=CARTESIAN_POINT('',(-0.01059165930459,0.008,0.00322262312833735));
#7130=CARTESIAN_POINT('',(-0.01059165930459,0.008,0.00322262312833735));
#7131=CARTESIAN_POINT('',(-0.0106188592312398,0.008,0.00307510986117048));
#7132=CARTESIAN_POINT('',(-0.0104103264602577,0.008,0.00420604490944986));
#7133=CARTESIAN_POINT('',(-0.0104103264602577,-0.00125,0.00420604490944986));
#7134=CARTESIAN_POINT('',(-0.0102661372358384,-0.00125,0.00321649477551955));
#7135=CARTESIAN_POINT('',(-0.0102661372358384,0.008,0.00321649477551955));
#7136=CARTESIAN_POINT('',(-0.0102661372358384,0.008,0.00321649477551955));
#7137=CARTESIAN_POINT('',(-0.0104103264602577,0.008,0.00420604490944986));
#7138=CARTESIAN_POINT('',(-0.0103461622553911,0.008,0.00376569509985083));
#7139=CARTESIAN_POINT('',(-0.0103461622553911,-0.00125,0.00376569509985083));
#7140=CARTESIAN_POINT('',(-0.00993184037013626,-0.00125,0.00413496786543052));
#7141=CARTESIAN_POINT('',(-0.00993184037013626,0.008,0.00413496786543052));
#7142=CARTESIAN_POINT('',(-0.00993184037013626,0.008,0.00413496786543052));
#7143=CARTESIAN_POINT('',(-0.0103461622553911,0.008,0.00376569509985083));
#7144=CARTESIAN_POINT('',(-0.0106783662895143,0.008,0.00346961153105274));
#7145=CARTESIAN_POINT('',(-0.0106783662895143,-0.00125,0.00346961153105274));
#7146=CARTESIAN_POINT('',(-0.0101851439712751,-0.00125,0.00433951482728206));
#7147=CARTESIAN_POINT('',(-0.0101851439712751,0.008,0.00433951482728206));
#7148=CARTESIAN_POINT('',(-0.0101851439712751,0.008,0.00433951482728206));
#7149=CARTESIAN_POINT('',(-0.0106783662895143,0.008,0.00346961153105274));
#7150=CARTESIAN_POINT('',(-0.0101111606235392,0.008,0.00447000032171647));
#7151=CARTESIAN_POINT('',(-0.0101111606235392,-0.00125,0.00447000032171647));
#7152=CARTESIAN_POINT('',(-0.0102483521843721,-0.00125,0.00453065075977124));
#7153=CARTESIAN_POINT('',(-0.0102483521843721,0.008,0.00453065075977124));
#7154=CARTESIAN_POINT('',(-0.0102483521843721,0.008,0.00453065075977124));
#7155=CARTESIAN_POINT('',(-0.0101111606235392,0.008,0.00447000032171647));
#7156=CARTESIAN_POINT('',(1.21968407595929E-14,0.008,-5.63611657344865E-15));
#7157=CARTESIAN_POINT('',(1.21968407595929E-14,-0.00125,-5.63611657344865E-15));
#7158=CARTESIAN_POINT('',(-0.0100581936420539,-0.00125,0.00493844706976663));
#7159=CARTESIAN_POINT('',(-0.0100581936420539,0.008,0.00493844706976663));
#7160=CARTESIAN_POINT('',(-0.0100581936420539,0.008,0.00493844706976663));
#7161=CARTESIAN_POINT('',(1.21968407595929E-14,0.008,-5.63611657344865E-15));
#7162=CARTESIAN_POINT('',(-0.00992354767555239,0.008,0.00487233758705144));
#7163=CARTESIAN_POINT('',(-0.00992354767555239,-0.00125,0.00487233758705144));
#7164=CARTESIAN_POINT('',(-0.00987114556688105,-0.00125,0.00501288657853411));
#7165=CARTESIAN_POINT('',(-0.00987114556688105,0.008,0.00501288657853411));
#7166=CARTESIAN_POINT('',(-0.00987114556688105,0.008,0.00501288657853411));
#7167=CARTESIAN_POINT('',(-0.00992354767555239,0.008,0.00487233758705144));
#7168=CARTESIAN_POINT('',(-0.00952179817573871,0.008,0.00594987985508537));
#7169=CARTESIAN_POINT('',(-0.00952179817573871,-0.00125,0.00594987985508537));
#7170=CARTESIAN_POINT('',(-0.00955163308709676,-0.00125,0.00495032501513687));
#7171=CARTESIAN_POINT('',(-0.00955163308709676,0.008,0.00495032501513687));
#7172=CARTESIAN_POINT('',(-0.00955163308709676,0.008,0.00495032501513687));
#7173=CARTESIAN_POINT('',(-0.00952179817573871,0.008,0.00594987985508537));
#7174=CARTESIAN_POINT('',(-0.00953507471129305,0.008,0.00550507795130822));
#7175=CARTESIAN_POINT('',(-0.00953507471129305,-0.00125,0.00550507795130822));
#7176=CARTESIAN_POINT('',(-0.0090629237636465,-0.00125,0.00579679439348533));
#7177=CARTESIAN_POINT('',(-0.0090629237636465,0.008,0.00579679439348533));
#7178=CARTESIAN_POINT('',(-0.0090629237636465,0.008,0.00579679439348533));
#7179=CARTESIAN_POINT('',(-0.00953507471129305,0.008,0.00550507795130822));
#7180=CARTESIAN_POINT('',(-0.00991364619183845,0.008,0.00527117918235544));
#7181=CARTESIAN_POINT('',(-0.00991364619183845,-0.00125,0.00527117918235544));
#7182=CARTESIAN_POINT('',(-0.00927685990674113,-0.00125,0.00604221953610606));
#7183=CARTESIAN_POINT('',(-0.00927685990674113,0.008,0.00604221953610606));
#7184=CARTESIAN_POINT('',(-0.00927685990674113,0.008,0.00604221953610606));
#7185=CARTESIAN_POINT('',(-0.00991364619183845,0.008,0.00527117918235544));
#7186=CARTESIAN_POINT('',(-0.00918134196397652,0.008,0.00615787558916866));
#7187=CARTESIAN_POINT('',(-0.00918134196397652,-0.00125,0.00615787558916866));
#7188=CARTESIAN_POINT('',(-0.00930591743868969,-0.00125,0.0062414276753185));
#7189=CARTESIAN_POINT('',(-0.00930591743868969,0.008,0.0062414276753185));
#7190=CARTESIAN_POINT('',(-0.00930591743868969,0.008,0.0062414276753185));
#7191=CARTESIAN_POINT('',(-0.00918134196397652,0.008,0.00615787558916866));
#7192=CARTESIAN_POINT('',(9.65547086728691E-15,0.008,-6.76975836499949E-15));
#7193=CARTESIAN_POINT('',(9.65547086728691E-15,-0.00125,-6.76975836499949E-15));
#7194=CARTESIAN_POINT('',(-0.00904783474582324,-0.00125,0.00661000795871037));
#7195=CARTESIAN_POINT('',(-0.00904783474582324,0.008,0.00661000795871037));
#7196=CARTESIAN_POINT('',(-0.00904783474582324,0.008,0.00661000795871037));
#7197=CARTESIAN_POINT('',(9.65547086728691E-15,0.008,-6.76975836499949E-15));
#7198=CARTESIAN_POINT('',(-0.0089267141453007,0.008,0.00652152180087163));
#7199=CARTESIAN_POINT('',(-0.0089267141453007,-0.00125,0.00652152180087163));
#7200=CARTESIAN_POINT('',(-0.00885070206616308,-0.00125,0.00665083600668513));
#7201=CARTESIAN_POINT('',(-0.00885070206616308,0.008,0.00665083600668513));
#7202=CARTESIAN_POINT('',(-0.00885070206616308,0.008,0.00665083600668513));
#7203=CARTESIAN_POINT('',(-0.0089267141453007,0.008,0.00652152180087163));
#7204=CARTESIAN_POINT('',(-0.00834395487191223,0.008,0.00751293071210852));
#7205=CARTESIAN_POINT('',(-0.00834395487191223,-0.00125,0.00751293071210852));
#7206=CARTESIAN_POINT('',(-0.00854690740036329,-0.00125,0.00653374213415458));
#7207=CARTESIAN_POINT('',(-0.00854690740036329,0.008,0.00653374213415458));
#7208=CARTESIAN_POINT('',(-0.00854690740036329,0.008,0.00653374213415458));
#7209=CARTESIAN_POINT('',(-0.00834395487191223,0.008,0.00751293071210852));
#7210=CARTESIAN_POINT('',(-0.00843426874707296,0.008,0.00707719179491897));
#7211=CARTESIAN_POINT('',(-0.00843426874707296,-0.00125,0.00707719179491897));
#7212=CARTESIAN_POINT('',(-0.00791863480465905,-0.00125,0.00728248825721359));
#7213=CARTESIAN_POINT('',(-0.00791863480465905,0.008,0.00728248825721359));
#7214=CARTESIAN_POINT('',(-0.00791863480465905,0.008,0.00728248825721359));
#7215=CARTESIAN_POINT('',(-0.00843426874707296,0.008,0.00707719179491897));
#7216=CARTESIAN_POINT('',(-0.00884770497117048,0.008,0.0069125847215477));
#7217=CARTESIAN_POINT('',(-0.00884770497117048,-0.00125,0.0069125847215477));
#7218=CARTESIAN_POINT('',(-0.00808670314825843,-0.00125,0.00756133446183608));
#7219=CARTESIAN_POINT('',(-0.00808670314825843,0.008,0.00756133446183608));
#7220=CARTESIAN_POINT('',(-0.00808670314825843,0.008,0.00756133446183608));
#7221=CARTESIAN_POINT('',(-0.00884770497117048,0.008,0.0069125847215477));
#7222=CARTESIAN_POINT('',(-0.0079725528748216,0.008,0.00765864692287935));
#7223=CARTESIAN_POINT('',(-0.0079725528748216,-0.00125,0.00765864692287935));
#7224=CARTESIAN_POINT('',(-0.00808072710065412,-0.00125,0.00776256196926599));
#7225=CARTESIAN_POINT('',(-0.00808072710065412,0.008,0.00776256196926599));
#7226=CARTESIAN_POINT('',(-0.00808072710065412,0.008,0.00776256196926599));
#7227=CARTESIAN_POINT('',(-0.0079725528748216,0.008,0.00765864692287935));
#7228=CARTESIAN_POINT('',(5.6916277246799E-15,0.008,-5.63264712649669E-15));
#7229=CARTESIAN_POINT('',(5.6916277246799E-15,-0.00125,-5.63264712649669E-15));
#7230=CARTESIAN_POINT('',(-0.007762561969266,-0.00125,0.00808072710065411));
#7231=CARTESIAN_POINT('',(-0.007762561969266,0.008,0.00808072710065411));
#7232=CARTESIAN_POINT('',(-0.007762561969266,0.008,0.00808072710065411));
#7233=CARTESIAN_POINT('',(5.6916277246799E-15,0.008,-5.63264712649669E-15));
#7234=CARTESIAN_POINT('',(-0.00765864692287936,0.008,0.00797255287482159));
#7235=CARTESIAN_POINT('',(-0.00765864692287936,-0.00125,0.00797255287482159));
#7236=CARTESIAN_POINT('',(-0.00756133446183609,-0.00125,0.00808670314825842));
#7237=CARTESIAN_POINT('',(-0.00756133446183609,0.008,0.00808670314825842));
#7238=CARTESIAN_POINT('',(-0.00756133446183609,0.008,0.00808670314825842));
#7239=CARTESIAN_POINT('',(-0.00765864692287936,0.008,0.00797255287482159));
#7240=CARTESIAN_POINT('',(-0.0069125847215476,0.008,0.00884770497117064));
#7241=CARTESIAN_POINT('',(-0.0069125847215476,-0.00125,0.00884770497117064));
#7242=CARTESIAN_POINT('',(-0.0072824882572136,-0.00125,0.00791863480465904));
#7243=CARTESIAN_POINT('',(-0.0072824882572136,0.008,0.00791863480465904));
#7244=CARTESIAN_POINT('',(-0.0072824882572136,0.008,0.00791863480465904));
#7245=CARTESIAN_POINT('',(-0.0069125847215476,0.008,0.00884770497117064));
#7246=CARTESIAN_POINT('',(-0.00707719179491899,0.008,0.00843426874707295));
#7247=CARTESIAN_POINT('',(-0.00707719179491899,-0.00125,0.00843426874707295));
#7248=CARTESIAN_POINT('',(-0.00653374213415459,-0.00125,0.00854690740036328));
#7249=CARTESIAN_POINT('',(-0.00653374213415459,0.008,0.00854690740036328));
#7250=CARTESIAN_POINT('',(-0.00653374213415459,0.008,0.00854690740036328));
#7251=CARTESIAN_POINT('',(-0.00707719179491899,0.008,0.00843426874707295));
#7252=CARTESIAN_POINT('',(-0.00751293071210834,0.008,0.0083439548719123));
#7253=CARTESIAN_POINT('',(-0.00751293071210834,-0.00125,0.0083439548719123));
#7254=CARTESIAN_POINT('',(-0.00665083600668514,-0.00125,0.00885070206616307));
#7255=CARTESIAN_POINT('',(-0.00665083600668514,0.008,0.00885070206616307));
#7256=CARTESIAN_POINT('',(-0.00665083600668514,0.008,0.00885070206616307));
#7257=CARTESIAN_POINT('',(-0.00751293071210834,0.008,0.0083439548719123));
#7258=CARTESIAN_POINT('',(-0.00652152180087164,0.008,0.0089267141453007));
#7259=CARTESIAN_POINT('',(-0.00652152180087164,-0.00125,0.0089267141453007));
#7260=CARTESIAN_POINT('',(-0.00661000795871038,-0.00125,0.00904783474582323));
#7261=CARTESIAN_POINT('',(-0.00661000795871038,0.008,0.00904783474582323));
#7262=CARTESIAN_POINT('',(-0.00661000795871038,0.008,0.00904783474582323));
#7263=CARTESIAN_POINT('',(-0.00652152180087164,0.008,0.0089267141453007));
#7264=CARTESIAN_POINT('',(5.72025066203352E-15,0.008,-8.2347323404619E-15));
#7265=CARTESIAN_POINT('',(5.72025066203352E-15,-0.00125,-8.2347323404619E-15));
#7266=CARTESIAN_POINT('',(-0.00624142767531851,-0.00125,0.00930591743868969));
#7267=CARTESIAN_POINT('',(-0.00624142767531851,0.008,0.00930591743868969));
#7268=CARTESIAN_POINT('',(-0.00624142767531851,0.008,0.00930591743868969));
#7269=CARTESIAN_POINT('',(5.72025066203352E-15,0.008,-8.2347323404619E-15));
#7270=CARTESIAN_POINT('',(-0.00615787558916867,0.008,0.00918134196397653));
#7271=CARTESIAN_POINT('',(-0.00615787558916867,-0.00125,0.00918134196397653));
#7272=CARTESIAN_POINT('',(-0.00604221953610607,-0.00125,0.00927685990674113));
#7273=CARTESIAN_POINT('',(-0.00604221953610607,0.008,0.00927685990674113));
#7274=CARTESIAN_POINT('',(-0.00604221953610607,0.008,0.00927685990674113));
#7275=CARTESIAN_POINT('',(-0.00615787558916867,0.008,0.00918134196397653));
#7276=CARTESIAN_POINT('',(-0.00527117918235542,0.008,0.00991364619183849));
#7277=CARTESIAN_POINT('',(-0.00527117918235542,-0.00125,0.00991364619183849));
#7278=CARTESIAN_POINT('',(-0.00579679439348534,-0.00125,0.0090629237636465));
#7279=CARTESIAN_POINT('',(-0.00579679439348534,0.008,0.0090629237636465));
#7280=CARTESIAN_POINT('',(-0.00579679439348534,0.008,0.0090629237636465));
#7281=CARTESIAN_POINT('',(-0.00527117918235542,0.008,0.00991364619183849));
#7282=CARTESIAN_POINT('',(-0.00550507795130823,0.008,0.00953507471129304));
#7283=CARTESIAN_POINT('',(-0.00550507795130823,-0.00125,0.00953507471129304));
#7284=CARTESIAN_POINT('',(-0.00495032501513688,-0.00125,0.00955163308709676));
#7285=CARTESIAN_POINT('',(-0.00495032501513688,0.008,0.00955163308709676));
#7286=CARTESIAN_POINT('',(-0.00495032501513688,0.008,0.00955163308709676));
#7287=CARTESIAN_POINT('',(-0.00550507795130823,0.008,0.00953507471129304));
#7288=CARTESIAN_POINT('',(-0.00594987985508515,0.008,0.00952179817573874));
#7289=CARTESIAN_POINT('',(-0.00594987985508515,-0.00125,0.00952179817573874));
#7290=CARTESIAN_POINT('',(-0.00501288657853413,-0.00125,0.00987114556688104));
#7291=CARTESIAN_POINT('',(-0.00501288657853413,0.008,0.00987114556688104));
#7292=CARTESIAN_POINT('',(-0.00501288657853413,0.008,0.00987114556688104));
#7293=CARTESIAN_POINT('',(-0.00594987985508515,0.008,0.00952179817573874));
#7294=CARTESIAN_POINT('',(-0.00487233758705146,0.008,0.00992354767555239));
#7295=CARTESIAN_POINT('',(-0.00487233758705146,-0.00125,0.00992354767555239));
#7296=CARTESIAN_POINT('',(-0.00493844706976664,-0.00125,0.0100581936420539));
#7297=CARTESIAN_POINT('',(-0.00493844706976664,0.008,0.0100581936420539));
#7298=CARTESIAN_POINT('',(-0.00493844706976664,0.008,0.0100581936420539));
#7299=CARTESIAN_POINT('',(-0.00487233758705146,0.008,0.00992354767555239));
#7300=CARTESIAN_POINT('',(5.78833855846561E-15,0.008,-1.22775054012258E-14));
#7301=CARTESIAN_POINT('',(5.78833855846561E-15,-0.00125,-1.22775054012258E-14));
#7302=CARTESIAN_POINT('',(-0.00453065075977126,-0.00125,0.0102483521843721));
#7303=CARTESIAN_POINT('',(-0.00453065075977126,0.008,0.0102483521843721));
#7304=CARTESIAN_POINT('',(-0.00453065075977126,0.008,0.0102483521843721));
#7305=CARTESIAN_POINT('',(5.78833855846561E-15,0.008,-1.22775054012258E-14));
#7306=CARTESIAN_POINT('',(-0.00447000032171648,0.008,0.0101111606235392));
#7307=CARTESIAN_POINT('',(-0.00447000032171648,-0.00125,0.0101111606235392));
#7308=CARTESIAN_POINT('',(-0.00433951482728208,-0.00125,0.0101851439712751));
#7309=CARTESIAN_POINT('',(-0.00433951482728208,0.008,0.0101851439712751));
#7310=CARTESIAN_POINT('',(-0.00433951482728208,0.008,0.0101851439712751));
#7311=CARTESIAN_POINT('',(-0.00447000032171648,0.008,0.0101111606235392));
#7312=CARTESIAN_POINT('',(-0.00346961153105267,0.008,0.0106783662895144));
#7313=CARTESIAN_POINT('',(-0.00346961153105267,-0.00125,0.0106783662895144));
#7314=CARTESIAN_POINT('',(-0.00413496786543054,-0.00125,0.00993184037013626));
#7315=CARTESIAN_POINT('',(-0.00413496786543054,0.008,0.00993184037013626));
#7316=CARTESIAN_POINT('',(-0.00413496786543054,0.008,0.00993184037013626));
#7317=CARTESIAN_POINT('',(-0.00346961153105267,0.008,0.0106783662895144));
#7318=CARTESIAN_POINT('',(-0.00376569509985084,0.008,0.0103461622553911));
#7319=CARTESIAN_POINT('',(-0.00376569509985084,-0.00125,0.0103461622553911));
#7320=CARTESIAN_POINT('',(-0.00321649477551957,-0.00125,0.0102661372358384));
#7321=CARTESIAN_POINT('',(-0.00321649477551957,0.008,0.0102661372358384));
#7322=CARTESIAN_POINT('',(-0.00321649477551957,0.008,0.0102661372358384));
#7323=CARTESIAN_POINT('',(-0.00376569509985084,0.008,0.0103461622553911));
#7324=CARTESIAN_POINT('',(-0.00420604490944974,0.008,0.0104103264602577));
#7325=CARTESIAN_POINT('',(-0.00420604490944974,-0.00125,0.0104103264602577));
#7326=CARTESIAN_POINT('',(-0.00322262312833736,-0.00125,0.01059165930459));
#7327=CARTESIAN_POINT('',(-0.00322262312833736,0.008,0.01059165930459));
#7328=CARTESIAN_POINT('',(-0.00322262312833736,0.008,0.01059165930459));
#7329=CARTESIAN_POINT('',(-0.00420604490944974,0.008,0.0104103264602577));
#7330=CARTESIAN_POINT('',(-0.0030751098611705,0.008,0.0106188592312398));
#7331=CARTESIAN_POINT('',(-0.0030751098611705,-0.00125,0.0106188592312398));
#7332=CARTESIAN_POINT('',(-0.00311683396558284,-0.00125,0.0107629394141624));
#7333=CARTESIAN_POINT('',(-0.00311683396558284,0.008,0.0107629394141624));
#7334=CARTESIAN_POINT('',(-0.00311683396558284,0.008,0.0107629394141624));
#7335=CARTESIAN_POINT('',(-0.0030751098611705,0.008,0.0106188592312398));
#7336=CARTESIAN_POINT('',(3.47118167542959E-15,0.008,-1.30824170940791E-14));
#7337=CARTESIAN_POINT('',(3.47118167542959E-15,-0.00125,-1.30824170940791E-14));
#7338=CARTESIAN_POINT('',(-0.00268221231350826,-0.00125,0.0108793959348488));
#7339=CARTESIAN_POINT('',(-0.00268221231350826,0.008,0.0108793959348488));
#7340=CARTESIAN_POINT('',(-0.00268221231350826,0.008,0.0108793959348488));
#7341=CARTESIAN_POINT('',(3.47118167542959E-15,0.008,-1.30824170940791E-14));
#7342=CARTESIAN_POINT('',(-0.00264630635641825,0.008,0.0107337567840498));
#7343=CARTESIAN_POINT('',(-0.00264630635641825,-0.00125,0.0107337567840498));
#7344=CARTESIAN_POINT('',(-0.00250495615633158,-0.00125,0.0107839575901734));
#7345=CARTESIAN_POINT('',(-0.00250495615633158,0.008,0.0107839575901734));
#7346=CARTESIAN_POINT('',(-0.00250495615633158,0.008,0.0107839575901734));
#7347=CARTESIAN_POINT('',(-0.00264630635641825,0.008,0.0107337567840498));
#7348=CARTESIAN_POINT('',(-0.00156262148908703,0.008,0.0111186296309975));
#7349=CARTESIAN_POINT('',(-0.00156262148908703,-0.00125,0.0111186296309975));
#7350=CARTESIAN_POINT('',(-0.00234750243117932,-0.00125,0.0104989830327332));
#7351=CARTESIAN_POINT('',(-0.00234750243117932,0.008,0.0104989830327332));
#7352=CARTESIAN_POINT('',(-0.00234750243117932,0.008,0.0104989830327332));
#7353=CARTESIAN_POINT('',(-0.00156262148908703,0.008,0.0111186296309975));
#7354=CARTESIAN_POINT('',(-0.00191189350831815,0.008,0.0108428868947698));
#7355=CARTESIAN_POINT('',(-0.00191189350831815,-0.00125,0.0108428868947698));
#7356=CARTESIAN_POINT('',(-0.00138493296977299,-0.00125,0.0106687099995851));
#7357=CARTESIAN_POINT('',(-0.00138493296977299,0.008,0.0106687099995851));
#7358=CARTESIAN_POINT('',(-0.00138493296977299,0.008,0.0106687099995851));
#7359=CARTESIAN_POINT('',(-0.00191189350831815,0.008,0.0108428868947698));
#7360=CARTESIAN_POINT('',(-0.00233441141760195,0.008,0.0109825422431611));
#7361=CARTESIAN_POINT('',(-0.00233441141760195,-0.00125,0.0109825422431611));
#7362=CARTESIAN_POINT('',(-0.00133444190511205,-0.00125,0.0109903508339672));
#7363=CARTESIAN_POINT('',(-0.00133444190511205,0.008,0.0109903508339672));
#7364=CARTESIAN_POINT('',(-0.00133444190511205,0.008,0.0109903508339672));
#7365=CARTESIAN_POINT('',(-0.00233441141760195,0.008,0.0109825422431611));
#7366=CARTESIAN_POINT('',(-0.00118444647823853,0.008,0.0109915221225881));
#7367=CARTESIAN_POINT('',(-0.00118444647823853,-0.00125,0.0109915221225881));
#7368=CARTESIAN_POINT('',(-0.00120051743854889,-0.00125,0.0111406587184816));
#7369=CARTESIAN_POINT('',(-0.00120051743854889,0.008,0.0111406587184816));
#7370=CARTESIAN_POINT('',(-0.00120051743854889,0.008,0.0111406587184816));
#7371=CARTESIAN_POINT('',(-0.00118444647823853,0.008,0.0109915221225881));
#7372=CARTESIAN_POINT('',(9.36479626484354E-16,0.008,-1.01021621623509E-14));
#7373=CARTESIAN_POINT('',(9.36479626484354E-16,-0.00125,-1.01021621623509E-14));
#7374=CARTESIAN_POINT('',(-0.000752276203364237,-0.00125,0.0111798747450851));
#7375=CARTESIAN_POINT('',(-0.000752276203364237,0.008,0.0111798747450851));
#7376=CARTESIAN_POINT('',(-0.000752276203364237,0.008,0.0111798747450851));
#7377=CARTESIAN_POINT('',(9.36479626484354E-16,0.008,-1.01021621623509E-14));
#7378=CARTESIAN_POINT('',(-0.000742205711575878,0.008,0.0110302131762201));
#7379=CARTESIAN_POINT('',(-0.000742205711575878,-0.00125,0.0110302131762201));
#7380=CARTESIAN_POINT('',(-0.000594285660139922,-0.00125,0.0110551061146402));
#7381=CARTESIAN_POINT('',(-0.000594285660139922,0.008,0.0110551061146402));
#7382=CARTESIAN_POINT('',(-0.000594285660139922,0.008,0.0110551061146402));
#7383=CARTESIAN_POINT('',(-0.000742205711575878,0.008,0.0110302131762201));
#7384=CARTESIAN_POINT('',(0.000391848016099855,0.008,0.0112210590374407));
#7385=CARTESIAN_POINT('',(0.000391848016099855,-0.00125,0.0112210590374407));
#7386=CARTESIAN_POINT('',(-0.000488709323450267,-0.00125,0.0107471194086222));
#7387=CARTESIAN_POINT('',(-0.000488709323450267,0.008,0.0107471194086222));
#7388=CARTESIAN_POINT('',(-0.000488709323450267,0.008,0.0107471194086222));
#7389=CARTESIAN_POINT('',(0.000391848016099855,0.008,0.0112210590374407));
#7390=CARTESIAN_POINT('',(-5.80048162279745E-18,0.008,0.0110101559026165));
#7391=CARTESIAN_POINT('',(-5.80048162279745E-18,-0.00125,0.0110101559026165));
#7392=CARTESIAN_POINT('',(0.000488709323450255,-0.00125,0.0107471194086222));
#7393=CARTESIAN_POINT('',(0.000488709323450255,0.008,0.0107471194086222));
#7394=CARTESIAN_POINT('',(0.000488709323450255,0.008,0.0107471194086222));
#7395=CARTESIAN_POINT('',(-5.80048162279745E-18,0.008,0.0110101559026165));
#7396=CARTESIAN_POINT('',(-0.000391848016099651,0.008,0.0112210590374407));
#7397=CARTESIAN_POINT('',(-0.000391848016099651,-0.00125,0.0112210590374407));
#7398=CARTESIAN_POINT('',(0.000594285660139907,-0.00125,0.0110551061146402));
#7399=CARTESIAN_POINT('',(0.000594285660139907,0.008,0.0110551061146402));
#7400=CARTESIAN_POINT('',(0.000594285660139907,0.008,0.0110551061146402));
#7401=CARTESIAN_POINT('',(-0.000391848016099651,0.008,0.0112210590374407));
#7402=CARTESIAN_POINT('',(0.00074220571157586,0.008,0.0110302131762201));
#7403=CARTESIAN_POINT('',(0.00074220571157586,-0.00125,0.0110302131762201));
#7404=CARTESIAN_POINT('',(0.000752276203364222,-0.00125,0.0111798747450851));
#7405=CARTESIAN_POINT('',(0.000752276203364222,0.008,0.0111798747450851));
#7406=CARTESIAN_POINT('',(0.000752276203364222,0.008,0.0111798747450851));
#7407=CARTESIAN_POINT('',(0.00074220571157586,0.008,0.0110302131762201));
#7408=CARTESIAN_POINT('',(-9.52742659071637E-16,0.008,-1.01125705032068E-14));
#7409=CARTESIAN_POINT('',(-9.52742659071637E-16,-0.00125,-1.01125705032068E-14));
#7410=CARTESIAN_POINT('',(0.00120051743854888,-0.00125,0.0111406587184816));
#7411=CARTESIAN_POINT('',(0.00120051743854888,0.008,0.0111406587184816));
#7412=CARTESIAN_POINT('',(0.00120051743854888,0.008,0.0111406587184816));
#7413=CARTESIAN_POINT('',(-9.52742659071637E-16,0.008,-1.01125705032068E-14));
#7414=CARTESIAN_POINT('',(0.00118444647823852,0.008,0.0109915221225881));
#7415=CARTESIAN_POINT('',(0.00118444647823852,-0.00125,0.0109915221225881));
#7416=CARTESIAN_POINT('',(0.00133444190511203,-0.00125,0.0109903508339672));
#7417=CARTESIAN_POINT('',(0.00133444190511203,0.008,0.0109903508339672));
#7418=CARTESIAN_POINT('',(0.00133444190511203,0.008,0.0109903508339672));
#7419=CARTESIAN_POINT('',(0.00118444647823852,0.008,0.0109915221225881));
#7420=CARTESIAN_POINT('',(0.00233441141760224,0.008,0.0109825422431612));
#7421=CARTESIAN_POINT('',(0.00233441141760224,-0.00125,0.0109825422431612));
#7422=CARTESIAN_POINT('',(0.00138493296977297,-0.00125,0.0106687099995851));
#7423=CARTESIAN_POINT('',(0.00138493296977297,0.008,0.0106687099995851));
#7424=CARTESIAN_POINT('',(0.00138493296977297,0.008,0.0106687099995851));
#7425=CARTESIAN_POINT('',(0.00233441141760224,0.008,0.0109825422431612));
#7426=CARTESIAN_POINT('',(0.00191189350831813,0.008,0.0108428868947698));
#7427=CARTESIAN_POINT('',(0.00191189350831813,-0.00125,0.0108428868947698));
#7428=CARTESIAN_POINT('',(0.0023475024311793,-0.00125,0.0104989830327332));
#7429=CARTESIAN_POINT('',(0.0023475024311793,0.008,0.0104989830327332));
#7430=CARTESIAN_POINT('',(0.0023475024311793,0.008,0.0104989830327332));
#7431=CARTESIAN_POINT('',(0.00191189350831813,0.008,0.0108428868947698));
#7432=CARTESIAN_POINT('',(0.00156262148908725,0.008,0.0111186296309974));
#7433=CARTESIAN_POINT('',(0.00156262148908725,-0.00125,0.0111186296309974));
#7434=CARTESIAN_POINT('',(0.00250495615633157,-0.00125,0.0107839575901734));
#7435=CARTESIAN_POINT('',(0.00250495615633157,0.008,0.0107839575901734));
#7436=CARTESIAN_POINT('',(0.00250495615633157,0.008,0.0107839575901734));
#7437=CARTESIAN_POINT('',(0.00156262148908725,0.008,0.0111186296309974));
#7438=CARTESIAN_POINT('',(0.00264630635641824,0.008,0.0107337567840498));
#7439=CARTESIAN_POINT('',(0.00264630635641824,-0.00125,0.0107337567840498));
#7440=CARTESIAN_POINT('',(0.00268221231350825,-0.00125,0.0108793959348488));
#7441=CARTESIAN_POINT('',(0.00268221231350825,0.008,0.0108793959348488));
#7442=CARTESIAN_POINT('',(0.00268221231350825,0.008,0.0108793959348488));
#7443=CARTESIAN_POINT('',(0.00264630635641824,0.008,0.0107337567840498));
#7444=CARTESIAN_POINT('',(-2.68079829168766E-15,0.008,-9.87925019568792E-15));
#7445=CARTESIAN_POINT('',(-2.68079829168766E-15,-0.00125,-9.87925019568792E-15));
#7446=CARTESIAN_POINT('',(0.00311683396558283,-0.00125,0.0107629394141624));
#7447=CARTESIAN_POINT('',(0.00311683396558283,0.008,0.0107629394141624));
#7448=CARTESIAN_POINT('',(0.00311683396558283,0.008,0.0107629394141624));
#7449=CARTESIAN_POINT('',(-2.68079829168766E-15,0.008,-9.87925019568792E-15));
#7450=CARTESIAN_POINT('',(0.00307510986117048,0.008,0.0106188592312398));
#7451=CARTESIAN_POINT('',(0.00307510986117048,-0.00125,0.0106188592312398));
#7452=CARTESIAN_POINT('',(0.00322262312833735,-0.00125,0.01059165930459));
#7453=CARTESIAN_POINT('',(0.00322262312833735,0.008,0.01059165930459));
#7454=CARTESIAN_POINT('',(0.00322262312833735,0.008,0.01059165930459));
#7455=CARTESIAN_POINT('',(0.00307510986117048,0.008,0.0106188592312398));
#7456=CARTESIAN_POINT('',(0.00420604490944991,0.008,0.0104103264602577));
#7457=CARTESIAN_POINT('',(0.00420604490944991,-0.00125,0.0104103264602577));
#7458=CARTESIAN_POINT('',(0.00321649477551955,-0.00125,0.0102661372358384));
#7459=CARTESIAN_POINT('',(0.00321649477551955,0.008,0.0102661372358384));
#7460=CARTESIAN_POINT('',(0.00321649477551955,0.008,0.0102661372358384));
#7461=CARTESIAN_POINT('',(0.00420604490944991,0.008,0.0104103264602577));
#7462=CARTESIAN_POINT('',(0.00376569509985083,0.008,0.0103461622553911));
#7463=CARTESIAN_POINT('',(0.00376569509985083,-0.00125,0.0103461622553911));
#7464=CARTESIAN_POINT('',(0.00413496786543052,-0.00125,0.00993184037013626));
#7465=CARTESIAN_POINT('',(0.00413496786543052,0.008,0.00993184037013626));
#7466=CARTESIAN_POINT('',(0.00413496786543052,0.008,0.00993184037013626));
#7467=CARTESIAN_POINT('',(0.00376569509985083,0.008,0.0103461622553911));
#7468=CARTESIAN_POINT('',(0.00346961153105278,0.008,0.0106783662895143));
#7469=CARTESIAN_POINT('',(0.00346961153105278,-0.00125,0.0106783662895143));
#7470=CARTESIAN_POINT('',(0.00433951482728206,-0.00125,0.0101851439712751));
#7471=CARTESIAN_POINT('',(0.00433951482728206,0.008,0.0101851439712751));
#7472=CARTESIAN_POINT('',(0.00433951482728206,0.008,0.0101851439712751));
#7473=CARTESIAN_POINT('',(0.00346961153105278,0.008,0.0106783662895143));
#7474=CARTESIAN_POINT('',(0.00447000032171647,0.008,0.0101111606235392));
#7475=CARTESIAN_POINT('',(0.00447000032171647,-0.00125,0.0101111606235392));
#7476=CARTESIAN_POINT('',(0.00453065075977124,-0.00125,0.0102483521843721));
#7477=CARTESIAN_POINT('',(0.00453065075977124,0.008,0.0102483521843721));
#7478=CARTESIAN_POINT('',(0.00453065075977124,0.008,0.0102483521843721));
#7479=CARTESIAN_POINT('',(0.00447000032171647,0.008,0.0101111606235392));
#7480=CARTESIAN_POINT('',(-5.65563221255339E-15,0.008,-1.22393414847544E-14));
#7481=CARTESIAN_POINT('',(-5.65563221255339E-15,-0.00125,-1.22393414847544E-14));
#7482=CARTESIAN_POINT('',(0.00493844706976663,-0.00125,0.0100581936420539));
#7483=CARTESIAN_POINT('',(0.00493844706976663,0.008,0.0100581936420539));
#7484=CARTESIAN_POINT('',(0.00493844706976663,0.008,0.0100581936420539));
#7485=CARTESIAN_POINT('',(-5.65563221255339E-15,0.008,-1.22393414847544E-14));
#7486=CARTESIAN_POINT('',(0.00487233758705144,0.008,0.0099235476755524));
#7487=CARTESIAN_POINT('',(0.00487233758705144,-0.00125,0.0099235476755524));
#7488=CARTESIAN_POINT('',(0.00501288657853411,-0.00125,0.00987114556688105));
#7489=CARTESIAN_POINT('',(0.00501288657853411,0.008,0.00987114556688105));
#7490=CARTESIAN_POINT('',(0.00501288657853411,0.008,0.00987114556688105));
#7491=CARTESIAN_POINT('',(0.00487233758705144,0.008,0.0099235476755524));
#7492=CARTESIAN_POINT('',(0.00594987985508535,0.008,0.00952179817573871));
#7493=CARTESIAN_POINT('',(0.00594987985508535,-0.00125,0.00952179817573871));
#7494=CARTESIAN_POINT('',(0.00495032501513687,-0.00125,0.00955163308709677));
#7495=CARTESIAN_POINT('',(0.00495032501513687,0.008,0.00955163308709677));
#7496=CARTESIAN_POINT('',(0.00495032501513687,0.008,0.00955163308709677));
#7497=CARTESIAN_POINT('',(0.00594987985508535,0.008,0.00952179817573871));
#7498=CARTESIAN_POINT('',(0.00550507795130823,0.008,0.00953507471129305));
#7499=CARTESIAN_POINT('',(0.00550507795130823,-0.00125,0.00953507471129305));
#7500=CARTESIAN_POINT('',(0.00579679439348533,-0.00125,0.00906292376364651));
#7501=CARTESIAN_POINT('',(0.00579679439348533,0.008,0.00906292376364651));
#7502=CARTESIAN_POINT('',(0.00579679439348533,0.008,0.00906292376364651));
#7503=CARTESIAN_POINT('',(0.00550507795130823,0.008,0.00953507471129305));
#7504=CARTESIAN_POINT('',(0.00527117918235552,0.008,0.00991364619183837));
#7505=CARTESIAN_POINT('',(0.00527117918235552,-0.00125,0.00991364619183837));
#7506=CARTESIAN_POINT('',(0.00604221953610606,-0.00125,0.00927685990674113));
#7507=CARTESIAN_POINT('',(0.00604221953610606,0.008,0.00927685990674113));
#7508=CARTESIAN_POINT('',(0.00604221953610606,0.008,0.00927685990674113));
#7509=CARTESIAN_POINT('',(0.00527117918235552,0.008,0.00991364619183837));
#7510=CARTESIAN_POINT('',(0.00615787558916865,0.008,0.00918134196397653));
#7511=CARTESIAN_POINT('',(0.00615787558916865,-0.00125,0.00918134196397653));
#7512=CARTESIAN_POINT('',(0.00624142767531849,-0.00125,0.00930591743868969));
#7513=CARTESIAN_POINT('',(0.00624142767531849,0.008,0.00930591743868969));
#7514=CARTESIAN_POINT('',(0.00624142767531849,0.008,0.00930591743868969));
#7515=CARTESIAN_POINT('',(0.00615787558916865,0.008,0.00918134196397653));
#7516=CARTESIAN_POINT('',(-5.03199912293972E-15,0.008,-7.31099208950425E-15));
#7517=CARTESIAN_POINT('',(-5.03199912293972E-15,-0.00125,-7.31099208950425E-15));
#7518=CARTESIAN_POINT('',(0.00661000795871036,-0.00125,0.00904783474582324));
#7519=CARTESIAN_POINT('',(0.00661000795871036,0.008,0.00904783474582324));
#7520=CARTESIAN_POINT('',(0.00661000795871036,0.008,0.00904783474582324));
#7521=CARTESIAN_POINT('',(-5.03199912293972E-15,0.008,-7.31099208950425E-15));
#7522=CARTESIAN_POINT('',(0.00652152180087163,0.008,0.00892671414530071));
#7523=CARTESIAN_POINT('',(0.00652152180087163,-0.00125,0.00892671414530071));
#7524=CARTESIAN_POINT('',(0.00665083600668513,-0.00125,0.00885070206616308));
#7525=CARTESIAN_POINT('',(0.00665083600668513,0.008,0.00885070206616308));
#7526=CARTESIAN_POINT('',(0.00665083600668513,0.008,0.00885070206616308));
#7527=CARTESIAN_POINT('',(0.00652152180087163,0.008,0.00892671414530071));
#7528=CARTESIAN_POINT('',(0.00751293071210851,0.008,0.00834395487191224));
#7529=CARTESIAN_POINT('',(0.00751293071210851,-0.00125,0.00834395487191224));
#7530=CARTESIAN_POINT('',(0.00653374213415457,-0.00125,0.00854690740036329));
#7531=CARTESIAN_POINT('',(0.00653374213415457,0.008,0.00854690740036329));
#7532=CARTESIAN_POINT('',(0.00653374213415457,0.008,0.00854690740036329));
#7533=CARTESIAN_POINT('',(0.00751293071210851,0.008,0.00834395487191224));
#7534=CARTESIAN_POINT('',(0.00707719179491897,0.008,0.00843426874707296));
#7535=CARTESIAN_POINT('',(0.00707719179491897,-0.00125,0.00843426874707296));
#7536=CARTESIAN_POINT('',(0.00728248825721359,-0.00125,0.00791863480465905));
#7537=CARTESIAN_POINT('',(0.00728248825721359,0.008,0.00791863480465905));
#7538=CARTESIAN_POINT('',(0.00728248825721359,0.008,0.00791863480465905));
#7539=CARTESIAN_POINT('',(0.00707719179491897,0.008,0.00843426874707296));
#7540=CARTESIAN_POINT('',(0.00691258472154769,0.008,0.00884770497117052));
#7541=CARTESIAN_POINT('',(0.00691258472154769,-0.00125,0.00884770497117052));
#7542=CARTESIAN_POINT('',(0.00756133446183608,-0.00125,0.00808670314825843));
#7543=CARTESIAN_POINT('',(0.00756133446183608,0.008,0.00808670314825843));
#7544=CARTESIAN_POINT('',(0.00756133446183608,0.008,0.00808670314825843));
#7545=CARTESIAN_POINT('',(0.00691258472154769,0.008,0.00884770497117052));
#7546=CARTESIAN_POINT('',(0.00765864692287935,0.008,0.00797255287482161));
#7547=CARTESIAN_POINT('',(0.00765864692287935,-0.00125,0.00797255287482161));
#7548=CARTESIAN_POINT('',(0.00776256196926599,-0.00125,0.00808072710065412));
#7549=CARTESIAN_POINT('',(0.00776256196926599,0.008,0.00808072710065412));
#7550=CARTESIAN_POINT('',(0.00776256196926599,0.008,0.00808072710065412));
#7551=CARTESIAN_POINT('',(0.00765864692287935,0.008,0.00797255287482161));
#7552=CARTESIAN_POINT('',(-1.6158949178724E-15,0.008,-1.63150742915619E-15));
#7553=CARTESIAN_POINT('',(-1.6158949178724E-15,-0.00125,-1.63150742915619E-15));
#7554=CARTESIAN_POINT('',(0.0080807271006541,-0.00125,0.00776256196926601));
#7555=CARTESIAN_POINT('',(0.0080807271006541,0.008,0.00776256196926601));
#7556=CARTESIAN_POINT('',(0.0080807271006541,0.008,0.00776256196926601));
#7557=CARTESIAN_POINT('',(-1.6158949178724E-15,0.008,-1.63150742915619E-15));
#7558=CARTESIAN_POINT('',(0.00797255287482159,0.008,0.00765864692287936));
#7559=CARTESIAN_POINT('',(0.00797255287482159,-0.00125,0.00765864692287936));
#7560=CARTESIAN_POINT('',(0.00808670314825842,-0.00125,0.0075613344618361));
#7561=CARTESIAN_POINT('',(0.00808670314825842,0.008,0.0075613344618361));
#7562=CARTESIAN_POINT('',(0.00808670314825842,0.008,0.0075613344618361));
#7563=CARTESIAN_POINT('',(0.00797255287482159,0.008,0.00765864692287936));
#7564=CARTESIAN_POINT('',(0.00884770497117065,0.008,0.0069125847215476));
#7565=CARTESIAN_POINT('',(0.00884770497117065,-0.00125,0.0069125847215476));
#7566=CARTESIAN_POINT('',(0.00791863480465904,-0.00125,0.00728248825721361));
#7567=CARTESIAN_POINT('',(0.00791863480465904,0.008,0.00728248825721361));
#7568=CARTESIAN_POINT('',(0.00791863480465904,0.008,0.00728248825721361));
#7569=CARTESIAN_POINT('',(0.00884770497117065,0.008,0.0069125847215476));
#7570=CARTESIAN_POINT('',(0.00843426874707295,0.008,0.00707719179491899));
#7571=CARTESIAN_POINT('',(0.00843426874707295,-0.00125,0.00707719179491899));
#7572=CARTESIAN_POINT('',(0.00854690740036328,-0.00125,0.00653374213415459));
#7573=CARTESIAN_POINT('',(0.00854690740036328,0.008,0.00653374213415459));
#7574=CARTESIAN_POINT('',(0.00854690740036328,0.008,0.00653374213415459));
#7575=CARTESIAN_POINT('',(0.00843426874707295,0.008,0.00707719179491899));
#7576=CARTESIAN_POINT('',(0.00834395487191229,0.008,0.00751293071210838));
#7577=CARTESIAN_POINT('',(0.00834395487191229,-0.00125,0.00751293071210838));
#7578=CARTESIAN_POINT('',(0.00885070206616306,-0.00125,0.00665083600668515));
#7579=CARTESIAN_POINT('',(0.00885070206616306,0.008,0.00665083600668515));
#7580=CARTESIAN_POINT('',(0.00885070206616306,0.008,0.00665083600668515));
#7581=CARTESIAN_POINT('',(0.00834395487191229,0.008,0.00751293071210838));
#7582=CARTESIAN_POINT('',(0.00892671414530069,0.008,0.00652152180087165));
#7583=CARTESIAN_POINT('',(0.00892671414530069,-0.00125,0.00652152180087165));
#7584=CARTESIAN_POINT('',(0.00904783474582322,-0.00125,0.00661000795871039));
#7585=CARTESIAN_POINT('',(0.00904783474582322,0.008,0.00661000795871039));
#7586=CARTESIAN_POINT('',(0.00904783474582322,0.008,0.00661000795871039));
#7587=CARTESIAN_POINT('',(0.00892671414530069,0.008,0.00652152180087165));
#7588=CARTESIAN_POINT('',(-8.90780504914091E-15,0.008,-6.24500451351651E-15));
#7589=CARTESIAN_POINT('',(-8.90780504914091E-15,-0.00125,-6.24500451351651E-15));
#7590=CARTESIAN_POINT('',(0.00930591743868968,-0.00125,0.00624142767531852));
#7591=CARTESIAN_POINT('',(0.00930591743868968,0.008,0.00624142767531852));
#7592=CARTESIAN_POINT('',(0.00930591743868968,0.008,0.00624142767531852));
#7593=CARTESIAN_POINT('',(-8.90780504914091E-15,0.008,-6.24500451351651E-15));
#7594=CARTESIAN_POINT('',(0.00918134196397651,0.008,0.00615787558916868));
#7595=CARTESIAN_POINT('',(0.00918134196397651,-0.00125,0.00615787558916868));
#7596=CARTESIAN_POINT('',(0.00927685990674112,-0.00125,0.00604221953610608));
#7597=CARTESIAN_POINT('',(0.00927685990674112,0.008,0.00604221953610608));
#7598=CARTESIAN_POINT('',(0.00927685990674112,0.008,0.00604221953610608));
#7599=CARTESIAN_POINT('',(0.00918134196397651,0.008,0.00615787558916868));
#7600=CARTESIAN_POINT('',(0.00991364619183864,0.008,0.00527117918235531));
#7601=CARTESIAN_POINT('',(0.00991364619183864,-0.00125,0.00527117918235531));
#7602=CARTESIAN_POINT('',(0.00906292376364649,-0.00125,0.00579679439348535));
#7603=CARTESIAN_POINT('',(0.00906292376364649,0.008,0.00579679439348535));
#7604=CARTESIAN_POINT('',(0.00906292376364649,0.008,0.00579679439348535));
#7605=CARTESIAN_POINT('',(0.00991364619183864,0.008,0.00527117918235531));
#7606=CARTESIAN_POINT('',(0.00953507471129304,0.008,0.00550507795130825));
#7607=CARTESIAN_POINT('',(0.00953507471129304,-0.00125,0.00550507795130825));
#7608=CARTESIAN_POINT('',(0.00955163308709676,-0.00125,0.00495032501513689));
#7609=CARTESIAN_POINT('',(0.00955163308709676,0.008,0.00495032501513689));
#7610=CARTESIAN_POINT('',(0.00955163308709676,0.008,0.00495032501513689));
#7611=CARTESIAN_POINT('',(0.00953507471129304,0.008,0.00550507795130825));
#7612=CARTESIAN_POINT('',(0.00952179817573873,0.008,0.00594987985508518));
#7613=CARTESIAN_POINT('',(0.00952179817573873,-0.00125,0.00594987985508518));
#7614=CARTESIAN_POINT('',(0.00987114556688104,-0.00125,0.00501288657853413));
#7615=CARTESIAN_POINT('',(0.00987114556688104,0.008,0.00501288657853413));
#7616=CARTESIAN_POINT('',(0.00987114556688104,0.008,0.00501288657853413));
#7617=CARTESIAN_POINT('',(0.00952179817573873,0.008,0.00594987985508518));
#7618=CARTESIAN_POINT('',(0.00992354767555239,0.008,0.00487233758705146));
#7619=CARTESIAN_POINT('',(0.00992354767555239,-0.00125,0.00487233758705146));
#7620=CARTESIAN_POINT('',(0.0100581936420539,-0.00125,0.00493844706976664));
#7621=CARTESIAN_POINT('',(0.0100581936420539,0.008,0.00493844706976664));
#7622=CARTESIAN_POINT('',(0.0100581936420539,0.008,0.00493844706976664));
#7623=CARTESIAN_POINT('',(0.00992354767555239,0.008,0.00487233758705146));
#7624=CARTESIAN_POINT('',(-5.59795265697716E-15,0.008,-2.70269917557187E-15));
#7625=CARTESIAN_POINT('',(-5.59795265697716E-15,-0.00125,-2.70269917557187E-15));
#7626=CARTESIAN_POINT('',(0.0102483521843721,-0.00125,0.00453065075977126));
#7627=CARTESIAN_POINT('',(0.0102483521843721,0.008,0.00453065075977126));
#7628=CARTESIAN_POINT('',(0.0102483521843721,0.008,0.00453065075977126));
#7629=CARTESIAN_POINT('',(-5.59795265697716E-15,0.008,-2.70269917557187E-15));
#7630=CARTESIAN_POINT('',(0.0101111606235392,0.008,0.00447000032171648));
#7631=CARTESIAN_POINT('',(0.0101111606235392,-0.00125,0.00447000032171648));
#7632=CARTESIAN_POINT('',(0.0101851439712751,-0.00125,0.00433951482728208));
#7633=CARTESIAN_POINT('',(0.0101851439712751,0.008,0.00433951482728208));
#7634=CARTESIAN_POINT('',(0.0101851439712751,0.008,0.00433951482728208));
#7635=CARTESIAN_POINT('',(0.0101111606235392,0.008,0.00447000032171648));
#7636=CARTESIAN_POINT('',(0.0106783662895144,0.008,0.00346961153105267));
#7637=CARTESIAN_POINT('',(0.0106783662895144,-0.00125,0.00346961153105267));
#7638=CARTESIAN_POINT('',(0.00993184037013626,-0.00125,0.00413496786543054));
#7639=CARTESIAN_POINT('',(0.00993184037013626,0.008,0.00413496786543054));
#7640=CARTESIAN_POINT('',(0.00993184037013626,0.008,0.00413496786543054));
#7641=CARTESIAN_POINT('',(0.0106783662895144,0.008,0.00346961153105267));
#7642=CARTESIAN_POINT('',(0.0103461622553911,0.008,0.00376569509985084));
#7643=CARTESIAN_POINT('',(0.0103461622553911,-0.00125,0.00376569509985084));
#7644=CARTESIAN_POINT('',(0.0102661372358384,-0.00125,0.00321649477551957));
#7645=CARTESIAN_POINT('',(0.0102661372358384,0.008,0.00321649477551957));
#7646=CARTESIAN_POINT('',(0.0102661372358384,0.008,0.00321649477551957));
#7647=CARTESIAN_POINT('',(0.0103461622553911,0.008,0.00376569509985084));
#7648=CARTESIAN_POINT('',(0.0104103264602577,0.008,0.00420604490944974));
#7649=CARTESIAN_POINT('',(0.0104103264602577,-0.00125,0.00420604490944974));
#7650=CARTESIAN_POINT('',(0.01059165930459,-0.00125,0.00322262312833736));
#7651=CARTESIAN_POINT('',(0.01059165930459,0.008,0.00322262312833736));
#7652=CARTESIAN_POINT('',(0.01059165930459,0.008,0.00322262312833736));
#7653=CARTESIAN_POINT('',(0.0104103264602577,0.008,0.00420604490944974));
#7654=CARTESIAN_POINT('',(0.0106188592312398,0.008,0.0030751098611705));
#7655=CARTESIAN_POINT('',(0.0106188592312398,-0.00125,0.0030751098611705));
#7656=CARTESIAN_POINT('',(0.0107629394141624,-0.00125,0.00311683396558284));
#7657=CARTESIAN_POINT('',(0.0107629394141624,0.008,0.00311683396558284));
#7658=CARTESIAN_POINT('',(0.0107629394141624,0.008,0.00311683396558284));
#7659=CARTESIAN_POINT('',(0.0106188592312398,0.008,0.0030751098611705));
#7660=CARTESIAN_POINT('',(-1.30988969671009E-14,0.008,-3.46706170717415E-15));
#7661=CARTESIAN_POINT('',(-1.30988969671009E-14,-0.00125,-3.46706170717415E-15));
#7662=CARTESIAN_POINT('',(0.0108793959348488,-0.00125,0.00268221231350826));
#7663=CARTESIAN_POINT('',(0.0108793959348488,0.008,0.00268221231350826));
#7664=CARTESIAN_POINT('',(0.0108793959348488,0.008,0.00268221231350826));
#7665=CARTESIAN_POINT('',(-1.30988969671009E-14,0.008,-3.46706170717415E-15));
#7666=CARTESIAN_POINT('',(0.0107337567840498,0.008,0.00264630635641825));
#7667=CARTESIAN_POINT('',(0.0107337567840498,-0.00125,0.00264630635641825));
#7668=CARTESIAN_POINT('',(0.0107839575901734,-0.00125,0.00250495615633158));
#7669=CARTESIAN_POINT('',(0.0107839575901734,0.008,0.00250495615633158));
#7670=CARTESIAN_POINT('',(0.0107839575901734,0.008,0.00250495615633158));
#7671=CARTESIAN_POINT('',(0.0107337567840498,0.008,0.00264630635641825));
#7672=CARTESIAN_POINT('',(0.0111186296309975,0.008,0.00156262148908703));
#7673=CARTESIAN_POINT('',(0.0111186296309975,-0.00125,0.00156262148908703));
#7674=CARTESIAN_POINT('',(0.0104989830327332,-0.00125,0.00234750243117932));
#7675=CARTESIAN_POINT('',(0.0104989830327332,0.008,0.00234750243117932));
#7676=CARTESIAN_POINT('',(0.0104989830327332,0.008,0.00234750243117932));
#7677=CARTESIAN_POINT('',(0.0111186296309975,0.008,0.00156262148908703));
#7678=CARTESIAN_POINT('',(0.0108428868947698,0.008,0.00191189350831815));
#7679=CARTESIAN_POINT('',(0.0108428868947698,-0.00125,0.00191189350831815));
#7680=CARTESIAN_POINT('',(0.0106687099995851,-0.00125,0.00138493296977299));
#7681=CARTESIAN_POINT('',(0.0106687099995851,0.008,0.00138493296977299));
#7682=CARTESIAN_POINT('',(0.0106687099995851,0.008,0.00138493296977299));
#7683=CARTESIAN_POINT('',(0.0108428868947698,0.008,0.00191189350831815));
#7684=CARTESIAN_POINT('',(0.0109825422431612,0.008,0.00233441141760199));
#7685=CARTESIAN_POINT('',(0.0109825422431612,-0.00125,0.00233441141760199));
#7686=CARTESIAN_POINT('',(0.0109903508339672,-0.00125,0.00133444190511205));
#7687=CARTESIAN_POINT('',(0.0109903508339672,0.008,0.00133444190511205));
#7688=CARTESIAN_POINT('',(0.0109903508339672,0.008,0.00133444190511205));
#7689=CARTESIAN_POINT('',(0.0109825422431612,0.008,0.00233441141760199));
#7690=CARTESIAN_POINT('',(0.0109915221225881,0.008,0.00118444647823854));
#7691=CARTESIAN_POINT('',(0.0109915221225881,-0.00125,0.00118444647823854));
#7692=CARTESIAN_POINT('',(0.0111406587184816,-0.00125,0.0012005174385489));
#7693=CARTESIAN_POINT('',(0.0111406587184816,0.008,0.0012005174385489));
#7694=CARTESIAN_POINT('',(0.0111406587184816,0.008,0.0012005174385489));
#7695=CARTESIAN_POINT('',(0.0109915221225881,0.008,0.00118444647823854));
#7696=CARTESIAN_POINT('',(-1.00882843745431E-14,0.008,-9.30570724644308E-16));
#7697=CARTESIAN_POINT('',(-1.00882843745431E-14,-0.00125,-9.30570724644308E-16));
#7698=CARTESIAN_POINT('',(0.0111798747450851,-0.00125,0.000752276203364243));
#7699=CARTESIAN_POINT('',(0.0111798747450851,0.008,0.000752276203364243));
#7700=CARTESIAN_POINT('',(0.0111798747450851,0.008,0.000752276203364243));
#7701=CARTESIAN_POINT('',(-1.00882843745431E-14,0.008,-9.30570724644308E-16));
#7702=CARTESIAN_POINT('',(0.0110302131762201,0.008,0.000742205711575883));
#7703=CARTESIAN_POINT('',(0.0110302131762201,-0.00125,0.000742205711575883));
#7704=CARTESIAN_POINT('',(0.0110551061146402,-0.00125,0.000594285660139928));
#7705=CARTESIAN_POINT('',(0.0110551061146402,0.008,0.000594285660139928));
#7706=CARTESIAN_POINT('',(0.0110551061146402,0.008,0.000594285660139928));
#7707=CARTESIAN_POINT('',(0.0110302131762201,0.008,0.000742205711575883));
#7708=CARTESIAN_POINT('',(0.0112210590374407,0.008,-0.00039184801609985));
#7709=CARTESIAN_POINT('',(0.0112210590374407,-0.00125,-0.00039184801609985));
#7710=CARTESIAN_POINT('',(0.0107471194086222,-0.00125,0.000488709323450273));
#7711=CARTESIAN_POINT('',(0.0107471194086222,0.008,0.000488709323450273));
#7712=CARTESIAN_POINT('',(0.0107471194086222,0.008,0.000488709323450273));
#7713=CARTESIAN_POINT('',(0.0112210590374407,0.008,-0.00039184801609985));
#7714=CARTESIAN_POINT('',(0.0110101559026165,0.008,1.10588621593521E-17));
#7715=CARTESIAN_POINT('',(0.0110101559026165,-0.00125,1.10588621593521E-17));
#7716=CARTESIAN_POINT('',(0.0107471194086222,-0.00125,-0.00048870932345025));
#7717=CARTESIAN_POINT('',(0.0107471194086222,0.008,-0.00048870932345025));
#7718=CARTESIAN_POINT('',(0.0107471194086222,0.008,-0.00048870932345025));
#7719=CARTESIAN_POINT('',(0.0110101559026165,0.008,1.10588621593521E-17));
#7720=CARTESIAN_POINT('',(0.0112210590374407,0.008,0.000391848016099695));
#7721=CARTESIAN_POINT('',(0.0112210590374407,-0.00125,0.000391848016099695));
#7722=CARTESIAN_POINT('',(0.0110551061146402,-0.00125,-0.000594285660139901));
#7723=CARTESIAN_POINT('',(0.0110551061146402,0.008,-0.000594285660139901));
#7724=CARTESIAN_POINT('',(0.0110551061146402,0.008,-0.000594285660139901));
#7725=CARTESIAN_POINT('',(0.0112210590374407,0.008,0.000391848016099695));
#7726=CARTESIAN_POINT('',(0.0110302131762201,0.008,-0.000742205711575854));
#7727=CARTESIAN_POINT('',(0.0110302131762201,-0.00125,-0.000742205711575854));
#7728=CARTESIAN_POINT('',(0.0111798747450851,-0.00125,-0.000752276203364217));
#7729=CARTESIAN_POINT('',(0.0111798747450851,0.008,-0.000752276203364217));
#7730=CARTESIAN_POINT('',(0.0111798747450851,0.008,-0.000752276203364217));
#7731=CARTESIAN_POINT('',(0.0110302131762201,0.008,-0.000742205711575854));
#7732=CARTESIAN_POINT('',(-6.89812790222177E-15,0.008,6.11381605064576E-16));
#7733=CARTESIAN_POINT('',(-6.89812790222177E-15,-0.00125,6.11381605064576E-16));
#7734=CARTESIAN_POINT('',(0.0111406587184816,-0.00125,-0.00120051743854887));
#7735=CARTESIAN_POINT('',(0.0111406587184816,0.008,-0.00120051743854887));
#7736=CARTESIAN_POINT('',(0.0111406587184816,0.008,-0.00120051743854887));
#7737=CARTESIAN_POINT('',(-6.89812790222177E-15,0.008,6.11381605064576E-16));
#7738=CARTESIAN_POINT('',(0.0109915221225881,0.008,-0.00118444647823851));
#7739=CARTESIAN_POINT('',(0.0109915221225881,-0.00125,-0.00118444647823851));
#7740=CARTESIAN_POINT('',(0.0109903508339672,-0.00125,-0.00133444190511203));
#7741=CARTESIAN_POINT('',(0.0109903508339672,0.008,-0.00133444190511203));
#7742=CARTESIAN_POINT('',(0.0109903508339672,0.008,-0.00133444190511203));
#7743=CARTESIAN_POINT('',(0.0109915221225881,0.008,-0.00118444647823851));
#7744=CARTESIAN_POINT('',(0.0109825422431612,0.008,-0.00233441141760224));
#7745=CARTESIAN_POINT('',(0.0109825422431612,-0.00125,-0.00233441141760224));
#7746=CARTESIAN_POINT('',(0.0106687099995851,-0.00125,-0.00138493296977296));
#7747=CARTESIAN_POINT('',(0.0106687099995851,0.008,-0.00138493296977296));
#7748=CARTESIAN_POINT('',(0.0106687099995851,0.008,-0.00138493296977296));
#7749=CARTESIAN_POINT('',(0.0109825422431612,0.008,-0.00233441141760224));
#7750=CARTESIAN_POINT('',(0.0108428868947698,0.008,-0.00191189350831813));
#7751=CARTESIAN_POINT('',(0.0108428868947698,-0.00125,-0.00191189350831813));
#7752=CARTESIAN_POINT('',(0.0108428868947698,0.008,-0.00191189350831813));
#7753=CARTESIAN_POINT('',(0.,0.008,0.));
#7754=CARTESIAN_POINT('',(0.,0.008,-0.001475));
#7755=CARTESIAN_POINT('',(0.0025,0.008,-0.001475));
#7756=CARTESIAN_POINT('',(-0.0025,0.008,-0.001475));
#7757=CARTESIAN_POINT('',(0.0025,0.008,0.));
#7758=CARTESIAN_POINT('',(0.0025,0.008,0.001475));
#7759=CARTESIAN_POINT('',(0.,0.008,0.001475));
#7760=CARTESIAN_POINT('',(-0.0025,0.008,0.001475));
#7761=CARTESIAN_POINT('',(-0.0025,0.008,0.));
#7762=CARTESIAN_POINT('',(2.16840434497101E-18,0.0125,-0.001475));
#7763=CARTESIAN_POINT('',(-0.0025,0.0125,-0.001475));
#7764=CARTESIAN_POINT('',(-0.0025,-0.006,-0.001475));
#7765=CARTESIAN_POINT('',(0.00225925405622172,-0.006,-0.001475));
#7766=CARTESIAN_POINT('',(0.0025,-0.006,-0.001475));
#7767=CARTESIAN_POINT('',(0.0025,0.0125,-0.001475));
#7768=CARTESIAN_POINT('',(-0.0025,0.0125,0.0007375));
#7769=CARTESIAN_POINT('',(-0.0025,0.0125,0.001475));
#7770=CARTESIAN_POINT('',(-0.0025,-0.006,0.001475));
#7771=CARTESIAN_POINT('',(-0.0025,-0.006,0.0007375));
#7772=CARTESIAN_POINT('',(1.7347234759768E-18,0.0125,0.001475));
#7773=CARTESIAN_POINT('',(0.0025,0.0125,0.001475));
#7774=CARTESIAN_POINT('',(0.0025,-0.006,0.001475));
#7775=CARTESIAN_POINT('',(0.00225925405622172,-0.006,0.001475));
#7776=CARTESIAN_POINT('',(0.0025,0.0125,0.0007375));
#7777=CARTESIAN_POINT('',(0.0025,-0.006,-0.0007375));
#7778=CARTESIAN_POINT('',(0.,-0.006,0.));
#7779=CARTESIAN_POINT('',(0.,-0.00125,0.));
#7780=MECHANICAL_DESIGN_GEOMETRIC_PRESENTATION_REPRESENTATION('',(#4235),
#7781);
#7781=(
GEOMETRIC_REPRESENTATION_CONTEXT(3)
GLOBAL_UNCERTAINTY_ASSIGNED_CONTEXT((#7782))
GLOBAL_UNIT_ASSIGNED_CONTEXT((#7785,#7784,#7783))
REPRESENTATION_CONTEXT('Part 1','TOP_LEVEL_ASSEMBLY_PART')
);
#7782=UNCERTAINTY_MEASURE_WITH_UNIT(LENGTH_MEASURE(1.E-8),#7785,
'DISTANCE_ACCURACY_VALUE','Maximum Tolerance applied to model');
#7783=(
NAMED_UNIT(*)
SI_UNIT($,.STERADIAN.)
SOLID_ANGLE_UNIT()
);
#7784=(
NAMED_UNIT(*)
PLANE_ANGLE_UNIT()
SI_UNIT($,.RADIAN.)
);
#7785=(
LENGTH_UNIT()
NAMED_UNIT(*)
SI_UNIT($,.METRE.)
);
#7786=PRODUCT_DEFINITION_SHAPE('','',#7787);
#7787=PRODUCT_DEFINITION('','',#7789,#7788);
#7788=PRODUCT_DEFINITION_CONTEXT('',#7795,'design');
#7789=PRODUCT_DEFINITION_FORMATION_WITH_SPECIFIED_SOURCE('','',#7791,
 .NOT_KNOWN.);
#7790=PRODUCT_RELATED_PRODUCT_CATEGORY('','',(#7791));
#7791=PRODUCT('Part 1','Part 1','Part 1',(#7793));
#7792=PRODUCT_CATEGORY('','');
#7793=PRODUCT_CONTEXT('',#7795,'mechanical');
#7794=APPLICATION_PROTOCOL_DEFINITION('international standard',
'ap242_managed_model_based_3d_engineering',2020,#7795);
#7795=APPLICATION_CONTEXT('managed model based 3d engineering');
ENDSEC;
END-ISO-10303-21;
