ISO-10303-21;
HEADER;
/* Generated by software containing ST-Developer
 * from STEP Tools, Inc. (www.steptools.com) 
 */
/* OPTION: using custom renumber hook */

FILE_DESCRIPTION(
/* description */ ('STEP AP242 Edition 2',
'CAx-IF Rec.Pracs.---Representation and Presentation of Product Manufa
cturing Information (PMI)---4.0---2014-10-13',
'CAx-IF Rec.Pracs.---3D Tessellated Geometry---0.4---2014-09-14','2;1',
'CAx-IF Rec.Pracs.---User Defined Attributes---1.5---2016-08-15'),
/* implementation_level */ '2;1');

FILE_NAME(
/* name */ 'Part Studio 7',
/* time_stamp */ '2026-04-21T16:49:26Z',
/* author */ (''),
/* organization */ (''),
/* preprocessor_version */ 'ST-DEVELOPER v20',
/* originating_system */ 'ONSHAPE BY PTC INC, 1.213',
/* authorisation */ '  ');

FILE_SCHEMA (('AP242_MANAGED_MODEL_BASED_3D_ENGINEERING_MIM_LF { 1 0 10303 442 3 1 4 }'));
ENDSEC;

DATA;
#10=TOROIDAL_SURFACE('',#2952,0.002,0.0003);
#11=OVER_RIDING_STYLED_ITEM('',(#2571),#2455,#2567);
#12=OVER_RIDING_STYLED_ITEM('',(#2572),#2500,#2567);
#13=OVER_RIDING_STYLED_ITEM('',(#2573),#2501,#2567);
#14=OVER_RIDING_STYLED_ITEM('',(#2574),#2502,#2567);
#15=OVER_RIDING_STYLED_ITEM('',(#2575),#2503,#2567);
#16=OVER_RIDING_STYLED_ITEM('',(#2576),#2504,#2567);
#17=OVER_RIDING_STYLED_ITEM('',(#2577),#2505,#2567);
#18=OVER_RIDING_STYLED_ITEM('',(#2578),#2506,#2567);
#19=OVER_RIDING_STYLED_ITEM('',(#2579),#2507,#2567);
#20=OVER_RIDING_STYLED_ITEM('',(#2580),#2508,#2567);
#21=OVER_RIDING_STYLED_ITEM('',(#2581),#2509,#2567);
#22=OVER_RIDING_STYLED_ITEM('',(#2582),#2510,#2567);
#23=OVER_RIDING_STYLED_ITEM('',(#2583),#2511,#2567);
#24=OVER_RIDING_STYLED_ITEM('',(#2584),#2512,#2567);
#25=OVER_RIDING_STYLED_ITEM('',(#2585),#2513,#2567);
#26=OVER_RIDING_STYLED_ITEM('',(#2586),#2514,#2567);
#27=OVER_RIDING_STYLED_ITEM('',(#2587),#2515,#2567);
#28=OVER_RIDING_STYLED_ITEM('',(#2588),#2516,#2567);
#29=OVER_RIDING_STYLED_ITEM('',(#2589),#2517,#2567);
#30=OVER_RIDING_STYLED_ITEM('',(#2590),#2518,#2567);
#31=OVER_RIDING_STYLED_ITEM('',(#2591),#2519,#2567);
#32=OVER_RIDING_STYLED_ITEM('',(#2592),#2520,#2567);
#33=OVER_RIDING_STYLED_ITEM('',(#2593),#2521,#2567);
#34=OVER_RIDING_STYLED_ITEM('',(#2594),#2522,#2567);
#35=OVER_RIDING_STYLED_ITEM('',(#2595),#2523,#2567);
#36=OVER_RIDING_STYLED_ITEM('',(#2596),#2524,#2567);
#37=OVER_RIDING_STYLED_ITEM('',(#2597),#2525,#2567);
#38=OVER_RIDING_STYLED_ITEM('',(#2598),#2526,#2567);
#39=OVER_RIDING_STYLED_ITEM('',(#2599),#2527,#2567);
#40=OVER_RIDING_STYLED_ITEM('',(#2600),#2528,#2567);
#41=OVER_RIDING_STYLED_ITEM('',(#2601),#2529,#2567);
#42=OVER_RIDING_STYLED_ITEM('',(#2602),#2530,#2567);
#43=OVER_RIDING_STYLED_ITEM('',(#2603),#2531,#2567);
#44=SHAPE_REPRESENTATION_RELATIONSHIP('','',#2795,#47);
#45=SHAPE_REPRESENTATION_RELATIONSHIP('','',#2796,#48);
#46=SHAPE_REPRESENTATION_RELATIONSHIP('','',#2797,#49);
#47=ADVANCED_BREP_SHAPE_REPRESENTATION('',(#2789),#9323);
#48=ADVANCED_BREP_SHAPE_REPRESENTATION('',(#2790),#9324);
#49=ADVANCED_BREP_SHAPE_REPRESENTATION('',(#2791),#9325);
#50=B_SPLINE_CURVE_WITH_KNOTS('',3,(#3865,#3866,#3867,#3868),
 .UNSPECIFIED.,.F.,.F.,(4,4),(0.,1.),.UNSPECIFIED.);
#51=B_SPLINE_CURVE_WITH_KNOTS('',3,(#3870,#3871,#3872,#3873),
 .UNSPECIFIED.,.F.,.F.,(4,4),(0.,1.),.UNSPECIFIED.);
#52=B_SPLINE_CURVE_WITH_KNOTS('',3,(#3918,#3919,#3920,#3921),
 .UNSPECIFIED.,.F.,.F.,(4,4),(0.,1.),.UNSPECIFIED.);
#53=B_SPLINE_CURVE_WITH_KNOTS('',3,(#3923,#3924,#3925,#3926),
 .UNSPECIFIED.,.F.,.F.,(4,4),(0.,1.),.UNSPECIFIED.);
#54=B_SPLINE_CURVE_WITH_KNOTS('',7,(#3960,#3961,#3962,#3963,#3964,#3965,
#3966,#3967,#3968,#3969,#3970,#3971,#3972,#3973,#3974,#3975,#3976,#3977,
#3978,#3979,#3980,#3981,#3982,#3983,#3984,#3985,#3986,#3987,#3988,#3989,
#3990,#3991,#3992,#3993,#3994,#3995,#3996,#3997,#3998,#3999,#4000,#4001,
#4002,#4003,#4004,#4005,#4006,#4007,#4008,#4009,#4010,#4011,#4012,#4013,
#4014,#4015,#4016,#4017,#4018,#4019,#4020,#4021,#4022,#4023,#4024,#4025,
#4026,#4027,#4028,#4029,#4030,#4031,#4032,#4033,#4034,#4035,#4036,#4037,
#4038,#4039,#4040,#4041,#4042,#4043,#4044,#4045,#4046,#4047,#4048,#4049,
#4050,#4051,#4052,#4053,#4054,#4055,#4056,#4057,#4058,#4059,#4060,#4061,
#4062,#4063,#4064,#4065,#4066,#4067,#4068,#4069,#4070,#4071,#4072,#4073,
#4074,#4075,#4076,#4077,#4078,#4079,#4080,#4081,#4082,#4083,#4084,#4085,
#4086,#4087,#4088,#4089,#4090,#4091,#4092,#4093,#4094,#4095,#4096,#4097,
#4098,#4099,#4100,#4101,#4102,#4103,#4104,#4105,#4106,#4107,#4108,#4109,
#4110,#4111,#4112,#4113,#4114,#4115,#4116,#4117,#4118,#4119,#4120,#4121,
#4122,#4123,#4124,#4125,#4126,#4127,#4128,#4129,#4130,#4131,#4132,#4133,
#4134,#4135,#4136,#4137,#4138,#4139,#4140,#4141,#4142,#4143,#4144,#4145,
#4146,#4147,#4148,#4149,#4150,#4151,#4152,#4153,#4154,#4155,#4156,#4157,
#4158,#4159,#4160,#4161,#4162,#4163,#4164,#4165,#4166,#4167,#4168,#4169,
#4170,#4171,#4172,#4173,#4174,#4175,#4176,#4177,#4178,#4179,#4180,#4181,
#4182,#4183,#4184,#4185,#4186,#4187,#4188,#4189,#4190,#4191,#4192,#4193,
#4194,#4195,#4196,#4197,#4198,#4199,#4200,#4201,#4202,#4203,#4204,#4205,
#4206,#4207,#4208,#4209,#4210,#4211,#4212,#4213,#4214,#4215,#4216,#4217,
#4218,#4219),.UNSPECIFIED.,.F.,.F.,(8,6,6,6,6,6,6,6,6,6,6,6,6,6,6,6,6,6,
6,6,6,6,6,6,6,6,6,6,6,6,6,6,6,6,6,6,6,6,6,6,6,6,6,8),(0.,0.01775038872814,
0.03573224235621,0.0537356053256,0.07176569877476,0.08982472139555,0.107913696562,
0.126034336749,0.144190775192,0.162391309612,0.18065040563,0.198991282661,
0.217449543917,0.236078597069,0.25495819433,0.274208654927,0.294016142987,
0.314681458386,0.336725359109,0.361156643882,0.390373482029,0.434026765987,
0.542695400241,0.587011143893,0.619821433692,0.647867484235,0.673192264434,
0.696742337107,0.71904620958,0.740432679059,0.761121266256,0.781265932566,
0.800978587107,0.820342766199,0.839422110406,0.858265912308,0.876912948541,
0.895394298944,0.913735601722,0.931959067377,0.95008549707,0.968136419616,
0.986136094877,1.),.UNSPECIFIED.);
#55=B_SPLINE_CURVE_WITH_KNOTS('',6,(#4230,#4231,#4232,#4233,#4234,#4235,
#4236,#4237,#4238,#4239,#4240,#4241,#4242,#4243,#4244,#4245,#4246,#4247,
#4248,#4249,#4250,#4251,#4252,#4253,#4254,#4255,#4256,#4257,#4258,#4259,
#4260,#4261,#4262,#4263,#4264,#4265,#4266,#4267,#4268,#4269,#4270,#4271,
#4272,#4273,#4274,#4275,#4276,#4277,#4278,#4279,#4280,#4281,#4282,#4283,
#4284,#4285,#4286,#4287,#4288,#4289,#4290,#4291,#4292,#4293,#4294,#4295,
#4296,#4297,#4298,#4299,#4300,#4301,#4302,#4303,#4304,#4305,#4306,#4307,
#4308,#4309,#4310,#4311,#4312,#4313,#4314,#4315,#4316,#4317,#4318,#4319,
#4320,#4321,#4322,#4323,#4324,#4325,#4326,#4327,#4328,#4329,#4330,#4331,
#4332,#4333,#4334,#4335,#4336,#4337,#4338,#4339,#4340,#4341,#4342,#4343,
#4344,#4345,#4346,#4347,#4348,#4349,#4350,#4351,#4352,#4353,#4354,#4355,
#4356,#4357,#4358,#4359,#4360,#4361,#4362,#4363,#4364,#4365,#4366,#4367,
#4368,#4369,#4370,#4371,#4372,#4373,#4374,#4375,#4376,#4377,#4378,#4379,
#4380,#4381,#4382,#4383,#4384,#4385,#4386,#4387,#4388,#4389,#4390,#4391,
#4392,#4393,#4394,#4395,#4396,#4397,#4398,#4399,#4400,#4401,#4402,#4403,
#4404,#4405,#4406,#4407,#4408,#4409,#4410,#4411,#4412,#4413,#4414,#4415,
#4416,#4417,#4418,#4419,#4420,#4421,#4422,#4423,#4424,#4425,#4426,#4427,
#4428,#4429,#4430,#4431,#4432,#4433,#4434,#4435,#4436,#4437,#4438,#4439,
#4440,#4441,#4442,#4443,#4444,#4445,#4446),.UNSPECIFIED.,.F.,.F.,(7,5,5,
5,5,5,5,5,5,5,5,5,5,5,5,5,5,5,5,5,5,5,5,5,5,5,5,5,5,5,5,5,5,5,5,5,5,5,5,
5,5,5,5,7),(0.,0.01785262937164,0.03593384070799,0.05402842366274,0.07213808245257,
0.09026223339356,0.108400145948,0.126553133761,0.144726660551,0.162932528721,
0.181191431316,0.199536237343,0.218016540757,0.236705321554,0.255709203,
0.275185113963,0.295369144194,0.316630828286,0.339587620759,0.36539093226,
0.396676752625,0.443717614541,0.55650045548,0.599974610461,0.631448826375,
0.658032424138,0.68189315402,0.704039769442,0.725036383348,0.7452329501,
0.764861008983,0.784080165754,0.803003238989,0.821711014434,0.840261482842,
0.85869595781,0.877043353338,0.895323362437,0.913549009936,0.931728918726,
0.949869547023,0.967977519637,0.986061806179,1.),.UNSPECIFIED.);
#56=B_SPLINE_CURVE_WITH_KNOTS('',6,(#4457,#4458,#4459,#4460,#4461,#4462,
#4463,#4464,#4465,#4466,#4467,#4468,#4469,#4470,#4471,#4472,#4473,#4474,
#4475,#4476,#4477,#4478,#4479,#4480,#4481,#4482,#4483,#4484,#4485,#4486,
#4487,#4488,#4489,#4490,#4491,#4492,#4493,#4494,#4495,#4496,#4497,#4498,
#4499,#4500,#4501,#4502,#4503,#4504,#4505,#4506,#4507,#4508,#4509,#4510,
#4511,#4512,#4513,#4514,#4515,#4516,#4517,#4518,#4519,#4520,#4521,#4522,
#4523,#4524,#4525,#4526,#4527,#4528,#4529,#4530,#4531,#4532,#4533,#4534,
#4535,#4536,#4537,#4538,#4539,#4540,#4541,#4542,#4543,#4544,#4545,#4546,
#4547,#4548,#4549,#4550,#4551,#4552,#4553,#4554,#4555,#4556,#4557,#4558,
#4559,#4560,#4561,#4562,#4563,#4564,#4565,#4566,#4567,#4568,#4569,#4570,
#4571,#4572,#4573,#4574,#4575,#4576,#4577,#4578,#4579,#4580,#4581,#4582,
#4583,#4584,#4585,#4586,#4587,#4588,#4589,#4590,#4591,#4592,#4593,#4594,
#4595,#4596,#4597,#4598,#4599,#4600,#4601,#4602,#4603,#4604,#4605,#4606,
#4607,#4608,#4609,#4610,#4611,#4612,#4613,#4614,#4615,#4616,#4617,#4618,
#4619,#4620,#4621,#4622,#4623,#4624,#4625,#4626,#4627,#4628,#4629,#4630,
#4631,#4632,#4633,#4634,#4635,#4636,#4637,#4638,#4639,#4640,#4641,#4642,
#4643,#4644,#4645,#4646,#4647,#4648,#4649,#4650,#4651,#4652,#4653,#4654,
#4655,#4656,#4657,#4658,#4659,#4660,#4661,#4662,#4663,#4664,#4665,#4666,
#4667,#4668,#4669,#4670,#4671,#4672,#4673),.UNSPECIFIED.,.F.,.F.,(7,5,5,
5,5,5,5,5,5,5,5,5,5,5,5,5,5,5,5,5,5,5,5,5,5,5,5,5,5,5,5,5,5,5,5,5,5,5,5,
5,5,5,5,7),(0.,0.01785270179111,0.03594150889958,0.05405898131506,0.07221483209515,
0.09041686512639,0.108673240437,0.126994786157,0.145397219217,0.163903438021,
0.182546160341,0.201371265006,0.220442350372,0.239847332515,0.259708530619,
0.280198997477,0.30157081349,0.324208484774,0.348742061259,0.376331012993,
0.409610489908,0.458822150233,0.570843337127,0.612033605908,0.641508815685,
0.666348783157,0.68870145029,0.709555455346,0.729454117904,0.748726618833,
0.767584423646,0.786168231549,0.804573381119,0.822864704794,0.841085757857,
0.859264858176,0.877419244644,0.89555811437,0.913685023464,0.931799997538,
0.949901613242,0.967989175535,0.986064744184,1.),.UNSPECIFIED.);
#57=B_SPLINE_CURVE_WITH_KNOTS('',7,(#4684,#4685,#4686,#4687,#4688,#4689,
#4690,#4691,#4692,#4693,#4694,#4695,#4696,#4697,#4698,#4699,#4700,#4701,
#4702,#4703,#4704,#4705,#4706,#4707,#4708,#4709,#4710,#4711,#4712,#4713,
#4714,#4715,#4716,#4717,#4718,#4719,#4720,#4721,#4722,#4723,#4724,#4725,
#4726,#4727,#4728,#4729,#4730,#4731,#4732,#4733,#4734,#4735,#4736,#4737,
#4738,#4739,#4740,#4741,#4742,#4743,#4744,#4745,#4746,#4747,#4748,#4749,
#4750,#4751,#4752,#4753,#4754,#4755,#4756,#4757,#4758,#4759,#4760,#4761,
#4762,#4763,#4764,#4765,#4766,#4767,#4768,#4769,#4770,#4771,#4772,#4773,
#4774,#4775,#4776,#4777,#4778,#4779,#4780,#4781,#4782,#4783,#4784,#4785,
#4786,#4787,#4788,#4789,#4790,#4791,#4792,#4793,#4794,#4795,#4796,#4797,
#4798,#4799,#4800,#4801,#4802,#4803,#4804,#4805,#4806,#4807,#4808,#4809,
#4810,#4811,#4812,#4813,#4814,#4815,#4816,#4817,#4818,#4819,#4820,#4821,
#4822,#4823,#4824,#4825,#4826,#4827,#4828,#4829,#4830,#4831,#4832,#4833,
#4834,#4835,#4836,#4837,#4838,#4839,#4840,#4841,#4842,#4843,#4844,#4845,
#4846,#4847,#4848,#4849,#4850,#4851,#4852,#4853,#4854,#4855,#4856,#4857,
#4858,#4859,#4860,#4861,#4862,#4863,#4864,#4865,#4866,#4867,#4868,#4869,
#4870,#4871,#4872,#4873,#4874,#4875,#4876,#4877,#4878,#4879,#4880,#4881,
#4882,#4883,#4884,#4885,#4886,#4887,#4888,#4889,#4890,#4891,#4892,#4893,
#4894,#4895,#4896,#4897,#4898,#4899,#4900,#4901,#4902,#4903,#4904,#4905,
#4906,#4907,#4908,#4909,#4910,#4911,#4912,#4913,#4914,#4915,#4916,#4917,
#4918,#4919,#4920,#4921,#4922,#4923,#4924,#4925,#4926,#4927,#4928,#4929,
#4930,#4931,#4932,#4933,#4934,#4935,#4936,#4937,#4938,#4939,#4940,#4941,
#4942,#4943),.UNSPECIFIED.,.F.,.F.,(8,6,6,6,6,6,6,6,6,6,6,6,6,6,6,6,6,6,
6,6,6,6,6,6,6,6,6,6,6,6,6,6,6,6,6,6,6,6,6,6,6,6,6,8),(0.,0.01772445487656,
0.03570022727106,0.0537383486154,0.07186499375278,0.09010380926711,0.10847793502,
0.127012057201,0.145734350027,0.164678460088,0.183885793141,0.203408442295,
0.223313240077,0.243687706563,0.264649250749,0.286360210353,0.309054090519,
0.333085323751,0.359035035876,0.387977146895,0.422367501067,0.471821869411,
0.578021342117,0.616192678282,0.643920086536,0.667705197192,0.689442836085,
0.709969702212,0.729728505868,0.748978902535,0.767883298851,0.786547500103,
0.805042112909,0.823414742791,0.841697399333,0.859911245768,0.878069816803,
0.896181347289,0.91425061957,0.932280623924,0.950274258149,0.968236167264,
0.986174463058,1.),.UNSPECIFIED.);
#58=B_SPLINE_CURVE_WITH_KNOTS('',7,(#4954,#4955,#4956,#4957,#4958,#4959,
#4960,#4961,#4962,#4963,#4964,#4965,#4966,#4967,#4968,#4969,#4970,#4971,
#4972,#4973,#4974,#4975,#4976,#4977,#4978,#4979,#4980,#4981,#4982,#4983,
#4984,#4985,#4986,#4987,#4988,#4989,#4990,#4991,#4992,#4993,#4994,#4995,
#4996,#4997,#4998,#4999,#5000,#5001,#5002,#5003,#5004,#5005,#5006,#5007,
#5008,#5009,#5010,#5011,#5012,#5013,#5014,#5015,#5016,#5017,#5018,#5019,
#5020,#5021,#5022,#5023,#5024,#5025,#5026,#5027,#5028,#5029,#5030,#5031,
#5032,#5033,#5034,#5035,#5036,#5037,#5038,#5039,#5040,#5041,#5042,#5043,
#5044,#5045,#5046,#5047,#5048,#5049,#5050,#5051,#5052,#5053,#5054,#5055,
#5056,#5057,#5058,#5059,#5060,#5061,#5062,#5063,#5064,#5065,#5066,#5067,
#5068,#5069,#5070,#5071,#5072,#5073,#5074,#5075,#5076,#5077,#5078,#5079,
#5080,#5081,#5082,#5083,#5084,#5085,#5086,#5087,#5088,#5089,#5090,#5091,
#5092,#5093,#5094,#5095,#5096,#5097,#5098,#5099,#5100,#5101,#5102,#5103,
#5104,#5105,#5106,#5107,#5108,#5109,#5110,#5111,#5112,#5113,#5114,#5115,
#5116,#5117,#5118,#5119,#5120,#5121,#5122,#5123,#5124,#5125,#5126,#5127,
#5128,#5129,#5130,#5131,#5132,#5133,#5134,#5135,#5136,#5137,#5138,#5139,
#5140,#5141,#5142,#5143,#5144,#5145,#5146,#5147,#5148,#5149,#5150,#5151,
#5152,#5153,#5154,#5155,#5156,#5157,#5158,#5159,#5160,#5161,#5162,#5163,
#5164,#5165,#5166,#5167,#5168,#5169,#5170,#5171,#5172,#5173,#5174,#5175,
#5176,#5177,#5178,#5179,#5180,#5181,#5182,#5183,#5184,#5185,#5186,#5187,
#5188,#5189,#5190,#5191,#5192,#5193,#5194,#5195,#5196,#5197,#5198,#5199,
#5200,#5201,#5202,#5203,#5204,#5205,#5206,#5207,#5208,#5209,#5210,#5211,
#5212,#5213),.UNSPECIFIED.,.F.,.F.,(8,6,6,6,6,6,6,6,6,6,6,6,6,6,6,6,6,6,
6,6,6,6,6,6,6,6,6,6,6,6,6,6,6,6,6,6,6,6,6,6,6,6,6,8),(0.,0.01682687270886,
0.03391856263736,0.05112112430398,0.06848245852775,0.0860447194013,0.103845415617,
0.1219187245,0.140296855248,0.159011554651,0.178095928897,0.197586810083,
0.217528003357,0.237974973134,0.259001977978,0.280713613313,0.303264878835,
0.326899348157,0.352031016843,0.3794532439,0.411052071994,0.454605250241,
0.550256473827,0.590815214079,0.622172922795,0.649753912707,0.675141355593,
0.699046166252,0.72185335061,0.743795346145,0.765023167515,0.785640656735,
0.805722922711,0.825327151965,0.844499401432,0.863279127023,0.881702366533,
0.899804092331,0.917620048699,0.935188291379,0.952550590938,0.969753757211,
0.986850622278,1.),.UNSPECIFIED.);
#59=B_SPLINE_CURVE_WITH_KNOTS('',7,(#5224,#5225,#5226,#5227,#5228,#5229,
#5230,#5231,#5232,#5233,#5234,#5235,#5236,#5237,#5238,#5239,#5240,#5241,
#5242,#5243,#5244,#5245,#5246,#5247,#5248,#5249,#5250,#5251,#5252,#5253,
#5254,#5255,#5256,#5257,#5258,#5259,#5260,#5261,#5262,#5263,#5264,#5265,
#5266,#5267,#5268,#5269,#5270,#5271,#5272,#5273,#5274,#5275,#5276,#5277,
#5278,#5279,#5280,#5281,#5282,#5283,#5284,#5285,#5286,#5287,#5288,#5289,
#5290,#5291,#5292,#5293,#5294,#5295,#5296,#5297,#5298,#5299,#5300,#5301,
#5302,#5303,#5304,#5305,#5306,#5307,#5308,#5309,#5310,#5311,#5312,#5313,
#5314,#5315,#5316,#5317,#5318,#5319,#5320,#5321,#5322,#5323,#5324,#5325,
#5326,#5327,#5328,#5329,#5330,#5331,#5332,#5333,#5334,#5335,#5336,#5337,
#5338,#5339,#5340,#5341,#5342,#5343,#5344,#5345,#5346,#5347,#5348,#5349,
#5350,#5351,#5352,#5353,#5354,#5355,#5356,#5357,#5358,#5359,#5360,#5361,
#5362,#5363,#5364,#5365,#5366,#5367,#5368,#5369,#5370,#5371,#5372,#5373,
#5374,#5375,#5376,#5377,#5378,#5379,#5380,#5381,#5382,#5383,#5384,#5385,
#5386,#5387,#5388,#5389,#5390,#5391,#5392,#5393,#5394,#5395,#5396,#5397,
#5398,#5399,#5400,#5401,#5402,#5403,#5404,#5405,#5406,#5407,#5408,#5409,
#5410,#5411,#5412,#5413,#5414,#5415,#5416,#5417,#5418,#5419,#5420,#5421,
#5422,#5423,#5424,#5425,#5426,#5427,#5428,#5429,#5430,#5431,#5432,#5433,
#5434,#5435,#5436,#5437,#5438,#5439,#5440,#5441,#5442,#5443,#5444,#5445,
#5446,#5447,#5448,#5449,#5450,#5451,#5452,#5453,#5454,#5455,#5456,#5457,
#5458,#5459,#5460,#5461,#5462,#5463,#5464,#5465,#5466,#5467,#5468,#5469,
#5470,#5471,#5472,#5473,#5474,#5475,#5476,#5477,#5478,#5479,#5480,#5481,
#5482,#5483),.UNSPECIFIED.,.F.,.F.,(8,6,6,6,6,6,6,6,6,6,6,6,6,6,6,6,6,6,
6,6,6,6,6,6,6,6,6,6,6,6,6,6,6,6,6,6,6,6,6,6,6,6,6,8),(0.,0.01775038873428,
0.03573224236249,0.05373560533198,0.0717656987814,0.08982472140247,0.107913696569,
0.126034336756,0.1441907752,0.16239130962,0.180650405638,0.19899128267,
0.217449543925,0.236078597077,0.254958194338,0.274208654936,0.294016142996,
0.314681458396,0.336725359119,0.361156643893,0.390373482043,0.434026766012,
0.542695399853,0.587011143647,0.619821433491,0.647867484058,0.67319226427,
0.696742336954,0.719046209434,0.740432678918,0.761121266119,0.781265932433,
0.800978586976,0.82034276607,0.839422110279,0.858265912183,0.876912948417,
0.895394298821,0.913735601599,0.931959067254,0.950085496948,0.968136419494,
0.986136094755,1.),.UNSPECIFIED.);
#60=B_SPLINE_CURVE_WITH_KNOTS('',6,(#5494,#5495,#5496,#5497,#5498,#5499,
#5500,#5501,#5502,#5503,#5504,#5505,#5506,#5507,#5508,#5509,#5510,#5511,
#5512,#5513,#5514,#5515,#5516,#5517,#5518,#5519,#5520,#5521,#5522,#5523,
#5524,#5525,#5526,#5527,#5528,#5529,#5530,#5531,#5532,#5533,#5534,#5535,
#5536,#5537,#5538,#5539,#5540,#5541,#5542,#5543,#5544,#5545,#5546,#5547,
#5548,#5549,#5550,#5551,#5552,#5553,#5554,#5555,#5556,#5557,#5558,#5559,
#5560,#5561,#5562,#5563,#5564,#5565,#5566,#5567,#5568,#5569,#5570,#5571,
#5572,#5573,#5574,#5575,#5576,#5577,#5578,#5579,#5580,#5581,#5582,#5583,
#5584,#5585,#5586,#5587,#5588,#5589,#5590,#5591,#5592,#5593,#5594,#5595,
#5596,#5597,#5598,#5599,#5600,#5601,#5602,#5603,#5604,#5605,#5606,#5607,
#5608,#5609,#5610,#5611,#5612,#5613,#5614,#5615,#5616,#5617,#5618,#5619,
#5620,#5621,#5622,#5623,#5624,#5625,#5626,#5627,#5628,#5629,#5630,#5631,
#5632,#5633,#5634,#5635,#5636,#5637,#5638,#5639,#5640,#5641,#5642,#5643,
#5644,#5645,#5646,#5647,#5648,#5649,#5650,#5651,#5652,#5653,#5654,#5655,
#5656,#5657,#5658,#5659,#5660,#5661,#5662,#5663,#5664,#5665,#5666,#5667,
#5668,#5669,#5670,#5671,#5672,#5673,#5674,#5675,#5676,#5677,#5678,#5679,
#5680,#5681,#5682,#5683,#5684,#5685,#5686,#5687,#5688,#5689,#5690,#5691,
#5692,#5693,#5694,#5695,#5696,#5697,#5698,#5699,#5700,#5701,#5702,#5703,
#5704,#5705,#5706,#5707,#5708,#5709,#5710),.UNSPECIFIED.,.F.,.F.,(7,5,5,
5,5,5,5,5,5,5,5,5,5,5,5,5,5,5,5,5,5,5,5,5,5,5,5,5,5,5,5,5,5,5,5,5,5,5,5,
5,5,5,5,7),(0.,0.01785262937046,0.03593384070668,0.05402842366137,0.07213808245117,
0.09026223339202,0.108400145946,0.126553133759,0.144726660549,0.162932528719,
0.181191431314,0.19953623734,0.218016540755,0.236705321552,0.255709202997,
0.27518511396,0.295369144191,0.316630828283,0.339587620755,0.365390932256,
0.396676752621,0.443717614534,0.556500455549,0.599974610503,0.631448826408,
0.658032424166,0.681893154045,0.704039769466,0.72503638337,0.745232950122,
0.764861009004,0.784080165774,0.803003239009,0.821711014454,0.840261482862,
0.85869595783,0.877043353359,0.895323362457,0.913549009957,0.931728918748,
0.949869547045,0.967977519659,0.986061806202,1.),.UNSPECIFIED.);
#61=B_SPLINE_CURVE_WITH_KNOTS('',6,(#5721,#5722,#5723,#5724,#5725,#5726,
#5727,#5728,#5729,#5730,#5731,#5732,#5733,#5734,#5735,#5736,#5737,#5738,
#5739,#5740,#5741,#5742,#5743,#5744,#5745,#5746,#5747,#5748,#5749,#5750,
#5751,#5752,#5753,#5754,#5755,#5756,#5757,#5758,#5759,#5760,#5761,#5762,
#5763,#5764,#5765,#5766,#5767,#5768,#5769,#5770,#5771,#5772,#5773,#5774,
#5775,#5776,#5777,#5778,#5779,#5780,#5781,#5782,#5783,#5784,#5785,#5786,
#5787,#5788,#5789,#5790,#5791,#5792,#5793,#5794,#5795,#5796,#5797,#5798,
#5799,#5800,#5801,#5802,#5803,#5804,#5805,#5806,#5807,#5808,#5809,#5810,
#5811,#5812,#5813,#5814,#5815,#5816,#5817,#5818,#5819,#5820,#5821,#5822,
#5823,#5824,#5825,#5826,#5827,#5828,#5829,#5830,#5831,#5832,#5833,#5834,
#5835,#5836,#5837,#5838,#5839,#5840,#5841,#5842,#5843,#5844,#5845,#5846,
#5847,#5848,#5849,#5850,#5851,#5852,#5853,#5854,#5855,#5856,#5857,#5858,
#5859,#5860,#5861,#5862,#5863,#5864,#5865,#5866,#5867,#5868,#5869,#5870,
#5871,#5872,#5873,#5874,#5875,#5876,#5877,#5878,#5879,#5880,#5881,#5882,
#5883,#5884,#5885,#5886,#5887,#5888,#5889,#5890,#5891,#5892,#5893,#5894,
#5895,#5896,#5897,#5898,#5899,#5900,#5901,#5902,#5903,#5904,#5905,#5906,
#5907,#5908,#5909,#5910,#5911,#5912,#5913,#5914,#5915,#5916,#5917,#5918,
#5919,#5920,#5921,#5922,#5923,#5924,#5925,#5926,#5927,#5928,#5929,#5930,
#5931,#5932,#5933,#5934,#5935,#5936,#5937),.UNSPECIFIED.,.F.,.F.,(7,5,5,
5,5,5,5,5,5,5,5,5,5,5,5,5,5,5,5,5,5,5,5,5,5,5,5,5,5,5,5,5,5,5,5,5,5,5,5,
5,5,5,5,7),(0.,0.01785270178496,0.03594150889347,0.05405898130891,0.07221483208901,
0.09041686512024,0.108673240431,0.126994786151,0.145397219211,0.163903438015,
0.182546160334,0.201371265,0.220442350366,0.239847332509,0.259708530612,
0.280198997471,0.301570813483,0.324208484767,0.348742061252,0.376331012985,
0.409610489897,0.458822150211,0.5708433375,0.612033606136,0.641508815869,
0.666348783319,0.688701450439,0.709555455487,0.72945411804,0.748726618966,
0.767584423776,0.786168231678,0.804573381246,0.82286470492,0.841085757982,
0.859264858301,0.877419244768,0.895558114494,0.913685023588,0.931799997661,
0.949901613365,0.967989175658,0.986064744306,1.),.UNSPECIFIED.);
#62=B_SPLINE_CURVE_WITH_KNOTS('',7,(#5948,#5949,#5950,#5951,#5952,#5953,
#5954,#5955,#5956,#5957,#5958,#5959,#5960,#5961,#5962,#5963,#5964,#5965,
#5966,#5967,#5968,#5969,#5970,#5971,#5972,#5973,#5974,#5975,#5976,#5977,
#5978,#5979,#5980,#5981,#5982,#5983,#5984,#5985,#5986,#5987,#5988,#5989,
#5990,#5991,#5992,#5993,#5994,#5995,#5996,#5997,#5998,#5999,#6000,#6001,
#6002,#6003,#6004,#6005,#6006,#6007,#6008,#6009,#6010,#6011,#6012,#6013,
#6014,#6015,#6016,#6017,#6018,#6019,#6020,#6021,#6022,#6023,#6024,#6025,
#6026,#6027,#6028,#6029,#6030,#6031,#6032,#6033,#6034,#6035,#6036,#6037,
#6038,#6039,#6040,#6041,#6042,#6043,#6044,#6045,#6046,#6047,#6048,#6049,
#6050,#6051,#6052,#6053,#6054,#6055,#6056,#6057,#6058,#6059,#6060,#6061,
#6062,#6063,#6064,#6065,#6066,#6067,#6068,#6069,#6070,#6071,#6072,#6073,
#6074,#6075,#6076,#6077,#6078,#6079,#6080,#6081,#6082,#6083,#6084,#6085,
#6086,#6087,#6088,#6089,#6090,#6091,#6092,#6093,#6094,#6095,#6096,#6097,
#6098,#6099,#6100,#6101,#6102,#6103,#6104,#6105,#6106,#6107,#6108,#6109,
#6110,#6111,#6112,#6113,#6114,#6115,#6116,#6117,#6118,#6119,#6120,#6121,
#6122,#6123,#6124,#6125,#6126,#6127,#6128,#6129,#6130,#6131,#6132,#6133,
#6134,#6135,#6136,#6137,#6138,#6139,#6140,#6141,#6142,#6143,#6144,#6145,
#6146,#6147,#6148,#6149,#6150,#6151,#6152,#6153,#6154,#6155,#6156,#6157,
#6158,#6159,#6160,#6161,#6162,#6163,#6164,#6165,#6166,#6167,#6168,#6169,
#6170,#6171,#6172,#6173,#6174,#6175,#6176,#6177,#6178,#6179,#6180,#6181,
#6182,#6183,#6184,#6185,#6186,#6187,#6188,#6189,#6190,#6191,#6192,#6193,
#6194,#6195,#6196,#6197,#6198,#6199,#6200,#6201,#6202,#6203,#6204,#6205,
#6206,#6207),.UNSPECIFIED.,.F.,.F.,(8,6,6,6,6,6,6,6,6,6,6,6,6,6,6,6,6,6,
6,6,6,6,6,6,6,6,6,6,6,6,6,6,6,6,6,6,6,6,6,6,6,6,6,8),(0.,0.01772445487383,
0.03570022726845,0.05373834861295,0.07186499375039,0.09010380926479,0.108477935018,
0.127012057199,0.145734350025,0.164678460087,0.183885793139,0.203408442294,
0.223313240076,0.243687706563,0.264649250748,0.286360210352,0.309054090519,
0.33308532375,0.359035035874,0.387977146894,0.422367501064,0.471821869403,
0.578021342289,0.616192678389,0.643920086624,0.667705197271,0.689442836158,
0.709969702283,0.729728505936,0.748978902602,0.767883298916,0.786547500167,
0.805042112973,0.823414742854,0.841697399395,0.85991124583,0.878069816865,
0.89618134735,0.914250619631,0.932280623985,0.95027425821,0.968236167324,
0.986174463118,1.),.UNSPECIFIED.);
#63=B_SPLINE_CURVE_WITH_KNOTS('',7,(#6218,#6219,#6220,#6221,#6222,#6223,
#6224,#6225,#6226,#6227,#6228,#6229,#6230,#6231,#6232,#6233,#6234,#6235,
#6236,#6237,#6238,#6239,#6240,#6241,#6242,#6243,#6244,#6245,#6246,#6247,
#6248,#6249,#6250,#6251,#6252,#6253,#6254,#6255,#6256,#6257,#6258,#6259,
#6260,#6261,#6262,#6263,#6264,#6265,#6266,#6267,#6268,#6269,#6270,#6271,
#6272,#6273,#6274,#6275,#6276,#6277,#6278,#6279,#6280,#6281,#6282,#6283,
#6284,#6285,#6286,#6287,#6288,#6289,#6290,#6291,#6292,#6293,#6294,#6295,
#6296,#6297,#6298,#6299,#6300,#6301,#6302,#6303,#6304,#6305,#6306,#6307,
#6308,#6309,#6310,#6311,#6312,#6313,#6314,#6315,#6316,#6317,#6318,#6319,
#6320,#6321,#6322,#6323,#6324,#6325,#6326,#6327,#6328,#6329,#6330,#6331,
#6332,#6333,#6334,#6335,#6336,#6337,#6338,#6339,#6340,#6341,#6342,#6343,
#6344,#6345,#6346,#6347,#6348,#6349,#6350,#6351,#6352,#6353,#6354,#6355,
#6356,#6357,#6358,#6359,#6360,#6361,#6362,#6363,#6364,#6365,#6366,#6367,
#6368,#6369,#6370,#6371,#6372,#6373,#6374,#6375,#6376,#6377,#6378,#6379,
#6380,#6381,#6382,#6383,#6384,#6385,#6386,#6387,#6388,#6389,#6390,#6391,
#6392,#6393,#6394,#6395,#6396,#6397,#6398,#6399,#6400,#6401,#6402,#6403,
#6404,#6405,#6406,#6407,#6408,#6409,#6410,#6411,#6412,#6413,#6414,#6415,
#6416,#6417,#6418,#6419,#6420,#6421,#6422,#6423,#6424,#6425,#6426,#6427,
#6428,#6429,#6430,#6431,#6432,#6433,#6434,#6435,#6436,#6437,#6438,#6439,
#6440,#6441,#6442,#6443,#6444,#6445,#6446,#6447,#6448,#6449,#6450,#6451,
#6452,#6453,#6454,#6455,#6456,#6457,#6458,#6459,#6460,#6461,#6462,#6463,
#6464,#6465,#6466,#6467,#6468,#6469,#6470,#6471,#6472,#6473,#6474,#6475,
#6476,#6477),.UNSPECIFIED.,.F.,.F.,(8,6,6,6,6,6,6,6,6,6,6,6,6,6,6,6,6,6,
6,6,6,6,6,6,6,6,6,6,6,6,6,6,6,6,6,6,6,6,6,6,6,6,6,8),(0.,0.01682687272089,
0.03391856265058,0.05112112431826,0.06848245854313,0.08604471941779,0.103845415634,
0.121918724518,0.140296855269,0.159011554673,0.17809592892,0.197586810108,
0.217528003383,0.237974973161,0.259001978007,0.280713613344,0.303264878868,
0.326899348191,0.35203101688,0.37945324394,0.411052072039,0.454605250305,
0.550256473221,0.59081521368,0.622172922459,0.649753912403,0.675141355309,
0.699046165982,0.721853350351,0.743795345894,0.76502316727,0.785640656496,
0.805722922477,0.825327151736,0.844499401207,0.863279126801,0.881702366314,
0.899804092114,0.917620048484,0.935188291166,0.952550590726,0.969753757,
0.986850622066,1.),.UNSPECIFIED.);
#64=B_SPLINE_CURVE_WITH_KNOTS('',7,(#6488,#6489,#6490,#6491,#6492,#6493,
#6494,#6495,#6496,#6497,#6498,#6499,#6500,#6501,#6502,#6503,#6504,#6505,
#6506,#6507,#6508,#6509,#6510,#6511,#6512,#6513,#6514,#6515,#6516,#6517,
#6518,#6519,#6520,#6521,#6522,#6523,#6524,#6525,#6526,#6527,#6528,#6529,
#6530,#6531,#6532,#6533,#6534,#6535,#6536,#6537,#6538,#6539,#6540,#6541,
#6542,#6543,#6544,#6545,#6546,#6547,#6548,#6549,#6550,#6551,#6552,#6553,
#6554,#6555,#6556,#6557,#6558,#6559,#6560,#6561,#6562,#6563,#6564,#6565,
#6566,#6567,#6568,#6569,#6570,#6571,#6572,#6573,#6574,#6575,#6576,#6577,
#6578,#6579,#6580,#6581,#6582,#6583,#6584,#6585,#6586,#6587,#6588,#6589,
#6590,#6591,#6592,#6593,#6594,#6595,#6596,#6597,#6598,#6599,#6600,#6601,
#6602,#6603,#6604,#6605,#6606,#6607,#6608,#6609,#6610,#6611,#6612,#6613,
#6614,#6615,#6616,#6617,#6618,#6619,#6620,#6621,#6622,#6623,#6624,#6625,
#6626,#6627,#6628,#6629,#6630,#6631,#6632,#6633,#6634,#6635,#6636,#6637,
#6638,#6639,#6640,#6641,#6642,#6643,#6644,#6645,#6646,#6647,#6648,#6649,
#6650,#6651,#6652,#6653,#6654,#6655,#6656,#6657,#6658,#6659,#6660,#6661,
#6662,#6663,#6664,#6665,#6666,#6667,#6668,#6669,#6670,#6671,#6672,#6673,
#6674,#6675,#6676,#6677,#6678,#6679,#6680,#6681,#6682,#6683,#6684,#6685,
#6686,#6687,#6688,#6689,#6690,#6691,#6692,#6693,#6694,#6695,#6696,#6697,
#6698,#6699,#6700,#6701,#6702,#6703,#6704,#6705,#6706,#6707,#6708,#6709,
#6710,#6711,#6712,#6713,#6714,#6715,#6716,#6717,#6718,#6719,#6720,#6721,
#6722,#6723,#6724,#6725,#6726,#6727,#6728,#6729,#6730,#6731,#6732,#6733,
#6734,#6735,#6736,#6737,#6738,#6739,#6740,#6741,#6742,#6743,#6744,#6745,
#6746,#6747),.UNSPECIFIED.,.F.,.F.,(8,6,6,6,6,6,6,6,6,6,6,6,6,6,6,6,6,6,
6,6,6,6,6,6,6,6,6,6,6,6,6,6,6,6,6,6,6,6,6,6,6,6,6,8),(0.,0.01775038873792,
0.03573224236659,0.05373560533646,0.07176569878618,0.08982472140738,0.107913696574,
0.126034336762,0.144190775205,0.162391309625,0.180650405644,0.198991282675,
0.217449543931,0.236078597083,0.254958194344,0.274208654943,0.294016143002,
0.314681458402,0.336725359126,0.3611566439,0.390373482052,0.434026766026,
0.542695399663,0.587011143527,0.619821433393,0.647867483971,0.673192264191,
0.696742336879,0.719046209362,0.740432678849,0.761121266052,0.781265932367,
0.800978586912,0.820342766007,0.839422110217,0.858265912121,0.876912948356,
0.89539429876,0.913735601538,0.931959067194,0.950085496888,0.968136419434,
0.986136094694,1.),.UNSPECIFIED.);
#65=B_SPLINE_CURVE_WITH_KNOTS('',6,(#6758,#6759,#6760,#6761,#6762,#6763,
#6764,#6765,#6766,#6767,#6768,#6769,#6770,#6771,#6772,#6773,#6774,#6775,
#6776,#6777,#6778,#6779,#6780,#6781,#6782,#6783,#6784,#6785,#6786,#6787,
#6788,#6789,#6790,#6791,#6792,#6793,#6794,#6795,#6796,#6797,#6798,#6799,
#6800,#6801,#6802,#6803,#6804,#6805,#6806,#6807,#6808,#6809,#6810,#6811,
#6812,#6813,#6814,#6815,#6816,#6817,#6818,#6819,#6820,#6821,#6822,#6823,
#6824,#6825,#6826,#6827,#6828,#6829,#6830,#6831,#6832,#6833,#6834,#6835,
#6836,#6837,#6838,#6839,#6840,#6841,#6842,#6843,#6844,#6845,#6846,#6847,
#6848,#6849,#6850,#6851,#6852,#6853,#6854,#6855,#6856,#6857,#6858,#6859,
#6860,#6861,#6862,#6863,#6864,#6865,#6866,#6867,#6868,#6869,#6870,#6871,
#6872,#6873,#6874,#6875,#6876,#6877,#6878,#6879,#6880,#6881,#6882,#6883,
#6884,#6885,#6886,#6887,#6888,#6889,#6890,#6891,#6892,#6893,#6894,#6895,
#6896,#6897,#6898,#6899,#6900,#6901,#6902,#6903,#6904,#6905,#6906,#6907,
#6908,#6909,#6910,#6911,#6912,#6913,#6914,#6915,#6916,#6917,#6918,#6919,
#6920,#6921,#6922,#6923,#6924,#6925,#6926,#6927,#6928,#6929,#6930,#6931,
#6932,#6933,#6934,#6935,#6936,#6937,#6938,#6939,#6940,#6941,#6942,#6943,
#6944,#6945,#6946,#6947,#6948,#6949,#6950,#6951,#6952,#6953,#6954,#6955,
#6956,#6957,#6958,#6959,#6960,#6961,#6962,#6963,#6964,#6965,#6966,#6967,
#6968,#6969,#6970,#6971,#6972,#6973,#6974),.UNSPECIFIED.,.F.,.F.,(7,5,5,
5,5,5,5,5,5,5,5,5,5,5,5,5,5,5,5,5,5,5,5,5,5,5,5,5,5,5,5,5,5,5,5,5,5,5,5,
5,5,5,5,7),(0.,0.01785262936735,0.03593384070368,0.05402842365848,0.07213808244832,
0.09026223338925,0.108400145944,0.126553133756,0.144726660546,0.162932528717,
0.181191431311,0.199536237338,0.218016540752,0.236705321549,0.255709202994,
0.275185113957,0.295369144188,0.316630828279,0.339587620752,0.365390932252,
0.396676752615,0.443717614524,0.556500455741,0.599974610622,0.631448826504,
0.658032424251,0.681893154123,0.704039769539,0.72503638344,0.74523295019,
0.76486100907,0.784080165839,0.803003239073,0.821711014518,0.840261482925,
0.858695957893,0.87704335342,0.895323362519,0.913549010018,0.931728918809,
0.949869547106,0.967977519719,0.986061806262,1.),.UNSPECIFIED.);
#66=B_SPLINE_CURVE_WITH_KNOTS('',6,(#6985,#6986,#6987,#6988,#6989,#6990,
#6991,#6992,#6993,#6994,#6995,#6996,#6997,#6998,#6999,#7000,#7001,#7002,
#7003,#7004,#7005,#7006,#7007,#7008,#7009,#7010,#7011,#7012,#7013,#7014,
#7015,#7016,#7017,#7018,#7019,#7020,#7021,#7022,#7023,#7024,#7025,#7026,
#7027,#7028,#7029,#7030,#7031,#7032,#7033,#7034,#7035,#7036,#7037,#7038,
#7039,#7040,#7041,#7042,#7043,#7044,#7045,#7046,#7047,#7048,#7049,#7050,
#7051,#7052,#7053,#7054,#7055,#7056,#7057,#7058,#7059,#7060,#7061,#7062,
#7063,#7064,#7065,#7066,#7067,#7068,#7069,#7070,#7071,#7072,#7073,#7074,
#7075,#7076,#7077,#7078,#7079,#7080,#7081,#7082,#7083,#7084,#7085,#7086,
#7087,#7088,#7089,#7090,#7091,#7092,#7093,#7094,#7095,#7096,#7097,#7098,
#7099,#7100,#7101,#7102,#7103,#7104,#7105,#7106,#7107,#7108,#7109,#7110,
#7111,#7112,#7113,#7114,#7115,#7116,#7117,#7118,#7119,#7120,#7121,#7122,
#7123,#7124,#7125,#7126,#7127,#7128,#7129,#7130,#7131,#7132,#7133,#7134,
#7135,#7136,#7137,#7138,#7139,#7140,#7141,#7142,#7143,#7144,#7145,#7146,
#7147,#7148,#7149,#7150,#7151,#7152,#7153,#7154,#7155,#7156,#7157,#7158,
#7159,#7160,#7161,#7162,#7163,#7164,#7165,#7166,#7167,#7168,#7169,#7170,
#7171,#7172,#7173,#7174,#7175,#7176,#7177,#7178,#7179,#7180,#7181,#7182,
#7183,#7184,#7185,#7186,#7187,#7188,#7189,#7190,#7191,#7192,#7193,#7194,
#7195,#7196,#7197,#7198,#7199,#7200,#7201),.UNSPECIFIED.,.F.,.F.,(7,5,5,
5,5,5,5,5,5,5,5,5,5,5,5,5,5,5,5,5,5,5,5,5,5,5,5,5,5,5,5,5,5,5,5,5,5,5,5,
5,5,5,5,7),(0.,0.01785270179223,0.03594150890069,0.05405898131623,0.07221483209641,
0.09041686512774,0.108673240439,0.126994786159,0.145397219219,0.163903438023,
0.182546160343,0.201371265009,0.220442350374,0.239847332517,0.259708530621,
0.28019899748,0.301570813492,0.324208484777,0.348742061262,0.376331012996,
0.409610489912,0.458822150239,0.570843337061,0.612033605868,0.641508815654,
0.66634878313,0.688701450265,0.709555455323,0.729454117882,0.748726618811,
0.767584423624,0.786168231528,0.804573381098,0.822864704773,0.841085757836,
0.859264858155,0.877419244623,0.895558114348,0.913685023443,0.931799997516,
0.94990161322,0.967989175513,0.986064744162,1.),.UNSPECIFIED.);
#67=B_SPLINE_CURVE_WITH_KNOTS('',7,(#7212,#7213,#7214,#7215,#7216,#7217,
#7218,#7219,#7220,#7221,#7222,#7223,#7224,#7225,#7226,#7227,#7228,#7229,
#7230,#7231,#7232,#7233,#7234,#7235,#7236,#7237,#7238,#7239,#7240,#7241,
#7242,#7243,#7244,#7245,#7246,#7247,#7248,#7249,#7250,#7251,#7252,#7253,
#7254,#7255,#7256,#7257,#7258,#7259,#7260,#7261,#7262,#7263,#7264,#7265,
#7266,#7267,#7268,#7269,#7270,#7271,#7272,#7273,#7274,#7275,#7276,#7277,
#7278,#7279,#7280,#7281,#7282,#7283,#7284,#7285,#7286,#7287,#7288,#7289,
#7290,#7291,#7292,#7293,#7294,#7295,#7296,#7297,#7298,#7299,#7300,#7301,
#7302,#7303,#7304,#7305,#7306,#7307,#7308,#7309,#7310,#7311,#7312,#7313,
#7314,#7315,#7316,#7317,#7318,#7319,#7320,#7321,#7322,#7323,#7324,#7325,
#7326,#7327,#7328,#7329,#7330,#7331,#7332,#7333,#7334,#7335,#7336,#7337,
#7338,#7339,#7340,#7341,#7342,#7343,#7344,#7345,#7346,#7347,#7348,#7349,
#7350,#7351,#7352,#7353,#7354,#7355,#7356,#7357,#7358,#7359,#7360,#7361,
#7362,#7363,#7364,#7365,#7366,#7367,#7368,#7369,#7370,#7371,#7372,#7373,
#7374,#7375,#7376,#7377,#7378,#7379,#7380,#7381,#7382,#7383,#7384,#7385,
#7386,#7387,#7388,#7389,#7390,#7391,#7392,#7393,#7394,#7395,#7396,#7397,
#7398,#7399,#7400,#7401,#7402,#7403,#7404,#7405,#7406,#7407,#7408,#7409,
#7410,#7411,#7412,#7413,#7414,#7415,#7416,#7417,#7418,#7419,#7420,#7421,
#7422,#7423,#7424,#7425,#7426,#7427,#7428,#7429,#7430,#7431,#7432,#7433,
#7434,#7435,#7436,#7437,#7438,#7439,#7440,#7441,#7442,#7443,#7444,#7445,
#7446,#7447,#7448,#7449,#7450,#7451,#7452,#7453,#7454,#7455,#7456,#7457,
#7458,#7459,#7460,#7461,#7462,#7463,#7464,#7465,#7466,#7467,#7468,#7469,
#7470,#7471),.UNSPECIFIED.,.F.,.F.,(8,6,6,6,6,6,6,6,6,6,6,6,6,6,6,6,6,6,
6,6,6,6,6,6,6,6,6,6,6,6,6,6,6,6,6,6,6,6,6,6,6,6,6,8),(0.,0.01772445487292,
0.0357002272679,0.05373834861257,0.07186499375028,0.09010380926493,0.108477935019,
0.127012057199,0.145734350026,0.164678460087,0.18388579314,0.203408442294,
0.223313240076,0.243687706562,0.264649250748,0.286360210351,0.309054090518,
0.333085323748,0.359035035873,0.387977146892,0.422367501062,0.471821869399,
0.578021342346,0.616192678423,0.643920086651,0.667705197295,0.68944283618,
0.709969702303,0.729728505956,0.748978902621,0.767883298935,0.786547500186,
0.805042112992,0.823414742873,0.841697399414,0.859911245849,0.878069816884,
0.89618134737,0.914250619651,0.932280624004,0.950274258229,0.968236167344,
0.986174463138,1.),.UNSPECIFIED.);
#68=B_SPLINE_CURVE_WITH_KNOTS('',7,(#7482,#7483,#7484,#7485,#7486,#7487,
#7488,#7489,#7490,#7491,#7492,#7493,#7494,#7495,#7496,#7497,#7498,#7499,
#7500,#7501,#7502,#7503,#7504,#7505,#7506,#7507,#7508,#7509,#7510,#7511,
#7512,#7513,#7514,#7515,#7516,#7517,#7518,#7519,#7520,#7521,#7522,#7523,
#7524,#7525,#7526,#7527,#7528,#7529,#7530,#7531,#7532,#7533,#7534,#7535,
#7536,#7537,#7538,#7539,#7540,#7541,#7542,#7543,#7544,#7545,#7546,#7547,
#7548,#7549,#7550,#7551,#7552,#7553,#7554,#7555,#7556,#7557,#7558,#7559,
#7560,#7561,#7562,#7563,#7564,#7565,#7566,#7567,#7568,#7569,#7570,#7571,
#7572,#7573,#7574,#7575,#7576,#7577,#7578,#7579,#7580,#7581,#7582,#7583,
#7584,#7585,#7586,#7587,#7588,#7589,#7590,#7591,#7592,#7593,#7594,#7595,
#7596,#7597,#7598,#7599,#7600,#7601,#7602,#7603,#7604,#7605,#7606,#7607,
#7608,#7609,#7610,#7611,#7612,#7613,#7614,#7615,#7616,#7617,#7618,#7619,
#7620,#7621,#7622,#7623,#7624,#7625,#7626,#7627,#7628,#7629,#7630,#7631,
#7632,#7633,#7634,#7635,#7636,#7637,#7638,#7639,#7640,#7641,#7642,#7643,
#7644,#7645,#7646,#7647,#7648,#7649,#7650,#7651,#7652,#7653,#7654,#7655,
#7656,#7657,#7658,#7659,#7660,#7661,#7662,#7663,#7664,#7665,#7666,#7667,
#7668,#7669,#7670,#7671,#7672,#7673,#7674,#7675,#7676,#7677,#7678,#7679,
#7680,#7681,#7682,#7683,#7684,#7685,#7686,#7687,#7688,#7689,#7690,#7691,
#7692,#7693,#7694,#7695,#7696,#7697,#7698,#7699,#7700,#7701,#7702,#7703,
#7704,#7705,#7706,#7707,#7708,#7709,#7710,#7711,#7712,#7713,#7714,#7715,
#7716,#7717,#7718,#7719,#7720,#7721,#7722,#7723,#7724,#7725,#7726,#7727,
#7728,#7729,#7730,#7731,#7732,#7733,#7734,#7735,#7736,#7737,#7738,#7739,
#7740,#7741),.UNSPECIFIED.,.F.,.F.,(8,6,6,6,6,6,6,6,6,6,6,6,6,6,6,6,6,6,
6,6,6,6,6,6,6,6,6,6,6,6,6,6,6,6,6,6,6,6,6,6,6,6,6,8),(0.,0.01682687270984,
0.03391856263867,0.05112112430553,0.06848245852949,0.08604471940321,0.103845415619,
0.121918724502,0.140296855251,0.159011554654,0.1780959289,0.197586810086,
0.217528003361,0.237974973137,0.259001977982,0.280713613317,0.303264878839,
0.326899348161,0.352031016848,0.379453243905,0.411052071999,0.454605250248,
0.550256473803,0.590815214064,0.622172922783,0.649753912697,0.675141355583,
0.699046166243,0.721853350602,0.743795346137,0.765023167508,0.785640656728,
0.805722922704,0.825327151958,0.844499401426,0.863279127016,0.881702366526,
0.899804092323,0.917620048691,0.935188291371,0.952550590929,0.969753757202,
0.986850622269,1.),.UNSPECIFIED.);
#69=B_SPLINE_CURVE_WITH_KNOTS('',7,(#7752,#7753,#7754,#7755,#7756,#7757,
#7758,#7759,#7760,#7761,#7762,#7763,#7764,#7765,#7766,#7767,#7768,#7769,
#7770,#7771,#7772,#7773,#7774,#7775,#7776,#7777,#7778,#7779,#7780,#7781,
#7782,#7783,#7784,#7785,#7786,#7787,#7788,#7789,#7790,#7791,#7792,#7793,
#7794,#7795,#7796,#7797,#7798,#7799,#7800,#7801,#7802,#7803,#7804,#7805,
#7806,#7807,#7808,#7809,#7810,#7811,#7812,#7813,#7814,#7815,#7816,#7817,
#7818,#7819,#7820,#7821,#7822,#7823,#7824,#7825,#7826,#7827,#7828,#7829,
#7830,#7831,#7832,#7833,#7834,#7835,#7836,#7837,#7838,#7839,#7840,#7841,
#7842,#7843,#7844,#7845,#7846,#7847,#7848,#7849,#7850,#7851,#7852,#7853,
#7854,#7855,#7856,#7857,#7858,#7859,#7860,#7861,#7862,#7863,#7864,#7865,
#7866,#7867,#7868,#7869,#7870,#7871,#7872,#7873,#7874,#7875,#7876,#7877,
#7878,#7879,#7880,#7881,#7882,#7883,#7884,#7885,#7886,#7887,#7888,#7889,
#7890,#7891,#7892,#7893,#7894,#7895,#7896,#7897,#7898,#7899,#7900,#7901,
#7902,#7903,#7904,#7905,#7906,#7907,#7908,#7909,#7910,#7911,#7912,#7913,
#7914,#7915,#7916,#7917,#7918,#7919,#7920,#7921,#7922,#7923,#7924,#7925,
#7926,#7927,#7928,#7929,#7930,#7931,#7932,#7933,#7934,#7935,#7936,#7937,
#7938,#7939,#7940,#7941,#7942,#7943,#7944,#7945,#7946,#7947,#7948,#7949,
#7950,#7951,#7952,#7953,#7954,#7955,#7956,#7957,#7958,#7959,#7960,#7961,
#7962,#7963,#7964,#7965,#7966,#7967,#7968,#7969,#7970,#7971,#7972,#7973,
#7974,#7975,#7976,#7977,#7978,#7979,#7980,#7981,#7982,#7983,#7984,#7985,
#7986,#7987,#7988,#7989,#7990,#7991,#7992,#7993,#7994,#7995,#7996,#7997,
#7998,#7999,#8000,#8001,#8002,#8003,#8004,#8005,#8006,#8007,#8008,#8009,
#8010,#8011),.UNSPECIFIED.,.F.,.F.,(8,6,6,6,6,6,6,6,6,6,6,6,6,6,6,6,6,6,
6,6,6,6,6,6,6,6,6,6,6,6,6,6,6,6,6,6,6,6,6,6,6,6,6,8),(0.,0.01775038873084,
0.03573224235913,0.05373560532856,0.07176569877791,0.08982472139878,0.107913696565,
0.126034336753,0.144190775196,0.162391309616,0.180650405634,0.198991282665,
0.217449543921,0.236078597072,0.254958194333,0.274208654931,0.29401614299,
0.31468145839,0.336725359112,0.361156643886,0.390373482034,0.434026765997,
0.542695400079,0.58701114379,0.619821433608,0.64786748416,0.673192264365,
0.696742337043,0.719046209518,0.740432678999,0.761121266198,0.78126593251,
0.800978587052,0.820342766145,0.839422110353,0.858265912255,0.876912948489,
0.895394298893,0.91373560167,0.931959067325,0.950085497019,0.968136419565,
0.986136094826,1.),.UNSPECIFIED.);
#70=B_SPLINE_CURVE_WITH_KNOTS('',6,(#8022,#8023,#8024,#8025,#8026,#8027,
#8028,#8029,#8030,#8031,#8032,#8033,#8034,#8035,#8036,#8037,#8038,#8039,
#8040,#8041,#8042,#8043,#8044,#8045,#8046,#8047,#8048,#8049,#8050,#8051,
#8052,#8053,#8054,#8055,#8056,#8057,#8058,#8059,#8060,#8061,#8062,#8063,
#8064,#8065,#8066,#8067,#8068,#8069,#8070,#8071,#8072,#8073,#8074,#8075,
#8076,#8077,#8078,#8079,#8080,#8081,#8082,#8083,#8084,#8085,#8086,#8087,
#8088,#8089,#8090,#8091,#8092,#8093,#8094,#8095,#8096,#8097,#8098,#8099,
#8100,#8101,#8102,#8103,#8104,#8105,#8106,#8107,#8108,#8109,#8110,#8111,
#8112,#8113,#8114,#8115,#8116,#8117,#8118,#8119,#8120,#8121,#8122,#8123,
#8124,#8125,#8126,#8127,#8128,#8129,#8130,#8131,#8132,#8133,#8134,#8135,
#8136,#8137,#8138,#8139,#8140,#8141,#8142,#8143,#8144,#8145,#8146,#8147,
#8148,#8149,#8150,#8151,#8152,#8153,#8154,#8155,#8156,#8157,#8158,#8159,
#8160,#8161,#8162,#8163,#8164,#8165,#8166,#8167,#8168,#8169,#8170,#8171,
#8172,#8173,#8174,#8175,#8176,#8177,#8178,#8179,#8180,#8181,#8182,#8183,
#8184,#8185,#8186,#8187,#8188,#8189,#8190,#8191,#8192,#8193,#8194,#8195,
#8196,#8197,#8198,#8199,#8200,#8201,#8202,#8203,#8204,#8205,#8206,#8207,
#8208,#8209,#8210,#8211,#8212,#8213,#8214,#8215,#8216,#8217,#8218,#8219,
#8220,#8221,#8222,#8223,#8224,#8225,#8226,#8227,#8228,#8229,#8230,#8231,
#8232,#8233,#8234,#8235,#8236,#8237,#8238),.UNSPECIFIED.,.F.,.F.,(7,5,5,
5,5,5,5,5,5,5,5,5,5,5,5,5,5,5,5,5,5,5,5,5,5,5,5,5,5,5,5,5,5,5,5,5,5,5,5,
5,5,5,5,7),(0.,0.01785262936305,0.03593384069929,0.05402842365402,0.07213808244382,
0.0902622333847,0.108400145939,0.126553133752,0.144726660541,0.162932528712,
0.181191431306,0.199536237333,0.218016540747,0.236705321544,0.255709202989,
0.275185113952,0.295369144183,0.316630828274,0.339587620746,0.365390932246,
0.396676752607,0.443717614508,0.556500456016,0.599974610792,0.631448826642,
0.658032424372,0.681893154235,0.704039769644,0.725036383541,0.745232950287,
0.764861009165,0.784080165933,0.803003239166,0.821711014609,0.840261483016,
0.858695957983,0.87704335351,0.895323362608,0.913549010107,0.931728918897,
0.949869547194,0.967977519807,0.986061806349,1.),.UNSPECIFIED.);
#71=B_SPLINE_CURVE_WITH_KNOTS('',6,(#8249,#8250,#8251,#8252,#8253,#8254,
#8255,#8256,#8257,#8258,#8259,#8260,#8261,#8262,#8263,#8264,#8265,#8266,
#8267,#8268,#8269,#8270,#8271,#8272,#8273,#8274,#8275,#8276,#8277,#8278,
#8279,#8280,#8281,#8282,#8283,#8284,#8285,#8286,#8287,#8288,#8289,#8290,
#8291,#8292,#8293,#8294,#8295,#8296,#8297,#8298,#8299,#8300,#8301,#8302,
#8303,#8304,#8305,#8306,#8307,#8308,#8309,#8310,#8311,#8312,#8313,#8314,
#8315,#8316,#8317,#8318,#8319,#8320,#8321,#8322,#8323,#8324,#8325,#8326,
#8327,#8328,#8329,#8330,#8331,#8332,#8333,#8334,#8335,#8336,#8337,#8338,
#8339,#8340,#8341,#8342,#8343,#8344,#8345,#8346,#8347,#8348,#8349,#8350,
#8351,#8352,#8353,#8354,#8355,#8356,#8357,#8358,#8359,#8360,#8361,#8362,
#8363,#8364,#8365,#8366,#8367,#8368,#8369,#8370,#8371,#8372,#8373,#8374,
#8375,#8376,#8377,#8378,#8379,#8380,#8381,#8382,#8383,#8384,#8385,#8386,
#8387,#8388,#8389,#8390,#8391,#8392,#8393,#8394,#8395,#8396,#8397,#8398,
#8399,#8400,#8401,#8402,#8403,#8404,#8405,#8406,#8407,#8408,#8409,#8410,
#8411,#8412,#8413,#8414,#8415,#8416,#8417,#8418,#8419,#8420,#8421,#8422,
#8423,#8424,#8425,#8426,#8427,#8428,#8429,#8430,#8431,#8432,#8433,#8434,
#8435,#8436,#8437,#8438,#8439,#8440,#8441,#8442,#8443,#8444,#8445,#8446,
#8447,#8448,#8449,#8450,#8451,#8452,#8453,#8454,#8455,#8456,#8457,#8458,
#8459,#8460,#8461,#8462,#8463,#8464,#8465),.UNSPECIFIED.,.F.,.F.,(7,5,5,
5,5,5,5,5,5,5,5,5,5,5,5,5,5,5,5,5,5,5,5,5,5,5,5,5,5,5,5,5,5,5,5,5,5,5,5,
5,5,5,5,7),(0.,0.01785270179945,0.03594150890808,0.05405898132373,0.07221483210404,
0.09041686513546,0.108673240446,0.126994786167,0.145397219227,0.16390343803,
0.18254616035,0.201371265016,0.220442350382,0.239847332525,0.259708530629,
0.280198997488,0.301570813501,0.324208484786,0.348742061272,0.376331013008,
0.409610489927,0.458822150266,0.570843336639,0.612033605612,0.641508815448,
0.66634878295,0.688701450099,0.709555455166,0.729454117731,0.748726618665,
0.76758442348,0.786168231386,0.804573380957,0.822864704632,0.841085757695,
0.859264858015,0.877419244483,0.895558114209,0.913685023303,0.931799997377,
0.949901613081,0.967989175374,0.986064744022,1.),.UNSPECIFIED.);
#72=B_SPLINE_CURVE_WITH_KNOTS('',7,(#8476,#8477,#8478,#8479,#8480,#8481,
#8482,#8483,#8484,#8485,#8486,#8487,#8488,#8489,#8490,#8491,#8492,#8493,
#8494,#8495,#8496,#8497,#8498,#8499,#8500,#8501,#8502,#8503,#8504,#8505,
#8506,#8507,#8508,#8509,#8510,#8511,#8512,#8513,#8514,#8515,#8516,#8517,
#8518,#8519,#8520,#8521,#8522,#8523,#8524,#8525,#8526,#8527,#8528,#8529,
#8530,#8531,#8532,#8533,#8534,#8535,#8536,#8537,#8538,#8539,#8540,#8541,
#8542,#8543,#8544,#8545,#8546,#8547,#8548,#8549,#8550,#8551,#8552,#8553,
#8554,#8555,#8556,#8557,#8558,#8559,#8560,#8561,#8562,#8563,#8564,#8565,
#8566,#8567,#8568,#8569,#8570,#8571,#8572,#8573,#8574,#8575,#8576,#8577,
#8578,#8579,#8580,#8581,#8582,#8583,#8584,#8585,#8586,#8587,#8588,#8589,
#8590,#8591,#8592,#8593,#8594,#8595,#8596,#8597,#8598,#8599,#8600,#8601,
#8602,#8603,#8604,#8605,#8606,#8607,#8608,#8609,#8610,#8611,#8612,#8613,
#8614,#8615,#8616,#8617,#8618,#8619,#8620,#8621,#8622,#8623,#8624,#8625,
#8626,#8627,#8628,#8629,#8630,#8631,#8632,#8633,#8634,#8635,#8636,#8637,
#8638,#8639,#8640,#8641,#8642,#8643,#8644,#8645,#8646,#8647,#8648,#8649,
#8650,#8651,#8652,#8653,#8654,#8655,#8656,#8657,#8658,#8659,#8660,#8661,
#8662,#8663,#8664,#8665,#8666,#8667,#8668,#8669,#8670,#8671,#8672,#8673,
#8674,#8675,#8676,#8677,#8678,#8679,#8680,#8681,#8682,#8683,#8684,#8685,
#8686,#8687,#8688,#8689,#8690,#8691,#8692,#8693,#8694,#8695,#8696,#8697,
#8698,#8699,#8700,#8701,#8702,#8703,#8704,#8705,#8706,#8707,#8708,#8709,
#8710,#8711,#8712,#8713,#8714,#8715,#8716,#8717,#8718,#8719,#8720,#8721,
#8722,#8723,#8724,#8725,#8726,#8727,#8728,#8729,#8730,#8731,#8732,#8733,
#8734,#8735),.UNSPECIFIED.,.F.,.F.,(8,6,6,6,6,6,6,6,6,6,6,6,6,6,6,6,6,6,
6,6,6,6,6,6,6,6,6,6,6,6,6,6,6,6,6,6,6,6,6,6,6,6,6,8),(0.,0.01772445486408,
0.03570022725908,0.05373834860373,0.07186499374124,0.09010380925562,0.108477935009,
0.12701205719,0.145734350016,0.164678460077,0.183885793129,0.203408442284,
0.223313240066,0.243687706552,0.264649250738,0.286360210341,0.309054090507,
0.333085323738,0.359035035862,0.387977146879,0.422367501046,0.471821869369,
0.578021342851,0.616192678735,0.643920086906,0.667705197523,0.689442836393,
0.709969702506,0.729728506153,0.748978902814,0.767883299125,0.786547500373,
0.805042113177,0.823414743057,0.841697399597,0.859911246031,0.878069817065,
0.89618134755,0.91425061983,0.932280624183,0.950274258408,0.968236167522,
0.986174463315,1.),.UNSPECIFIED.);
#73=B_SPLINE_CURVE_WITH_KNOTS('',6,(#8741,#8742,#8743,#8744,#8745,#8746,
#8747,#8748,#8749,#8750,#8751,#8752,#8753,#8754,#8755,#8756,#8757,#8758,
#8759,#8760,#8761,#8762,#8763,#8764,#8765,#8766,#8767,#8768,#8769,#8770,
#8771,#8772,#8773,#8774,#8775,#8776,#8777,#8778,#8779,#8780,#8781,#8782,
#8783,#8784,#8785,#8786,#8787,#8788,#8789,#8790,#8791,#8792,#8793,#8794,
#8795,#8796,#8797,#8798,#8799,#8800,#8801,#8802,#8803,#8804,#8805,#8806,
#8807,#8808,#8809,#8810,#8811,#8812,#8813,#8814,#8815,#8816,#8817,#8818,
#8819,#8820,#8821,#8822,#8823,#8824,#8825,#8826,#8827,#8828,#8829,#8830,
#8831,#8832,#8833,#8834,#8835,#8836,#8837,#8838,#8839,#8840,#8841,#8842,
#8843,#8844,#8845,#8846,#8847),.UNSPECIFIED.,.F.,.F.,(7,5,5,5,5,5,5,5,5,
5,5,5,5,5,5,5,5,5,5,5,5,7),(0.,0.0256213997947,0.05175094057588,0.07825360892388,
0.105266521026,0.132906851401,0.161281875932,0.190495247412,0.22065194618,
0.251863433993,0.284253974924,0.317969058567,0.353187270163,0.390137927041,
0.429128858226,0.470593258855,0.515175639669,0.563907655923,0.618627116975,
0.683247042958,0.769951879419,1.),.UNSPECIFIED.);
#74=B_SPLINE_CURVE_WITH_KNOTS('',5,(#8850,#8851,#8852,#8853,#8854,#8855,
#8856,#8857,#8858,#8859,#8860,#8861,#8862,#8863,#8864,#8865,#8866,#8867,
#8868,#8869,#8870,#8871,#8872,#8873,#8874,#8875,#8876,#8877,#8878,#8879,
#8880,#8881,#8882,#8883,#8884,#8885,#8886,#8887,#8888,#8889,#8890,#8891,
#8892,#8893,#8894,#8895,#8896,#8897,#8898,#8899,#8900,#8901,#8902,#8903,
#8904,#8905,#8906,#8907,#8908,#8909,#8910,#8911,#8912,#8913,#8914,#8915,
#8916,#8917,#8918,#8919,#8920,#8921,#8922,#8923,#8924,#8925,#8926,#8927,
#8928,#8929,#8930,#8931,#8932,#8933,#8934,#8935),.UNSPECIFIED.,.F.,.F.,
(6,4,4,4,4,4,4,4,4,4,4,4,4,4,4,4,4,4,4,4,4,6),(0.,0.0274058476814,0.05537303932415,
0.08375722896685,0.112720089194,0.142405007842,0.17294780108,0.204483704544,
0.237152951638,0.271106511615,0.306513012524,0.343567819181,0.38250559306,
0.4236185195,0.467284139538,0.514010393391,0.564513774125,0.619867316879,
0.681815545999,0.753568853552,0.842463746649,1.),.UNSPECIFIED.);
#75=B_SPLINE_CURVE_WITH_KNOTS('',3,(#9180,#9181,#9182,#9183,#9184,#9185,
#9186,#9187,#9188,#9189,#9190),.UNSPECIFIED.,.T.,.F.,(1,1,1,1,1,1,1,1,1,
1,1,1,1,1,1),(-0.0047343953000784,-0.0031562635333856,-0.0015781317666928,
1.4314084079273E-20,0.0015781317666928,0.0031562635333856,0.0047343953000784,
0.00631252706677119,0.00789065883346399,0.00946879060015679,0.0110469223668496,
0.0126250541335424,0.0142031859002352,0.015781317666928,0.0173594494336208),
 .UNSPECIFIED.);
#76=LINE('',#3809,#268);
#77=LINE('',#3814,#269);
#78=LINE('',#3817,#270);
#79=LINE('',#3822,#271);
#80=LINE('',#3841,#272);
#81=LINE('',#3845,#273);
#82=LINE('',#3859,#274);
#83=LINE('',#3861,#275);
#84=LINE('',#3894,#276);
#85=LINE('',#3896,#277);
#86=LINE('',#3912,#278);
#87=LINE('',#3916,#279);
#88=LINE('',#4222,#280);
#89=LINE('',#4223,#281);
#90=LINE('',#4449,#282);
#91=LINE('',#4450,#283);
#92=LINE('',#4676,#284);
#93=LINE('',#4677,#285);
#94=LINE('',#4946,#286);
#95=LINE('',#4947,#287);
#96=LINE('',#5216,#288);
#97=LINE('',#5217,#289);
#98=LINE('',#5486,#290);
#99=LINE('',#5487,#291);
#100=LINE('',#5713,#292);
#101=LINE('',#5714,#293);
#102=LINE('',#5940,#294);
#103=LINE('',#5941,#295);
#104=LINE('',#6210,#296);
#105=LINE('',#6211,#297);
#106=LINE('',#6480,#298);
#107=LINE('',#6481,#299);
#108=LINE('',#6750,#300);
#109=LINE('',#6751,#301);
#110=LINE('',#6977,#302);
#111=LINE('',#6978,#303);
#112=LINE('',#7204,#304);
#113=LINE('',#7205,#305);
#114=LINE('',#7474,#306);
#115=LINE('',#7475,#307);
#116=LINE('',#7744,#308);
#117=LINE('',#7745,#309);
#118=LINE('',#8014,#310);
#119=LINE('',#8015,#311);
#120=LINE('',#8241,#312);
#121=LINE('',#8242,#313);
#122=LINE('',#8468,#314);
#123=LINE('',#8469,#315);
#124=LINE('',#8738,#316);
#125=LINE('',#8739,#317);
#126=LINE('',#8958,#318);
#127=LINE('',#8962,#319);
#128=LINE('',#8974,#320);
#129=LINE('',#8977,#321);
#130=LINE('',#8979,#322);
#131=LINE('',#8981,#323);
#132=LINE('',#8983,#324);
#133=LINE('',#8987,#325);
#134=LINE('',#8997,#326);
#135=LINE('',#9000,#327);
#136=LINE('',#9002,#328);
#137=LINE('',#9004,#329);
#138=LINE('',#9008,#330);
#139=LINE('',#9012,#331);
#140=LINE('',#9014,#332);
#141=LINE('',#9016,#333);
#142=LINE('',#9018,#334);
#143=LINE('',#9021,#335);
#144=LINE('',#9023,#336);
#145=LINE('',#9025,#337);
#146=LINE('',#9029,#338);
#147=LINE('',#9033,#339);
#148=LINE('',#9035,#340);
#149=LINE('',#9037,#341);
#150=LINE('',#9039,#342);
#151=LINE('',#9041,#343);
#152=LINE('',#9043,#344);
#153=LINE('',#9045,#345);
#154=LINE('',#9047,#346);
#155=LINE('',#9049,#347);
#156=LINE('',#9052,#348);
#157=LINE('',#9053,#349);
#158=LINE('',#9055,#350);
#159=LINE('',#9057,#351);
#160=LINE('',#9059,#352);
#161=LINE('',#9061,#353);
#162=LINE('',#9063,#354);
#163=LINE('',#9065,#355);
#164=LINE('',#9067,#356);
#165=LINE('',#9069,#357);
#166=LINE('',#9071,#358);
#167=LINE('',#9073,#359);
#168=LINE('',#9075,#360);
#169=LINE('',#9077,#361);
#170=LINE('',#9079,#362);
#171=LINE('',#9081,#363);
#172=LINE('',#9083,#364);
#173=LINE('',#9085,#365);
#174=LINE('',#9087,#366);
#175=LINE('',#9089,#367);
#176=LINE('',#9090,#368);
#177=LINE('',#9092,#369);
#178=LINE('',#9094,#370);
#179=LINE('',#9096,#371);
#180=LINE('',#9098,#372);
#181=LINE('',#9100,#373);
#182=LINE('',#9102,#374);
#183=LINE('',#9104,#375);
#184=LINE('',#9105,#376);
#185=LINE('',#9107,#377);
#186=LINE('',#9109,#378);
#187=LINE('',#9111,#379);
#188=LINE('',#9113,#380);
#189=LINE('',#9115,#381);
#190=LINE('',#9117,#382);
#191=LINE('',#9120,#383);
#192=LINE('',#9121,#384);
#193=LINE('',#9123,#385);
#194=LINE('',#9125,#386);
#195=LINE('',#9127,#387);
#196=LINE('',#9129,#388);
#197=LINE('',#9131,#389);
#198=LINE('',#9133,#390);
#199=LINE('',#9135,#391);
#200=LINE('',#9137,#392);
#201=LINE('',#9145,#393);
#202=LINE('',#9148,#394);
#203=LINE('',#9150,#395);
#204=LINE('',#9152,#396);
#205=LINE('',#9154,#397);
#206=LINE('',#9156,#398);
#207=LINE('',#9158,#399);
#208=LINE('',#9160,#400);
#209=LINE('',#9162,#401);
#210=LINE('',#9165,#402);
#211=LINE('',#9167,#403);
#212=LINE('',#9169,#404);
#213=LINE('',#9171,#405);
#214=LINE('',#9173,#406);
#215=LINE('',#9175,#407);
#216=LINE('',#9177,#408);
#217=LINE('',#9178,#409);
#218=LINE('',#9195,#410);
#219=LINE('',#9198,#411);
#220=LINE('',#9200,#412);
#221=LINE('',#9201,#413);
#222=LINE('',#9203,#414);
#223=LINE('',#9204,#415);
#224=LINE('',#9206,#416);
#225=LINE('',#9208,#417);
#226=LINE('',#9210,#418);
#227=LINE('',#9212,#419);
#228=LINE('',#9214,#420);
#229=LINE('',#9217,#421);
#230=LINE('',#9219,#422);
#231=LINE('',#9221,#423);
#232=LINE('',#9225,#424);
#233=LINE('',#9229,#425);
#234=LINE('',#9231,#426);
#235=LINE('',#9233,#427);
#236=LINE('',#9240,#428);
#237=LINE('',#9242,#429);
#238=LINE('',#9244,#430);
#239=LINE('',#9246,#431);
#240=LINE('',#9248,#432);
#241=LINE('',#9250,#433);
#242=LINE('',#9256,#434);
#243=LINE('',#9257,#435);
#244=LINE('',#9259,#436);
#245=LINE('',#9261,#437);
#246=LINE('',#9262,#438);
#247=LINE('',#9264,#439);
#248=LINE('',#9266,#440);
#249=LINE('',#9268,#441);
#250=LINE('',#9269,#442);
#251=LINE('',#9271,#443);
#252=LINE('',#9272,#444);
#253=LINE('',#9274,#445);
#254=LINE('',#9276,#446);
#255=LINE('',#9278,#447);
#256=LINE('',#9282,#448);
#257=LINE('',#9285,#449);
#258=LINE('',#9287,#450);
#259=LINE('',#9291,#451);
#260=LINE('',#9294,#452);
#261=LINE('',#9296,#453);
#262=LINE('',#9300,#454);
#263=LINE('',#9303,#455);
#264=LINE('',#9305,#456);
#265=LINE('',#9309,#457);
#266=LINE('',#9316,#458);
#267=LINE('',#9317,#459);
#268=VECTOR('',#3083,1.);
#269=VECTOR('',#3086,1.);
#270=VECTOR('',#3089,1.);
#271=VECTOR('',#3092,1.);
#272=VECTOR('',#3113,1.);
#273=VECTOR('',#3116,1.);
#274=VECTOR('',#3131,1.);
#275=VECTOR('',#3132,1.);
#276=VECTOR('',#3167,1.);
#277=VECTOR('',#3168,1.);
#278=VECTOR('',#3185,1.);
#279=VECTOR('',#3188,1.);
#280=VECTOR('',#3243,1.);
#281=VECTOR('',#3244,1.);
#282=VECTOR('',#3253,1.);
#283=VECTOR('',#3254,1.);
#284=VECTOR('',#3263,1.);
#285=VECTOR('',#3264,1.);
#286=VECTOR('',#3273,1.);
#287=VECTOR('',#3274,1.);
#288=VECTOR('',#3283,1.);
#289=VECTOR('',#3284,1.);
#290=VECTOR('',#3293,1.);
#291=VECTOR('',#3294,1.);
#292=VECTOR('',#3303,1.);
#293=VECTOR('',#3304,1.);
#294=VECTOR('',#3313,1.);
#295=VECTOR('',#3314,1.);
#296=VECTOR('',#3323,1.);
#297=VECTOR('',#3324,1.);
#298=VECTOR('',#3333,1.);
#299=VECTOR('',#3334,1.);
#300=VECTOR('',#3343,1.);
#301=VECTOR('',#3344,1.);
#302=VECTOR('',#3353,1.);
#303=VECTOR('',#3354,1.);
#304=VECTOR('',#3363,1.);
#305=VECTOR('',#3364,1.);
#306=VECTOR('',#3373,1.);
#307=VECTOR('',#3374,1.);
#308=VECTOR('',#3383,1.);
#309=VECTOR('',#3384,1.);
#310=VECTOR('',#3393,1.);
#311=VECTOR('',#3394,1.);
#312=VECTOR('',#3403,1.);
#313=VECTOR('',#3404,1.);
#314=VECTOR('',#3413,1.);
#315=VECTOR('',#3414,1.);
#316=VECTOR('',#3423,1.);
#317=VECTOR('',#3424,1.);
#318=VECTOR('',#3469,1.);
#319=VECTOR('',#3472,1.);
#320=VECTOR('',#3489,1.);
#321=VECTOR('',#3490,1.);
#322=VECTOR('',#3491,1.);
#323=VECTOR('',#3492,1.);
#324=VECTOR('',#3495,1.);
#325=VECTOR('',#3498,1.);
#326=VECTOR('',#3511,1.);
#327=VECTOR('',#3512,1.);
#328=VECTOR('',#3513,1.);
#329=VECTOR('',#3514,1.);
#330=VECTOR('',#3519,1.);
#331=VECTOR('',#3524,1.);
#332=VECTOR('',#3525,1.);
#333=VECTOR('',#3526,1.);
#334=VECTOR('',#3529,1.);
#335=VECTOR('',#3530,1.);
#336=VECTOR('',#3531,1.);
#337=VECTOR('',#3532,1.);
#338=VECTOR('',#3537,1.);
#339=VECTOR('',#3542,1.);
#340=VECTOR('',#3543,1.);
#341=VECTOR('',#3544,1.);
#342=VECTOR('',#3547,1.);
#343=VECTOR('',#3548,1.);
#344=VECTOR('',#3551,1.);
#345=VECTOR('',#3552,1.);
#346=VECTOR('',#3553,1.);
#347=VECTOR('',#3556,1.);
#348=VECTOR('',#3557,1.);
#349=VECTOR('',#3558,1.);
#350=VECTOR('',#3561,1.);
#351=VECTOR('',#3562,1.);
#352=VECTOR('',#3563,1.);
#353=VECTOR('',#3566,1.);
#354=VECTOR('',#3567,1.);
#355=VECTOR('',#3570,1.);
#356=VECTOR('',#3571,1.);
#357=VECTOR('',#3574,1.);
#358=VECTOR('',#3577,1.);
#359=VECTOR('',#3578,1.);
#360=VECTOR('',#3581,1.);
#361=VECTOR('',#3582,1.);
#362=VECTOR('',#3583,1.);
#363=VECTOR('',#3586,1.);
#364=VECTOR('',#3587,1.);
#365=VECTOR('',#3588,1.);
#366=VECTOR('',#3591,1.);
#367=VECTOR('',#3592,1.);
#368=VECTOR('',#3593,1.);
#369=VECTOR('',#3596,1.);
#370=VECTOR('',#3597,1.);
#371=VECTOR('',#3598,1.);
#372=VECTOR('',#3601,1.);
#373=VECTOR('',#3602,1.);
#374=VECTOR('',#3605,1.);
#375=VECTOR('',#3606,1.);
#376=VECTOR('',#3607,1.);
#377=VECTOR('',#3610,1.);
#378=VECTOR('',#3611,1.);
#379=VECTOR('',#3612,1.);
#380=VECTOR('',#3615,1.);
#381=VECTOR('',#3616,1.);
#382=VECTOR('',#3619,1.);
#383=VECTOR('',#3620,1.);
#384=VECTOR('',#3621,1.);
#385=VECTOR('',#3624,1.);
#386=VECTOR('',#3625,1.);
#387=VECTOR('',#3626,1.);
#388=VECTOR('',#3629,1.);
#389=VECTOR('',#3630,1.);
#390=VECTOR('',#3633,1.);
#391=VECTOR('',#3634,1.);
#392=VECTOR('',#3637,1.);
#393=VECTOR('',#3648,1.);
#394=VECTOR('',#3649,1.);
#395=VECTOR('',#3650,1.);
#396=VECTOR('',#3651,1.);
#397=VECTOR('',#3652,1.);
#398=VECTOR('',#3653,1.);
#399=VECTOR('',#3654,1.);
#400=VECTOR('',#3655,1.);
#401=VECTOR('',#3658,1.);
#402=VECTOR('',#3659,1.);
#403=VECTOR('',#3660,1.);
#404=VECTOR('',#3661,1.);
#405=VECTOR('',#3662,1.);
#406=VECTOR('',#3663,1.);
#407=VECTOR('',#3664,1.);
#408=VECTOR('',#3665,1.);
#409=VECTOR('',#3666,1.);
#410=VECTOR('',#3673,1.);
#411=VECTOR('',#3674,1.);
#412=VECTOR('',#3675,1.);
#413=VECTOR('',#3676,1.);
#414=VECTOR('',#3677,1.);
#415=VECTOR('',#3678,1.);
#416=VECTOR('',#3679,1.);
#417=VECTOR('',#3680,1.);
#418=VECTOR('',#3681,1.);
#419=VECTOR('',#3682,1.);
#420=VECTOR('',#3685,1.);
#421=VECTOR('',#3686,1.);
#422=VECTOR('',#3687,1.);
#423=VECTOR('',#3688,1.);
#424=VECTOR('',#3693,1.);
#425=VECTOR('',#3698,1.);
#426=VECTOR('',#3699,1.);
#427=VECTOR('',#3700,1.);
#428=VECTOR('',#3709,1.);
#429=VECTOR('',#3712,1.);
#430=VECTOR('',#3713,1.);
#431=VECTOR('',#3714,1.);
#432=VECTOR('',#3715,1.);
#433=VECTOR('',#3716,1.);
#434=VECTOR('',#3723,1.);
#435=VECTOR('',#3724,1.);
#436=VECTOR('',#3725,1.);
#437=VECTOR('',#3726,1.);
#438=VECTOR('',#3727,1.);
#439=VECTOR('',#3728,1.);
#440=VECTOR('',#3731,1.);
#441=VECTOR('',#3732,1.);
#442=VECTOR('',#3733,1.);
#443=VECTOR('',#3734,1.);
#444=VECTOR('',#3735,1.);
#445=VECTOR('',#3736,1.);
#446=VECTOR('',#3739,1.);
#447=VECTOR('',#3740,1.);
#448=VECTOR('',#3745,1.);
#449=VECTOR('',#3750,1.);
#450=VECTOR('',#3751,1.);
#451=VECTOR('',#3756,1.);
#452=VECTOR('',#3761,1.);
#453=VECTOR('',#3762,1.);
#454=VECTOR('',#3767,1.);
#455=VECTOR('',#3772,1.);
#456=VECTOR('',#3773,1.);
#457=VECTOR('',#3778,1.);
#458=VECTOR('',#3791,1.);
#459=VECTOR('',#3792,1.);
#460=CYLINDRICAL_SURFACE('',#2805,0.0034);
#461=CYLINDRICAL_SURFACE('',#2810,0.0024);
#462=CYLINDRICAL_SURFACE('',#2830,0.0018);
#463=CYLINDRICAL_SURFACE('',#2831,0.0005);
#464=CYLINDRICAL_SURFACE('',#2832,0.0005);
#465=CYLINDRICAL_SURFACE('',#2833,0.0005);
#466=CYLINDRICAL_SURFACE('',#2834,0.0005);
#467=CYLINDRICAL_SURFACE('',#2835,0.0005);
#468=CYLINDRICAL_SURFACE('',#2836,0.0005);
#469=CYLINDRICAL_SURFACE('',#2854,0.0018);
#470=CYLINDRICAL_SURFACE('',#2856,0.0005);
#471=CYLINDRICAL_SURFACE('',#2857,0.0005);
#472=CYLINDRICAL_SURFACE('',#2858,0.0005);
#473=CYLINDRICAL_SURFACE('',#2859,0.0005);
#474=CYLINDRICAL_SURFACE('',#2860,0.0005);
#475=CYLINDRICAL_SURFACE('',#2861,0.0005);
#476=CYLINDRICAL_SURFACE('',#2862,0.0024);
#477=CYLINDRICAL_SURFACE('',#2868,0.0013);
#478=CYLINDRICAL_SURFACE('',#2872,0.00085);
#479=CYLINDRICAL_SURFACE('',#2879,0.00035);
#480=CYLINDRICAL_SURFACE('',#2883,0.00035);
#481=CYLINDRICAL_SURFACE('',#2887,0.00035);
#482=CYLINDRICAL_SURFACE('',#2891,0.00035);
#483=CYLINDRICAL_SURFACE('',#2895,0.00035);
#484=CYLINDRICAL_SURFACE('',#2899,0.00035);
#485=CYLINDRICAL_SURFACE('',#2903,0.00035);
#486=CYLINDRICAL_SURFACE('',#2907,0.00035);
#487=CYLINDRICAL_SURFACE('',#2911,0.00035);
#488=CYLINDRICAL_SURFACE('',#2915,0.00035);
#489=CYLINDRICAL_SURFACE('',#2919,0.00035);
#490=CYLINDRICAL_SURFACE('',#2923,0.00035);
#491=CYLINDRICAL_SURFACE('',#2927,0.00035);
#492=CYLINDRICAL_SURFACE('',#2931,0.00035);
#493=CYLINDRICAL_SURFACE('',#2935,0.00035);
#494=CYLINDRICAL_SURFACE('',#2939,0.00035);
#495=CYLINDRICAL_SURFACE('',#2943,0.00035);
#496=CYLINDRICAL_SURFACE('',#2947,0.00035);
#497=CYLINDRICAL_SURFACE('',#2951,0.00035);
#498=CYLINDRICAL_SURFACE('',#2973,0.00035);
#499=CYLINDRICAL_SURFACE('',#2977,0.0023);
#500=CYLINDRICAL_SURFACE('',#2983,0.0025);
#501=CYLINDRICAL_SURFACE('',#2985,0.0059);
#502=CYLINDRICAL_SURFACE('',#2991,0.001);
#503=CYLINDRICAL_SURFACE('',#2996,0.001);
#504=CYLINDRICAL_SURFACE('',#3027,0.002);
#505=CYLINDRICAL_SURFACE('',#3031,0.00725);
#506=CYLINDRICAL_SURFACE('',#3035,0.00525);
#507=CYLINDRICAL_SURFACE('',#3060,0.001);
#508=CYLINDRICAL_SURFACE('',#3061,0.00100000000000001);
#509=CYLINDRICAL_SURFACE('',#3062,0.00100000000000001);
#510=CYLINDRICAL_SURFACE('',#3063,0.001);
#511=ORIENTED_EDGE('',*,*,#1203,.F.);
#512=ORIENTED_EDGE('',*,*,#1204,.F.);
#513=ORIENTED_EDGE('',*,*,#1205,.T.);
#514=ORIENTED_EDGE('',*,*,#1206,.T.);
#515=ORIENTED_EDGE('',*,*,#1204,.T.);
#516=ORIENTED_EDGE('',*,*,#1207,.T.);
#517=ORIENTED_EDGE('',*,*,#1208,.T.);
#518=ORIENTED_EDGE('',*,*,#1209,.T.);
#519=ORIENTED_EDGE('',*,*,#1210,.T.);
#520=ORIENTED_EDGE('',*,*,#1211,.T.);
#521=ORIENTED_EDGE('',*,*,#1212,.T.);
#522=ORIENTED_EDGE('',*,*,#1213,.T.);
#523=ORIENTED_EDGE('',*,*,#1214,.T.);
#524=ORIENTED_EDGE('',*,*,#1206,.F.);
#525=ORIENTED_EDGE('',*,*,#1215,.T.);
#526=ORIENTED_EDGE('',*,*,#1205,.F.);
#527=ORIENTED_EDGE('',*,*,#1216,.F.);
#528=ORIENTED_EDGE('',*,*,#1217,.F.);
#529=ORIENTED_EDGE('',*,*,#1218,.F.);
#530=ORIENTED_EDGE('',*,*,#1219,.F.);
#531=ORIENTED_EDGE('',*,*,#1220,.F.);
#532=ORIENTED_EDGE('',*,*,#1221,.F.);
#533=ORIENTED_EDGE('',*,*,#1222,.F.);
#534=ORIENTED_EDGE('',*,*,#1223,.F.);
#535=ORIENTED_EDGE('',*,*,#1224,.T.);
#536=ORIENTED_EDGE('',*,*,#1210,.F.);
#537=ORIENTED_EDGE('',*,*,#1225,.T.);
#538=ORIENTED_EDGE('',*,*,#1226,.T.);
#539=ORIENTED_EDGE('',*,*,#1227,.T.);
#540=ORIENTED_EDGE('',*,*,#1228,.T.);
#541=ORIENTED_EDGE('',*,*,#1229,.T.);
#542=ORIENTED_EDGE('',*,*,#1230,.T.);
#543=ORIENTED_EDGE('',*,*,#1231,.T.);
#544=ORIENTED_EDGE('',*,*,#1208,.F.);
#545=ORIENTED_EDGE('',*,*,#1232,.T.);
#546=ORIENTED_EDGE('',*,*,#1233,.T.);
#547=ORIENTED_EDGE('',*,*,#1222,.T.);
#548=ORIENTED_EDGE('',*,*,#1209,.F.);
#549=ORIENTED_EDGE('',*,*,#1231,.F.);
#550=ORIENTED_EDGE('',*,*,#1234,.F.);
#551=ORIENTED_EDGE('',*,*,#1224,.F.);
#552=ORIENTED_EDGE('',*,*,#1235,.T.);
#553=ORIENTED_EDGE('',*,*,#1232,.F.);
#554=ORIENTED_EDGE('',*,*,#1207,.F.);
#555=ORIENTED_EDGE('',*,*,#1223,.T.);
#556=ORIENTED_EDGE('',*,*,#1234,.T.);
#557=ORIENTED_EDGE('',*,*,#1233,.F.);
#558=ORIENTED_EDGE('',*,*,#1235,.F.);
#559=ORIENTED_EDGE('',*,*,#1221,.T.);
#560=ORIENTED_EDGE('',*,*,#1230,.F.);
#561=ORIENTED_EDGE('',*,*,#1220,.T.);
#562=ORIENTED_EDGE('',*,*,#1229,.F.);
#563=ORIENTED_EDGE('',*,*,#1219,.T.);
#564=ORIENTED_EDGE('',*,*,#1228,.F.);
#565=ORIENTED_EDGE('',*,*,#1218,.T.);
#566=ORIENTED_EDGE('',*,*,#1227,.F.);
#567=ORIENTED_EDGE('',*,*,#1217,.T.);
#568=ORIENTED_EDGE('',*,*,#1226,.F.);
#569=ORIENTED_EDGE('',*,*,#1216,.T.);
#570=ORIENTED_EDGE('',*,*,#1225,.F.);
#571=ORIENTED_EDGE('',*,*,#1236,.F.);
#572=ORIENTED_EDGE('',*,*,#1237,.F.);
#573=ORIENTED_EDGE('',*,*,#1238,.F.);
#574=ORIENTED_EDGE('',*,*,#1239,.F.);
#575=ORIENTED_EDGE('',*,*,#1240,.F.);
#576=ORIENTED_EDGE('',*,*,#1241,.F.);
#577=ORIENTED_EDGE('',*,*,#1242,.F.);
#578=ORIENTED_EDGE('',*,*,#1214,.F.);
#579=ORIENTED_EDGE('',*,*,#1243,.T.);
#580=ORIENTED_EDGE('',*,*,#1244,.F.);
#581=ORIENTED_EDGE('',*,*,#1245,.T.);
#582=ORIENTED_EDGE('',*,*,#1246,.T.);
#583=ORIENTED_EDGE('',*,*,#1247,.T.);
#584=ORIENTED_EDGE('',*,*,#1248,.T.);
#585=ORIENTED_EDGE('',*,*,#1249,.T.);
#586=ORIENTED_EDGE('',*,*,#1250,.T.);
#587=ORIENTED_EDGE('',*,*,#1251,.T.);
#588=ORIENTED_EDGE('',*,*,#1252,.T.);
#589=ORIENTED_EDGE('',*,*,#1253,.T.);
#590=ORIENTED_EDGE('',*,*,#1212,.F.);
#591=ORIENTED_EDGE('',*,*,#1242,.T.);
#592=ORIENTED_EDGE('',*,*,#1254,.T.);
#593=ORIENTED_EDGE('',*,*,#1251,.F.);
#594=ORIENTED_EDGE('',*,*,#1211,.F.);
#595=ORIENTED_EDGE('',*,*,#1244,.T.);
#596=ORIENTED_EDGE('',*,*,#1255,.T.);
#597=ORIENTED_EDGE('',*,*,#1252,.F.);
#598=ORIENTED_EDGE('',*,*,#1254,.F.);
#599=ORIENTED_EDGE('',*,*,#1243,.F.);
#600=ORIENTED_EDGE('',*,*,#1213,.F.);
#601=ORIENTED_EDGE('',*,*,#1253,.F.);
#602=ORIENTED_EDGE('',*,*,#1255,.F.);
#603=ORIENTED_EDGE('',*,*,#1241,.T.);
#604=ORIENTED_EDGE('',*,*,#1250,.F.);
#605=ORIENTED_EDGE('',*,*,#1240,.T.);
#606=ORIENTED_EDGE('',*,*,#1249,.F.);
#607=ORIENTED_EDGE('',*,*,#1239,.T.);
#608=ORIENTED_EDGE('',*,*,#1248,.F.);
#609=ORIENTED_EDGE('',*,*,#1238,.T.);
#610=ORIENTED_EDGE('',*,*,#1247,.F.);
#611=ORIENTED_EDGE('',*,*,#1237,.T.);
#612=ORIENTED_EDGE('',*,*,#1246,.F.);
#613=ORIENTED_EDGE('',*,*,#1236,.T.);
#614=ORIENTED_EDGE('',*,*,#1245,.F.);
#615=ORIENTED_EDGE('',*,*,#1203,.T.);
#616=ORIENTED_EDGE('',*,*,#1256,.T.);
#617=ORIENTED_EDGE('',*,*,#1257,.F.);
#618=ORIENTED_EDGE('',*,*,#1256,.F.);
#619=ORIENTED_EDGE('',*,*,#1258,.T.);
#620=ORIENTED_EDGE('',*,*,#1215,.F.);
#621=ORIENTED_EDGE('',*,*,#1257,.T.);
#622=ORIENTED_EDGE('',*,*,#1258,.F.);
#623=ORIENTED_EDGE('',*,*,#1259,.T.);
#624=ORIENTED_EDGE('',*,*,#1260,.T.);
#625=ORIENTED_EDGE('',*,*,#1259,.F.);
#626=ORIENTED_EDGE('',*,*,#1260,.F.);
#627=ORIENTED_EDGE('',*,*,#1261,.T.);
#628=ORIENTED_EDGE('',*,*,#1262,.T.);
#629=ORIENTED_EDGE('',*,*,#1263,.T.);
#630=ORIENTED_EDGE('',*,*,#1264,.F.);
#631=ORIENTED_EDGE('',*,*,#1265,.F.);
#632=ORIENTED_EDGE('',*,*,#1263,.F.);
#633=ORIENTED_EDGE('',*,*,#1266,.T.);
#634=ORIENTED_EDGE('',*,*,#1267,.T.);
#635=ORIENTED_EDGE('',*,*,#1268,.T.);
#636=ORIENTED_EDGE('',*,*,#1269,.F.);
#637=ORIENTED_EDGE('',*,*,#1270,.F.);
#638=ORIENTED_EDGE('',*,*,#1268,.F.);
#639=ORIENTED_EDGE('',*,*,#1271,.T.);
#640=ORIENTED_EDGE('',*,*,#1272,.T.);
#641=ORIENTED_EDGE('',*,*,#1273,.T.);
#642=ORIENTED_EDGE('',*,*,#1274,.F.);
#643=ORIENTED_EDGE('',*,*,#1275,.F.);
#644=ORIENTED_EDGE('',*,*,#1273,.F.);
#645=ORIENTED_EDGE('',*,*,#1276,.T.);
#646=ORIENTED_EDGE('',*,*,#1277,.T.);
#647=ORIENTED_EDGE('',*,*,#1278,.T.);
#648=ORIENTED_EDGE('',*,*,#1279,.F.);
#649=ORIENTED_EDGE('',*,*,#1280,.F.);
#650=ORIENTED_EDGE('',*,*,#1278,.F.);
#651=ORIENTED_EDGE('',*,*,#1281,.T.);
#652=ORIENTED_EDGE('',*,*,#1282,.T.);
#653=ORIENTED_EDGE('',*,*,#1283,.T.);
#654=ORIENTED_EDGE('',*,*,#1284,.F.);
#655=ORIENTED_EDGE('',*,*,#1285,.F.);
#656=ORIENTED_EDGE('',*,*,#1283,.F.);
#657=ORIENTED_EDGE('',*,*,#1286,.T.);
#658=ORIENTED_EDGE('',*,*,#1287,.T.);
#659=ORIENTED_EDGE('',*,*,#1288,.T.);
#660=ORIENTED_EDGE('',*,*,#1289,.F.);
#661=ORIENTED_EDGE('',*,*,#1290,.F.);
#662=ORIENTED_EDGE('',*,*,#1288,.F.);
#663=ORIENTED_EDGE('',*,*,#1291,.T.);
#664=ORIENTED_EDGE('',*,*,#1292,.T.);
#665=ORIENTED_EDGE('',*,*,#1293,.T.);
#666=ORIENTED_EDGE('',*,*,#1294,.F.);
#667=ORIENTED_EDGE('',*,*,#1295,.F.);
#668=ORIENTED_EDGE('',*,*,#1293,.F.);
#669=ORIENTED_EDGE('',*,*,#1296,.T.);
#670=ORIENTED_EDGE('',*,*,#1297,.T.);
#671=ORIENTED_EDGE('',*,*,#1298,.T.);
#672=ORIENTED_EDGE('',*,*,#1299,.F.);
#673=ORIENTED_EDGE('',*,*,#1300,.F.);
#674=ORIENTED_EDGE('',*,*,#1298,.F.);
#675=ORIENTED_EDGE('',*,*,#1301,.T.);
#676=ORIENTED_EDGE('',*,*,#1302,.T.);
#677=ORIENTED_EDGE('',*,*,#1303,.T.);
#678=ORIENTED_EDGE('',*,*,#1304,.F.);
#679=ORIENTED_EDGE('',*,*,#1305,.F.);
#680=ORIENTED_EDGE('',*,*,#1303,.F.);
#681=ORIENTED_EDGE('',*,*,#1306,.T.);
#682=ORIENTED_EDGE('',*,*,#1307,.T.);
#683=ORIENTED_EDGE('',*,*,#1308,.T.);
#684=ORIENTED_EDGE('',*,*,#1309,.F.);
#685=ORIENTED_EDGE('',*,*,#1310,.F.);
#686=ORIENTED_EDGE('',*,*,#1308,.F.);
#687=ORIENTED_EDGE('',*,*,#1311,.T.);
#688=ORIENTED_EDGE('',*,*,#1312,.T.);
#689=ORIENTED_EDGE('',*,*,#1313,.T.);
#690=ORIENTED_EDGE('',*,*,#1314,.F.);
#691=ORIENTED_EDGE('',*,*,#1315,.F.);
#692=ORIENTED_EDGE('',*,*,#1313,.F.);
#693=ORIENTED_EDGE('',*,*,#1316,.T.);
#694=ORIENTED_EDGE('',*,*,#1317,.T.);
#695=ORIENTED_EDGE('',*,*,#1318,.T.);
#696=ORIENTED_EDGE('',*,*,#1319,.F.);
#697=ORIENTED_EDGE('',*,*,#1320,.F.);
#698=ORIENTED_EDGE('',*,*,#1318,.F.);
#699=ORIENTED_EDGE('',*,*,#1321,.T.);
#700=ORIENTED_EDGE('',*,*,#1322,.T.);
#701=ORIENTED_EDGE('',*,*,#1323,.T.);
#702=ORIENTED_EDGE('',*,*,#1324,.F.);
#703=ORIENTED_EDGE('',*,*,#1325,.F.);
#704=ORIENTED_EDGE('',*,*,#1323,.F.);
#705=ORIENTED_EDGE('',*,*,#1326,.T.);
#706=ORIENTED_EDGE('',*,*,#1327,.T.);
#707=ORIENTED_EDGE('',*,*,#1328,.T.);
#708=ORIENTED_EDGE('',*,*,#1329,.F.);
#709=ORIENTED_EDGE('',*,*,#1330,.F.);
#710=ORIENTED_EDGE('',*,*,#1328,.F.);
#711=ORIENTED_EDGE('',*,*,#1331,.T.);
#712=ORIENTED_EDGE('',*,*,#1332,.T.);
#713=ORIENTED_EDGE('',*,*,#1333,.T.);
#714=ORIENTED_EDGE('',*,*,#1334,.F.);
#715=ORIENTED_EDGE('',*,*,#1335,.F.);
#716=ORIENTED_EDGE('',*,*,#1333,.F.);
#717=ORIENTED_EDGE('',*,*,#1336,.T.);
#718=ORIENTED_EDGE('',*,*,#1337,.T.);
#719=ORIENTED_EDGE('',*,*,#1338,.T.);
#720=ORIENTED_EDGE('',*,*,#1339,.F.);
#721=ORIENTED_EDGE('',*,*,#1340,.F.);
#722=ORIENTED_EDGE('',*,*,#1338,.F.);
#723=ORIENTED_EDGE('',*,*,#1341,.T.);
#724=ORIENTED_EDGE('',*,*,#1342,.T.);
#725=ORIENTED_EDGE('',*,*,#1343,.T.);
#726=ORIENTED_EDGE('',*,*,#1344,.F.);
#727=ORIENTED_EDGE('',*,*,#1345,.F.);
#728=ORIENTED_EDGE('',*,*,#1343,.F.);
#729=ORIENTED_EDGE('',*,*,#1346,.T.);
#730=ORIENTED_EDGE('',*,*,#1347,.T.);
#731=ORIENTED_EDGE('',*,*,#1348,.T.);
#732=ORIENTED_EDGE('',*,*,#1349,.F.);
#733=ORIENTED_EDGE('',*,*,#1350,.F.);
#734=ORIENTED_EDGE('',*,*,#1348,.F.);
#735=ORIENTED_EDGE('',*,*,#1351,.T.);
#736=ORIENTED_EDGE('',*,*,#1352,.T.);
#737=ORIENTED_EDGE('',*,*,#1353,.T.);
#738=ORIENTED_EDGE('',*,*,#1354,.F.);
#739=ORIENTED_EDGE('',*,*,#1355,.F.);
#740=ORIENTED_EDGE('',*,*,#1353,.F.);
#741=ORIENTED_EDGE('',*,*,#1356,.T.);
#742=ORIENTED_EDGE('',*,*,#1261,.F.);
#743=ORIENTED_EDGE('',*,*,#1357,.T.);
#744=ORIENTED_EDGE('',*,*,#1358,.F.);
#745=ORIENTED_EDGE('',*,*,#1359,.T.);
#746=ORIENTED_EDGE('',*,*,#1354,.T.);
#747=ORIENTED_EDGE('',*,*,#1360,.T.);
#748=ORIENTED_EDGE('',*,*,#1349,.T.);
#749=ORIENTED_EDGE('',*,*,#1361,.T.);
#750=ORIENTED_EDGE('',*,*,#1344,.T.);
#751=ORIENTED_EDGE('',*,*,#1362,.T.);
#752=ORIENTED_EDGE('',*,*,#1339,.T.);
#753=ORIENTED_EDGE('',*,*,#1363,.T.);
#754=ORIENTED_EDGE('',*,*,#1334,.T.);
#755=ORIENTED_EDGE('',*,*,#1364,.T.);
#756=ORIENTED_EDGE('',*,*,#1329,.T.);
#757=ORIENTED_EDGE('',*,*,#1365,.T.);
#758=ORIENTED_EDGE('',*,*,#1324,.T.);
#759=ORIENTED_EDGE('',*,*,#1366,.T.);
#760=ORIENTED_EDGE('',*,*,#1319,.T.);
#761=ORIENTED_EDGE('',*,*,#1367,.T.);
#762=ORIENTED_EDGE('',*,*,#1314,.T.);
#763=ORIENTED_EDGE('',*,*,#1368,.T.);
#764=ORIENTED_EDGE('',*,*,#1309,.T.);
#765=ORIENTED_EDGE('',*,*,#1369,.T.);
#766=ORIENTED_EDGE('',*,*,#1304,.T.);
#767=ORIENTED_EDGE('',*,*,#1370,.T.);
#768=ORIENTED_EDGE('',*,*,#1299,.T.);
#769=ORIENTED_EDGE('',*,*,#1371,.T.);
#770=ORIENTED_EDGE('',*,*,#1294,.T.);
#771=ORIENTED_EDGE('',*,*,#1372,.T.);
#772=ORIENTED_EDGE('',*,*,#1289,.T.);
#773=ORIENTED_EDGE('',*,*,#1373,.T.);
#774=ORIENTED_EDGE('',*,*,#1284,.T.);
#775=ORIENTED_EDGE('',*,*,#1374,.T.);
#776=ORIENTED_EDGE('',*,*,#1279,.T.);
#777=ORIENTED_EDGE('',*,*,#1375,.T.);
#778=ORIENTED_EDGE('',*,*,#1274,.T.);
#779=ORIENTED_EDGE('',*,*,#1376,.T.);
#780=ORIENTED_EDGE('',*,*,#1269,.T.);
#781=ORIENTED_EDGE('',*,*,#1377,.T.);
#782=ORIENTED_EDGE('',*,*,#1264,.T.);
#783=ORIENTED_EDGE('',*,*,#1378,.T.);
#784=ORIENTED_EDGE('',*,*,#1358,.T.);
#785=ORIENTED_EDGE('',*,*,#1357,.F.);
#786=ORIENTED_EDGE('',*,*,#1379,.F.);
#787=ORIENTED_EDGE('',*,*,#1380,.F.);
#788=ORIENTED_EDGE('',*,*,#1381,.T.);
#789=ORIENTED_EDGE('',*,*,#1382,.T.);
#790=ORIENTED_EDGE('',*,*,#1380,.T.);
#791=ORIENTED_EDGE('',*,*,#1381,.F.);
#792=ORIENTED_EDGE('',*,*,#1382,.F.);
#793=ORIENTED_EDGE('',*,*,#1379,.T.);
#794=ORIENTED_EDGE('',*,*,#1378,.F.);
#795=ORIENTED_EDGE('',*,*,#1266,.F.);
#796=ORIENTED_EDGE('',*,*,#1262,.F.);
#797=ORIENTED_EDGE('',*,*,#1265,.T.);
#798=ORIENTED_EDGE('',*,*,#1377,.F.);
#799=ORIENTED_EDGE('',*,*,#1271,.F.);
#800=ORIENTED_EDGE('',*,*,#1267,.F.);
#801=ORIENTED_EDGE('',*,*,#1270,.T.);
#802=ORIENTED_EDGE('',*,*,#1376,.F.);
#803=ORIENTED_EDGE('',*,*,#1276,.F.);
#804=ORIENTED_EDGE('',*,*,#1272,.F.);
#805=ORIENTED_EDGE('',*,*,#1275,.T.);
#806=ORIENTED_EDGE('',*,*,#1375,.F.);
#807=ORIENTED_EDGE('',*,*,#1281,.F.);
#808=ORIENTED_EDGE('',*,*,#1277,.F.);
#809=ORIENTED_EDGE('',*,*,#1280,.T.);
#810=ORIENTED_EDGE('',*,*,#1374,.F.);
#811=ORIENTED_EDGE('',*,*,#1286,.F.);
#812=ORIENTED_EDGE('',*,*,#1282,.F.);
#813=ORIENTED_EDGE('',*,*,#1285,.T.);
#814=ORIENTED_EDGE('',*,*,#1373,.F.);
#815=ORIENTED_EDGE('',*,*,#1291,.F.);
#816=ORIENTED_EDGE('',*,*,#1287,.F.);
#817=ORIENTED_EDGE('',*,*,#1290,.T.);
#818=ORIENTED_EDGE('',*,*,#1372,.F.);
#819=ORIENTED_EDGE('',*,*,#1296,.F.);
#820=ORIENTED_EDGE('',*,*,#1292,.F.);
#821=ORIENTED_EDGE('',*,*,#1295,.T.);
#822=ORIENTED_EDGE('',*,*,#1371,.F.);
#823=ORIENTED_EDGE('',*,*,#1301,.F.);
#824=ORIENTED_EDGE('',*,*,#1297,.F.);
#825=ORIENTED_EDGE('',*,*,#1300,.T.);
#826=ORIENTED_EDGE('',*,*,#1370,.F.);
#827=ORIENTED_EDGE('',*,*,#1306,.F.);
#828=ORIENTED_EDGE('',*,*,#1302,.F.);
#829=ORIENTED_EDGE('',*,*,#1305,.T.);
#830=ORIENTED_EDGE('',*,*,#1369,.F.);
#831=ORIENTED_EDGE('',*,*,#1311,.F.);
#832=ORIENTED_EDGE('',*,*,#1307,.F.);
#833=ORIENTED_EDGE('',*,*,#1310,.T.);
#834=ORIENTED_EDGE('',*,*,#1368,.F.);
#835=ORIENTED_EDGE('',*,*,#1316,.F.);
#836=ORIENTED_EDGE('',*,*,#1312,.F.);
#837=ORIENTED_EDGE('',*,*,#1315,.T.);
#838=ORIENTED_EDGE('',*,*,#1367,.F.);
#839=ORIENTED_EDGE('',*,*,#1321,.F.);
#840=ORIENTED_EDGE('',*,*,#1317,.F.);
#841=ORIENTED_EDGE('',*,*,#1320,.T.);
#842=ORIENTED_EDGE('',*,*,#1366,.F.);
#843=ORIENTED_EDGE('',*,*,#1326,.F.);
#844=ORIENTED_EDGE('',*,*,#1322,.F.);
#845=ORIENTED_EDGE('',*,*,#1325,.T.);
#846=ORIENTED_EDGE('',*,*,#1365,.F.);
#847=ORIENTED_EDGE('',*,*,#1331,.F.);
#848=ORIENTED_EDGE('',*,*,#1327,.F.);
#849=ORIENTED_EDGE('',*,*,#1330,.T.);
#850=ORIENTED_EDGE('',*,*,#1364,.F.);
#851=ORIENTED_EDGE('',*,*,#1336,.F.);
#852=ORIENTED_EDGE('',*,*,#1332,.F.);
#853=ORIENTED_EDGE('',*,*,#1335,.T.);
#854=ORIENTED_EDGE('',*,*,#1363,.F.);
#855=ORIENTED_EDGE('',*,*,#1341,.F.);
#856=ORIENTED_EDGE('',*,*,#1337,.F.);
#857=ORIENTED_EDGE('',*,*,#1340,.T.);
#858=ORIENTED_EDGE('',*,*,#1362,.F.);
#859=ORIENTED_EDGE('',*,*,#1346,.F.);
#860=ORIENTED_EDGE('',*,*,#1342,.F.);
#861=ORIENTED_EDGE('',*,*,#1345,.T.);
#862=ORIENTED_EDGE('',*,*,#1361,.F.);
#863=ORIENTED_EDGE('',*,*,#1351,.F.);
#864=ORIENTED_EDGE('',*,*,#1347,.F.);
#865=ORIENTED_EDGE('',*,*,#1350,.T.);
#866=ORIENTED_EDGE('',*,*,#1360,.F.);
#867=ORIENTED_EDGE('',*,*,#1356,.F.);
#868=ORIENTED_EDGE('',*,*,#1352,.F.);
#869=ORIENTED_EDGE('',*,*,#1355,.T.);
#870=ORIENTED_EDGE('',*,*,#1359,.F.);
#871=ORIENTED_EDGE('',*,*,#1383,.T.);
#872=ORIENTED_EDGE('',*,*,#1383,.F.);
#873=ORIENTED_EDGE('',*,*,#1384,.T.);
#874=ORIENTED_EDGE('',*,*,#1385,.T.);
#875=ORIENTED_EDGE('',*,*,#1386,.F.);
#876=ORIENTED_EDGE('',*,*,#1387,.F.);
#877=ORIENTED_EDGE('',*,*,#1388,.F.);
#878=ORIENTED_EDGE('',*,*,#1389,.F.);
#879=ORIENTED_EDGE('',*,*,#1385,.F.);
#880=ORIENTED_EDGE('',*,*,#1390,.F.);
#881=ORIENTED_EDGE('',*,*,#1391,.T.);
#882=ORIENTED_EDGE('',*,*,#1392,.T.);
#883=ORIENTED_EDGE('',*,*,#1393,.T.);
#884=ORIENTED_EDGE('',*,*,#1394,.T.);
#885=ORIENTED_EDGE('',*,*,#1395,.T.);
#886=ORIENTED_EDGE('',*,*,#1390,.T.);
#887=ORIENTED_EDGE('',*,*,#1384,.F.);
#888=ORIENTED_EDGE('',*,*,#1392,.F.);
#889=ORIENTED_EDGE('',*,*,#1396,.T.);
#890=ORIENTED_EDGE('',*,*,#1397,.T.);
#891=ORIENTED_EDGE('',*,*,#1398,.F.);
#892=ORIENTED_EDGE('',*,*,#1399,.T.);
#893=ORIENTED_EDGE('',*,*,#1400,.T.);
#894=ORIENTED_EDGE('',*,*,#1399,.F.);
#895=ORIENTED_EDGE('',*,*,#1401,.F.);
#896=ORIENTED_EDGE('',*,*,#1402,.T.);
#897=ORIENTED_EDGE('',*,*,#1403,.T.);
#898=ORIENTED_EDGE('',*,*,#1404,.F.);
#899=ORIENTED_EDGE('',*,*,#1402,.F.);
#900=ORIENTED_EDGE('',*,*,#1405,.T.);
#901=ORIENTED_EDGE('',*,*,#1406,.F.);
#902=ORIENTED_EDGE('',*,*,#1407,.T.);
#903=ORIENTED_EDGE('',*,*,#1408,.F.);
#904=ORIENTED_EDGE('',*,*,#1409,.T.);
#905=ORIENTED_EDGE('',*,*,#1410,.T.);
#906=ORIENTED_EDGE('',*,*,#1407,.F.);
#907=ORIENTED_EDGE('',*,*,#1411,.F.);
#908=ORIENTED_EDGE('',*,*,#1412,.T.);
#909=ORIENTED_EDGE('',*,*,#1413,.T.);
#910=ORIENTED_EDGE('',*,*,#1414,.F.);
#911=ORIENTED_EDGE('',*,*,#1415,.F.);
#912=ORIENTED_EDGE('',*,*,#1416,.T.);
#913=ORIENTED_EDGE('',*,*,#1412,.F.);
#914=ORIENTED_EDGE('',*,*,#1417,.F.);
#915=ORIENTED_EDGE('',*,*,#1393,.F.);
#916=ORIENTED_EDGE('',*,*,#1418,.T.);
#917=ORIENTED_EDGE('',*,*,#1419,.F.);
#918=ORIENTED_EDGE('',*,*,#1397,.F.);
#919=ORIENTED_EDGE('',*,*,#1420,.T.);
#920=ORIENTED_EDGE('',*,*,#1421,.F.);
#921=ORIENTED_EDGE('',*,*,#1422,.T.);
#922=ORIENTED_EDGE('',*,*,#1423,.F.);
#923=ORIENTED_EDGE('',*,*,#1415,.T.);
#924=ORIENTED_EDGE('',*,*,#1424,.T.);
#925=ORIENTED_EDGE('',*,*,#1425,.T.);
#926=ORIENTED_EDGE('',*,*,#1388,.T.);
#927=ORIENTED_EDGE('',*,*,#1426,.F.);
#928=ORIENTED_EDGE('',*,*,#1427,.F.);
#929=ORIENTED_EDGE('',*,*,#1426,.T.);
#930=ORIENTED_EDGE('',*,*,#1387,.T.);
#931=ORIENTED_EDGE('',*,*,#1428,.F.);
#932=ORIENTED_EDGE('',*,*,#1429,.F.);
#933=ORIENTED_EDGE('',*,*,#1428,.T.);
#934=ORIENTED_EDGE('',*,*,#1386,.T.);
#935=ORIENTED_EDGE('',*,*,#1430,.F.);
#936=ORIENTED_EDGE('',*,*,#1431,.F.);
#937=ORIENTED_EDGE('',*,*,#1430,.T.);
#938=ORIENTED_EDGE('',*,*,#1389,.T.);
#939=ORIENTED_EDGE('',*,*,#1425,.F.);
#940=ORIENTED_EDGE('',*,*,#1432,.F.);
#941=ORIENTED_EDGE('',*,*,#1433,.F.);
#942=ORIENTED_EDGE('',*,*,#1394,.F.);
#943=ORIENTED_EDGE('',*,*,#1434,.F.);
#944=ORIENTED_EDGE('',*,*,#1435,.F.);
#945=ORIENTED_EDGE('',*,*,#1436,.F.);
#946=ORIENTED_EDGE('',*,*,#1437,.T.);
#947=ORIENTED_EDGE('',*,*,#1434,.T.);
#948=ORIENTED_EDGE('',*,*,#1417,.T.);
#949=ORIENTED_EDGE('',*,*,#1438,.F.);
#950=ORIENTED_EDGE('',*,*,#1439,.T.);
#951=ORIENTED_EDGE('',*,*,#1440,.T.);
#952=ORIENTED_EDGE('',*,*,#1396,.F.);
#953=ORIENTED_EDGE('',*,*,#1391,.F.);
#954=ORIENTED_EDGE('',*,*,#1395,.F.);
#955=ORIENTED_EDGE('',*,*,#1441,.F.);
#956=ORIENTED_EDGE('',*,*,#1436,.T.);
#957=ORIENTED_EDGE('',*,*,#1442,.T.);
#958=ORIENTED_EDGE('',*,*,#1420,.F.);
#959=ORIENTED_EDGE('',*,*,#1400,.F.);
#960=ORIENTED_EDGE('',*,*,#1403,.F.);
#961=ORIENTED_EDGE('',*,*,#1404,.T.);
#962=ORIENTED_EDGE('',*,*,#1443,.F.);
#963=ORIENTED_EDGE('',*,*,#1439,.F.);
#964=ORIENTED_EDGE('',*,*,#1444,.F.);
#965=ORIENTED_EDGE('',*,*,#1445,.T.);
#966=ORIENTED_EDGE('',*,*,#1446,.T.);
#967=ORIENTED_EDGE('',*,*,#1447,.F.);
#968=ORIENTED_EDGE('',*,*,#1448,.T.);
#969=ORIENTED_EDGE('',*,*,#1443,.T.);
#970=ORIENTED_EDGE('',*,*,#1406,.T.);
#971=ORIENTED_EDGE('',*,*,#1449,.F.);
#972=ORIENTED_EDGE('',*,*,#1450,.T.);
#973=ORIENTED_EDGE('',*,*,#1408,.T.);
#974=ORIENTED_EDGE('',*,*,#1413,.F.);
#975=ORIENTED_EDGE('',*,*,#1416,.F.);
#976=ORIENTED_EDGE('',*,*,#1423,.T.);
#977=ORIENTED_EDGE('',*,*,#1451,.T.);
#978=ORIENTED_EDGE('',*,*,#1445,.F.);
#979=ORIENTED_EDGE('',*,*,#1447,.T.);
#980=ORIENTED_EDGE('',*,*,#1405,.F.);
#981=ORIENTED_EDGE('',*,*,#1401,.T.);
#982=ORIENTED_EDGE('',*,*,#1398,.T.);
#983=ORIENTED_EDGE('',*,*,#1419,.T.);
#984=ORIENTED_EDGE('',*,*,#1452,.F.);
#985=ORIENTED_EDGE('',*,*,#1453,.F.);
#986=ORIENTED_EDGE('',*,*,#1454,.T.);
#987=ORIENTED_EDGE('',*,*,#1409,.F.);
#988=ORIENTED_EDGE('',*,*,#1450,.F.);
#989=ORIENTED_EDGE('',*,*,#1455,.F.);
#990=ORIENTED_EDGE('',*,*,#1456,.T.);
#991=ORIENTED_EDGE('',*,*,#1457,.T.);
#992=ORIENTED_EDGE('',*,*,#1458,.F.);
#993=ORIENTED_EDGE('',*,*,#1424,.F.);
#994=ORIENTED_EDGE('',*,*,#1414,.T.);
#995=ORIENTED_EDGE('',*,*,#1411,.T.);
#996=ORIENTED_EDGE('',*,*,#1410,.F.);
#997=ORIENTED_EDGE('',*,*,#1456,.F.);
#998=ORIENTED_EDGE('',*,*,#1459,.T.);
#999=ORIENTED_EDGE('',*,*,#1457,.F.);
#1000=ORIENTED_EDGE('',*,*,#1460,.F.);
#1001=ORIENTED_EDGE('',*,*,#1461,.T.);
#1002=ORIENTED_EDGE('',*,*,#1462,.T.);
#1003=ORIENTED_EDGE('',*,*,#1462,.F.);
#1004=ORIENTED_EDGE('',*,*,#1463,.T.);
#1005=ORIENTED_EDGE('',*,*,#1464,.T.);
#1006=ORIENTED_EDGE('',*,*,#1452,.T.);
#1007=ORIENTED_EDGE('',*,*,#1421,.T.);
#1008=ORIENTED_EDGE('',*,*,#1442,.F.);
#1009=ORIENTED_EDGE('',*,*,#1435,.T.);
#1010=ORIENTED_EDGE('',*,*,#1418,.F.);
#1011=ORIENTED_EDGE('',*,*,#1440,.F.);
#1012=ORIENTED_EDGE('',*,*,#1446,.F.);
#1013=ORIENTED_EDGE('',*,*,#1451,.F.);
#1014=ORIENTED_EDGE('',*,*,#1422,.F.);
#1015=ORIENTED_EDGE('',*,*,#1458,.T.);
#1016=ORIENTED_EDGE('',*,*,#1432,.T.);
#1017=ORIENTED_EDGE('',*,*,#1427,.T.);
#1018=ORIENTED_EDGE('',*,*,#1429,.T.);
#1019=ORIENTED_EDGE('',*,*,#1431,.T.);
#1020=ORIENTED_EDGE('',*,*,#1464,.F.);
#1021=ORIENTED_EDGE('',*,*,#1465,.F.);
#1022=ORIENTED_EDGE('',*,*,#1466,.T.);
#1023=ORIENTED_EDGE('',*,*,#1453,.T.);
#1024=ORIENTED_EDGE('',*,*,#1460,.T.);
#1025=ORIENTED_EDGE('',*,*,#1459,.F.);
#1026=ORIENTED_EDGE('',*,*,#1455,.T.);
#1027=ORIENTED_EDGE('',*,*,#1449,.T.);
#1028=ORIENTED_EDGE('',*,*,#1444,.T.);
#1029=ORIENTED_EDGE('',*,*,#1438,.T.);
#1030=ORIENTED_EDGE('',*,*,#1433,.T.);
#1031=ORIENTED_EDGE('',*,*,#1437,.F.);
#1032=ORIENTED_EDGE('',*,*,#1441,.T.);
#1033=ORIENTED_EDGE('',*,*,#1448,.F.);
#1034=ORIENTED_EDGE('',*,*,#1454,.F.);
#1035=ORIENTED_EDGE('',*,*,#1466,.F.);
#1036=ORIENTED_EDGE('',*,*,#1467,.F.);
#1037=ORIENTED_EDGE('',*,*,#1465,.T.);
#1038=ORIENTED_EDGE('',*,*,#1463,.F.);
#1039=ORIENTED_EDGE('',*,*,#1461,.F.);
#1040=ORIENTED_EDGE('',*,*,#1467,.T.);
#1041=ORIENTED_EDGE('',*,*,#1468,.F.);
#1042=ORIENTED_EDGE('',*,*,#1469,.F.);
#1043=ORIENTED_EDGE('',*,*,#1470,.T.);
#1044=ORIENTED_EDGE('',*,*,#1471,.T.);
#1045=ORIENTED_EDGE('',*,*,#1472,.F.);
#1046=ORIENTED_EDGE('',*,*,#1473,.T.);
#1047=ORIENTED_EDGE('',*,*,#1474,.T.);
#1048=ORIENTED_EDGE('',*,*,#1475,.T.);
#1049=ORIENTED_EDGE('',*,*,#1476,.F.);
#1050=ORIENTED_EDGE('',*,*,#1477,.T.);
#1051=ORIENTED_EDGE('',*,*,#1478,.T.);
#1052=ORIENTED_EDGE('',*,*,#1479,.T.);
#1053=ORIENTED_EDGE('',*,*,#1480,.F.);
#1054=ORIENTED_EDGE('',*,*,#1481,.T.);
#1055=ORIENTED_EDGE('',*,*,#1482,.T.);
#1056=ORIENTED_EDGE('',*,*,#1483,.T.);
#1057=ORIENTED_EDGE('',*,*,#1484,.F.);
#1058=ORIENTED_EDGE('',*,*,#1485,.T.);
#1059=ORIENTED_EDGE('',*,*,#1472,.T.);
#1060=ORIENTED_EDGE('',*,*,#1486,.T.);
#1061=ORIENTED_EDGE('',*,*,#1487,.T.);
#1062=ORIENTED_EDGE('',*,*,#1488,.T.);
#1063=ORIENTED_EDGE('',*,*,#1489,.T.);
#1064=ORIENTED_EDGE('',*,*,#1490,.T.);
#1065=ORIENTED_EDGE('',*,*,#1491,.F.);
#1066=ORIENTED_EDGE('',*,*,#1475,.F.);
#1067=ORIENTED_EDGE('',*,*,#1492,.T.);
#1068=ORIENTED_EDGE('',*,*,#1493,.F.);
#1069=ORIENTED_EDGE('',*,*,#1483,.F.);
#1070=ORIENTED_EDGE('',*,*,#1494,.T.);
#1071=ORIENTED_EDGE('',*,*,#1495,.F.);
#1072=ORIENTED_EDGE('',*,*,#1496,.T.);
#1073=ORIENTED_EDGE('',*,*,#1497,.T.);
#1074=ORIENTED_EDGE('',*,*,#1498,.F.);
#1075=ORIENTED_EDGE('',*,*,#1499,.F.);
#1076=ORIENTED_EDGE('',*,*,#1500,.F.);
#1077=ORIENTED_EDGE('',*,*,#1501,.T.);
#1078=ORIENTED_EDGE('',*,*,#1502,.T.);
#1079=ORIENTED_EDGE('',*,*,#1503,.T.);
#1080=ORIENTED_EDGE('',*,*,#1504,.F.);
#1081=ORIENTED_EDGE('',*,*,#1505,.F.);
#1082=ORIENTED_EDGE('',*,*,#1500,.T.);
#1083=ORIENTED_EDGE('',*,*,#1506,.T.);
#1084=ORIENTED_EDGE('',*,*,#1507,.F.);
#1085=ORIENTED_EDGE('',*,*,#1508,.F.);
#1086=ORIENTED_EDGE('',*,*,#1504,.T.);
#1087=ORIENTED_EDGE('',*,*,#1487,.F.);
#1088=ORIENTED_EDGE('',*,*,#1509,.T.);
#1089=ORIENTED_EDGE('',*,*,#1510,.F.);
#1090=ORIENTED_EDGE('',*,*,#1509,.F.);
#1091=ORIENTED_EDGE('',*,*,#1501,.F.);
#1092=ORIENTED_EDGE('',*,*,#1505,.T.);
#1093=ORIENTED_EDGE('',*,*,#1508,.T.);
#1094=ORIENTED_EDGE('',*,*,#1511,.F.);
#1095=ORIENTED_EDGE('',*,*,#1510,.T.);
#1096=ORIENTED_EDGE('',*,*,#1512,.F.);
#1097=ORIENTED_EDGE('',*,*,#1513,.T.);
#1098=ORIENTED_EDGE('',*,*,#1514,.T.);
#1099=ORIENTED_EDGE('',*,*,#1515,.F.);
#1100=ORIENTED_EDGE('',*,*,#1516,.F.);
#1101=ORIENTED_EDGE('',*,*,#1506,.F.);
#1102=ORIENTED_EDGE('',*,*,#1503,.F.);
#1103=ORIENTED_EDGE('',*,*,#1499,.T.);
#1104=ORIENTED_EDGE('',*,*,#1517,.T.);
#1105=ORIENTED_EDGE('',*,*,#1518,.T.);
#1106=ORIENTED_EDGE('',*,*,#1480,.T.);
#1107=ORIENTED_EDGE('',*,*,#1519,.T.);
#1108=ORIENTED_EDGE('',*,*,#1512,.T.);
#1109=ORIENTED_EDGE('',*,*,#1502,.F.);
#1110=ORIENTED_EDGE('',*,*,#1511,.T.);
#1111=ORIENTED_EDGE('',*,*,#1507,.T.);
#1112=ORIENTED_EDGE('',*,*,#1516,.T.);
#1113=ORIENTED_EDGE('',*,*,#1520,.F.);
#1114=ORIENTED_EDGE('',*,*,#1521,.F.);
#1115=ORIENTED_EDGE('',*,*,#1522,.T.);
#1116=ORIENTED_EDGE('',*,*,#1496,.F.);
#1117=ORIENTED_EDGE('',*,*,#1523,.F.);
#1118=ORIENTED_EDGE('',*,*,#1524,.F.);
#1119=ORIENTED_EDGE('',*,*,#1525,.F.);
#1120=ORIENTED_EDGE('',*,*,#1526,.T.);
#1121=ORIENTED_EDGE('',*,*,#1470,.F.);
#1122=ORIENTED_EDGE('',*,*,#1527,.F.);
#1123=ORIENTED_EDGE('',*,*,#1528,.T.);
#1124=ORIENTED_EDGE('',*,*,#1489,.F.);
#1125=ORIENTED_EDGE('',*,*,#1529,.F.);
#1126=ORIENTED_EDGE('',*,*,#1530,.F.);
#1127=ORIENTED_EDGE('',*,*,#1520,.T.);
#1128=ORIENTED_EDGE('',*,*,#1515,.T.);
#1129=ORIENTED_EDGE('',*,*,#1497,.F.);
#1130=ORIENTED_EDGE('',*,*,#1522,.F.);
#1131=ORIENTED_EDGE('',*,*,#1531,.T.);
#1132=ORIENTED_EDGE('',*,*,#1532,.T.);
#1133=ORIENTED_EDGE('',*,*,#1533,.T.);
#1134=ORIENTED_EDGE('',*,*,#1498,.T.);
#1135=ORIENTED_EDGE('',*,*,#1532,.F.);
#1136=ORIENTED_EDGE('',*,*,#1534,.F.);
#1137=ORIENTED_EDGE('',*,*,#1529,.T.);
#1138=ORIENTED_EDGE('',*,*,#1531,.F.);
#1139=ORIENTED_EDGE('',*,*,#1521,.T.);
#1140=ORIENTED_EDGE('',*,*,#1530,.T.);
#1141=ORIENTED_EDGE('',*,*,#1534,.T.);
#1142=ORIENTED_EDGE('',*,*,#1492,.F.);
#1143=ORIENTED_EDGE('',*,*,#1474,.F.);
#1144=ORIENTED_EDGE('',*,*,#1535,.T.);
#1145=ORIENTED_EDGE('',*,*,#1536,.T.);
#1146=ORIENTED_EDGE('',*,*,#1537,.T.);
#1147=ORIENTED_EDGE('',*,*,#1493,.T.);
#1148=ORIENTED_EDGE('',*,*,#1536,.F.);
#1149=ORIENTED_EDGE('',*,*,#1538,.F.);
#1150=ORIENTED_EDGE('',*,*,#1484,.T.);
#1151=ORIENTED_EDGE('',*,*,#1535,.F.);
#1152=ORIENTED_EDGE('',*,*,#1473,.F.);
#1153=ORIENTED_EDGE('',*,*,#1485,.F.);
#1154=ORIENTED_EDGE('',*,*,#1538,.T.);
#1155=ORIENTED_EDGE('',*,*,#1495,.T.);
#1156=ORIENTED_EDGE('',*,*,#1539,.F.);
#1157=ORIENTED_EDGE('',*,*,#1540,.F.);
#1158=ORIENTED_EDGE('',*,*,#1523,.T.);
#1159=ORIENTED_EDGE('',*,*,#1541,.F.);
#1160=ORIENTED_EDGE('',*,*,#1494,.F.);
#1161=ORIENTED_EDGE('',*,*,#1482,.F.);
#1162=ORIENTED_EDGE('',*,*,#1542,.T.);
#1163=ORIENTED_EDGE('',*,*,#1539,.T.);
#1164=ORIENTED_EDGE('',*,*,#1524,.T.);
#1165=ORIENTED_EDGE('',*,*,#1540,.T.);
#1166=ORIENTED_EDGE('',*,*,#1542,.F.);
#1167=ORIENTED_EDGE('',*,*,#1481,.F.);
#1168=ORIENTED_EDGE('',*,*,#1491,.T.);
#1169=ORIENTED_EDGE('',*,*,#1543,.F.);
#1170=ORIENTED_EDGE('',*,*,#1544,.F.);
#1171=ORIENTED_EDGE('',*,*,#1476,.T.);
#1172=ORIENTED_EDGE('',*,*,#1545,.F.);
#1173=ORIENTED_EDGE('',*,*,#1490,.F.);
#1174=ORIENTED_EDGE('',*,*,#1528,.F.);
#1175=ORIENTED_EDGE('',*,*,#1546,.T.);
#1176=ORIENTED_EDGE('',*,*,#1543,.T.);
#1177=ORIENTED_EDGE('',*,*,#1477,.F.);
#1178=ORIENTED_EDGE('',*,*,#1544,.T.);
#1179=ORIENTED_EDGE('',*,*,#1546,.F.);
#1180=ORIENTED_EDGE('',*,*,#1527,.T.);
#1181=ORIENTED_EDGE('',*,*,#1545,.T.);
#1182=ORIENTED_EDGE('',*,*,#1468,.T.);
#1183=ORIENTED_EDGE('',*,*,#1541,.T.);
#1184=ORIENTED_EDGE('',*,*,#1517,.F.);
#1185=ORIENTED_EDGE('',*,*,#1469,.T.);
#1186=ORIENTED_EDGE('',*,*,#1537,.F.);
#1187=ORIENTED_EDGE('',*,*,#1533,.F.);
#1188=ORIENTED_EDGE('',*,*,#1518,.F.);
#1189=ORIENTED_EDGE('',*,*,#1514,.F.);
#1190=ORIENTED_EDGE('',*,*,#1547,.T.);
#1191=ORIENTED_EDGE('',*,*,#1478,.F.);
#1192=ORIENTED_EDGE('',*,*,#1548,.F.);
#1193=ORIENTED_EDGE('',*,*,#1525,.T.);
#1194=ORIENTED_EDGE('',*,*,#1488,.F.);
#1195=ORIENTED_EDGE('',*,*,#1519,.F.);
#1196=ORIENTED_EDGE('',*,*,#1479,.F.);
#1197=ORIENTED_EDGE('',*,*,#1547,.F.);
#1198=ORIENTED_EDGE('',*,*,#1513,.F.);
#1199=ORIENTED_EDGE('',*,*,#1526,.F.);
#1200=ORIENTED_EDGE('',*,*,#1548,.T.);
#1201=ORIENTED_EDGE('',*,*,#1486,.F.);
#1202=ORIENTED_EDGE('',*,*,#1471,.F.);
#1203=EDGE_CURVE('',#1549,#1549,#1795,.T.);
#1204=EDGE_CURVE('',#1550,#1550,#1796,.T.);
#1205=EDGE_CURVE('',#1551,#1551,#1797,.T.);
#1206=EDGE_CURVE('',#1552,#1552,#1798,.T.);
#1207=EDGE_CURVE('',#1553,#1554,#76,.T.);
#1208=EDGE_CURVE('',#1554,#1555,#1799,.T.);
#1209=EDGE_CURVE('',#1555,#1556,#77,.F.);
#1210=EDGE_CURVE('',#1556,#1553,#1800,.T.);
#1211=EDGE_CURVE('',#1557,#1558,#78,.T.);
#1212=EDGE_CURVE('',#1558,#1559,#1801,.T.);
#1213=EDGE_CURVE('',#1559,#1560,#79,.F.);
#1214=EDGE_CURVE('',#1560,#1557,#1802,.T.);
#1215=EDGE_CURVE('',#1561,#1561,#1803,.T.);
#1216=EDGE_CURVE('',#1562,#1562,#1804,.T.);
#1217=EDGE_CURVE('',#1563,#1563,#1805,.T.);
#1218=EDGE_CURVE('',#1564,#1564,#1806,.T.);
#1219=EDGE_CURVE('',#1565,#1565,#1807,.T.);
#1220=EDGE_CURVE('',#1566,#1566,#1808,.T.);
#1221=EDGE_CURVE('',#1567,#1567,#1809,.T.);
#1222=EDGE_CURVE('',#1568,#1556,#80,.T.);
#1223=EDGE_CURVE('',#1569,#1568,#1810,.T.);
#1224=EDGE_CURVE('',#1569,#1553,#81,.T.);
#1225=EDGE_CURVE('',#1570,#1570,#1811,.T.);
#1226=EDGE_CURVE('',#1571,#1571,#1812,.T.);
#1227=EDGE_CURVE('',#1572,#1572,#1813,.T.);
#1228=EDGE_CURVE('',#1573,#1573,#1814,.T.);
#1229=EDGE_CURVE('',#1574,#1574,#1815,.T.);
#1230=EDGE_CURVE('',#1575,#1575,#1816,.T.);
#1231=EDGE_CURVE('',#1576,#1555,#82,.T.);
#1232=EDGE_CURVE('',#1554,#1577,#83,.T.);
#1233=EDGE_CURVE('',#1577,#1576,#1817,.T.);
#1234=EDGE_CURVE('',#1568,#1576,#50,.F.);
#1235=EDGE_CURVE('',#1569,#1577,#51,.T.);
#1236=EDGE_CURVE('',#1578,#1578,#1818,.T.);
#1237=EDGE_CURVE('',#1579,#1579,#1819,.T.);
#1238=EDGE_CURVE('',#1580,#1580,#1820,.T.);
#1239=EDGE_CURVE('',#1581,#1581,#1821,.T.);
#1240=EDGE_CURVE('',#1582,#1582,#1822,.T.);
#1241=EDGE_CURVE('',#1583,#1583,#1823,.T.);
#1242=EDGE_CURVE('',#1557,#1584,#84,.T.);
#1243=EDGE_CURVE('',#1560,#1585,#85,.T.);
#1244=EDGE_CURVE('',#1584,#1585,#1824,.T.);
#1245=EDGE_CURVE('',#1586,#1586,#1825,.T.);
#1246=EDGE_CURVE('',#1587,#1587,#1826,.T.);
#1247=EDGE_CURVE('',#1588,#1588,#1827,.T.);
#1248=EDGE_CURVE('',#1589,#1589,#1828,.T.);
#1249=EDGE_CURVE('',#1590,#1590,#1829,.T.);
#1250=EDGE_CURVE('',#1591,#1591,#1830,.T.);
#1251=EDGE_CURVE('',#1558,#1592,#86,.T.);
#1252=EDGE_CURVE('',#1592,#1593,#1831,.T.);
#1253=EDGE_CURVE('',#1593,#1559,#87,.T.);
#1254=EDGE_CURVE('',#1584,#1592,#52,.T.);
#1255=EDGE_CURVE('',#1585,#1593,#53,.F.);
#1256=EDGE_CURVE('',#1594,#1594,#1832,.T.);
#1257=EDGE_CURVE('',#1595,#1595,#1833,.T.);
#1258=EDGE_CURVE('',#1596,#1596,#1834,.T.);
#1259=EDGE_CURVE('',#1597,#1597,#1835,.T.);
#1260=EDGE_CURVE('',#1598,#1598,#1836,.T.);
#1261=EDGE_CURVE('',#1599,#1599,#1837,.T.);
#1262=EDGE_CURVE('',#1600,#1601,#1838,.T.);
#1263=EDGE_CURVE('',#1601,#1600,#1839,.T.);
#1264=EDGE_CURVE('',#1602,#1603,#54,.T.);
#1265=EDGE_CURVE('',#1600,#1602,#88,.T.);
#1266=EDGE_CURVE('',#1601,#1603,#89,.T.);
#1267=EDGE_CURVE('',#1604,#1605,#1840,.T.);
#1268=EDGE_CURVE('',#1605,#1604,#1841,.T.);
#1269=EDGE_CURVE('',#1606,#1607,#55,.T.);
#1270=EDGE_CURVE('',#1604,#1606,#90,.T.);
#1271=EDGE_CURVE('',#1605,#1607,#91,.T.);
#1272=EDGE_CURVE('',#1608,#1609,#1842,.T.);
#1273=EDGE_CURVE('',#1609,#1608,#1843,.T.);
#1274=EDGE_CURVE('',#1610,#1611,#56,.T.);
#1275=EDGE_CURVE('',#1608,#1610,#92,.T.);
#1276=EDGE_CURVE('',#1609,#1611,#93,.T.);
#1277=EDGE_CURVE('',#1612,#1613,#1844,.T.);
#1278=EDGE_CURVE('',#1613,#1612,#1845,.T.);
#1279=EDGE_CURVE('',#1614,#1615,#57,.T.);
#1280=EDGE_CURVE('',#1612,#1614,#94,.T.);
#1281=EDGE_CURVE('',#1613,#1615,#95,.T.);
#1282=EDGE_CURVE('',#1616,#1617,#1846,.T.);
#1283=EDGE_CURVE('',#1617,#1616,#1847,.T.);
#1284=EDGE_CURVE('',#1618,#1619,#58,.T.);
#1285=EDGE_CURVE('',#1616,#1618,#96,.T.);
#1286=EDGE_CURVE('',#1617,#1619,#97,.T.);
#1287=EDGE_CURVE('',#1620,#1621,#1848,.T.);
#1288=EDGE_CURVE('',#1621,#1620,#1849,.T.);
#1289=EDGE_CURVE('',#1622,#1623,#59,.T.);
#1290=EDGE_CURVE('',#1620,#1622,#98,.T.);
#1291=EDGE_CURVE('',#1621,#1623,#99,.T.);
#1292=EDGE_CURVE('',#1624,#1625,#1850,.T.);
#1293=EDGE_CURVE('',#1625,#1624,#1851,.T.);
#1294=EDGE_CURVE('',#1626,#1627,#60,.T.);
#1295=EDGE_CURVE('',#1624,#1626,#100,.T.);
#1296=EDGE_CURVE('',#1625,#1627,#101,.T.);
#1297=EDGE_CURVE('',#1628,#1629,#1852,.T.);
#1298=EDGE_CURVE('',#1629,#1628,#1853,.T.);
#1299=EDGE_CURVE('',#1630,#1631,#61,.T.);
#1300=EDGE_CURVE('',#1628,#1630,#102,.T.);
#1301=EDGE_CURVE('',#1629,#1631,#103,.T.);
#1302=EDGE_CURVE('',#1632,#1633,#1854,.T.);
#1303=EDGE_CURVE('',#1633,#1632,#1855,.T.);
#1304=EDGE_CURVE('',#1634,#1635,#62,.T.);
#1305=EDGE_CURVE('',#1632,#1634,#104,.T.);
#1306=EDGE_CURVE('',#1633,#1635,#105,.T.);
#1307=EDGE_CURVE('',#1636,#1637,#1856,.T.);
#1308=EDGE_CURVE('',#1637,#1636,#1857,.T.);
#1309=EDGE_CURVE('',#1638,#1639,#63,.T.);
#1310=EDGE_CURVE('',#1636,#1638,#106,.T.);
#1311=EDGE_CURVE('',#1637,#1639,#107,.T.);
#1312=EDGE_CURVE('',#1640,#1641,#1858,.T.);
#1313=EDGE_CURVE('',#1641,#1640,#1859,.T.);
#1314=EDGE_CURVE('',#1642,#1643,#64,.T.);
#1315=EDGE_CURVE('',#1640,#1642,#108,.T.);
#1316=EDGE_CURVE('',#1641,#1643,#109,.T.);
#1317=EDGE_CURVE('',#1644,#1645,#1860,.T.);
#1318=EDGE_CURVE('',#1645,#1644,#1861,.T.);
#1319=EDGE_CURVE('',#1646,#1647,#65,.T.);
#1320=EDGE_CURVE('',#1644,#1646,#110,.T.);
#1321=EDGE_CURVE('',#1645,#1647,#111,.T.);
#1322=EDGE_CURVE('',#1648,#1649,#1862,.T.);
#1323=EDGE_CURVE('',#1649,#1648,#1863,.T.);
#1324=EDGE_CURVE('',#1650,#1651,#66,.T.);
#1325=EDGE_CURVE('',#1648,#1650,#112,.T.);
#1326=EDGE_CURVE('',#1649,#1651,#113,.T.);
#1327=EDGE_CURVE('',#1652,#1653,#1864,.T.);
#1328=EDGE_CURVE('',#1653,#1652,#1865,.T.);
#1329=EDGE_CURVE('',#1654,#1655,#67,.T.);
#1330=EDGE_CURVE('',#1652,#1654,#114,.T.);
#1331=EDGE_CURVE('',#1653,#1655,#115,.T.);
#1332=EDGE_CURVE('',#1656,#1657,#1866,.T.);
#1333=EDGE_CURVE('',#1657,#1656,#1867,.T.);
#1334=EDGE_CURVE('',#1658,#1659,#68,.T.);
#1335=EDGE_CURVE('',#1656,#1658,#116,.T.);
#1336=EDGE_CURVE('',#1657,#1659,#117,.T.);
#1337=EDGE_CURVE('',#1660,#1661,#1868,.T.);
#1338=EDGE_CURVE('',#1661,#1660,#1869,.T.);
#1339=EDGE_CURVE('',#1662,#1663,#69,.T.);
#1340=EDGE_CURVE('',#1660,#1662,#118,.T.);
#1341=EDGE_CURVE('',#1661,#1663,#119,.T.);
#1342=EDGE_CURVE('',#1664,#1665,#1870,.T.);
#1343=EDGE_CURVE('',#1665,#1664,#1871,.T.);
#1344=EDGE_CURVE('',#1666,#1667,#70,.T.);
#1345=EDGE_CURVE('',#1664,#1666,#120,.T.);
#1346=EDGE_CURVE('',#1665,#1667,#121,.T.);
#1347=EDGE_CURVE('',#1668,#1669,#1872,.T.);
#1348=EDGE_CURVE('',#1669,#1668,#1873,.T.);
#1349=EDGE_CURVE('',#1670,#1671,#71,.T.);
#1350=EDGE_CURVE('',#1668,#1670,#122,.T.);
#1351=EDGE_CURVE('',#1669,#1671,#123,.T.);
#1352=EDGE_CURVE('',#1672,#1673,#1874,.T.);
#1353=EDGE_CURVE('',#1673,#1672,#1875,.T.);
#1354=EDGE_CURVE('',#1674,#1675,#72,.T.);
#1355=EDGE_CURVE('',#1672,#1674,#124,.T.);
#1356=EDGE_CURVE('',#1673,#1675,#125,.T.);
#1357=EDGE_CURVE('',#1676,#1677,#73,.T.);
#1358=EDGE_CURVE('',#1678,#1677,#74,.T.);
#1359=EDGE_CURVE('',#1678,#1674,#1876,.T.);
#1360=EDGE_CURVE('',#1675,#1670,#1877,.T.);
#1361=EDGE_CURVE('',#1671,#1666,#1878,.T.);
#1362=EDGE_CURVE('',#1667,#1662,#1879,.T.);
#1363=EDGE_CURVE('',#1663,#1658,#1880,.T.);
#1364=EDGE_CURVE('',#1659,#1654,#1881,.T.);
#1365=EDGE_CURVE('',#1655,#1650,#1882,.T.);
#1366=EDGE_CURVE('',#1651,#1646,#1883,.T.);
#1367=EDGE_CURVE('',#1647,#1642,#1884,.T.);
#1368=EDGE_CURVE('',#1643,#1638,#1885,.T.);
#1369=EDGE_CURVE('',#1639,#1634,#1886,.T.);
#1370=EDGE_CURVE('',#1635,#1630,#1887,.T.);
#1371=EDGE_CURVE('',#1631,#1626,#1888,.T.);
#1372=EDGE_CURVE('',#1627,#1622,#1889,.T.);
#1373=EDGE_CURVE('',#1623,#1618,#1890,.T.);
#1374=EDGE_CURVE('',#1619,#1614,#1891,.T.);
#1375=EDGE_CURVE('',#1615,#1610,#1892,.T.);
#1376=EDGE_CURVE('',#1611,#1606,#1893,.T.);
#1377=EDGE_CURVE('',#1607,#1602,#1894,.T.);
#1378=EDGE_CURVE('',#1603,#1676,#1895,.T.);
#1379=EDGE_CURVE('',#1679,#1676,#126,.T.);
#1380=EDGE_CURVE('',#1680,#1679,#1896,.T.);
#1381=EDGE_CURVE('',#1680,#1678,#127,.T.);
#1382=EDGE_CURVE('',#1679,#1680,#1897,.T.);
#1383=EDGE_CURVE('',#1681,#1681,#1898,.T.);
#1384=EDGE_CURVE('',#1682,#1683,#1899,.T.);
#1385=EDGE_CURVE('',#1683,#1682,#1900,.T.);
#1386=EDGE_CURVE('',#1684,#1685,#128,.T.);
#1387=EDGE_CURVE('',#1686,#1684,#129,.T.);
#1388=EDGE_CURVE('',#1687,#1686,#130,.T.);
#1389=EDGE_CURVE('',#1685,#1687,#131,.T.);
#1390=EDGE_CURVE('',#1688,#1683,#132,.T.);
#1391=EDGE_CURVE('',#1688,#1689,#1901,.T.);
#1392=EDGE_CURVE('',#1689,#1682,#133,.T.);
#1393=EDGE_CURVE('',#1690,#1691,#1902,.T.);
#1394=EDGE_CURVE('',#1691,#1692,#1903,.T.);
#1395=EDGE_CURVE('',#1692,#1688,#1904,.T.);
#1396=EDGE_CURVE('',#1689,#1690,#1905,.T.);
#1397=EDGE_CURVE('',#1693,#1694,#134,.T.);
#1398=EDGE_CURVE('',#1695,#1694,#135,.T.);
#1399=EDGE_CURVE('',#1695,#1696,#136,.T.);
#1400=EDGE_CURVE('',#1696,#1693,#137,.T.);
#1401=EDGE_CURVE('',#1697,#1695,#1906,.T.);
#1402=EDGE_CURVE('',#1697,#1698,#138,.T.);
#1403=EDGE_CURVE('',#1698,#1696,#1907,.T.);
#1404=EDGE_CURVE('',#1698,#1699,#139,.T.);
#1405=EDGE_CURVE('',#1697,#1700,#140,.T.);
#1406=EDGE_CURVE('',#1699,#1700,#141,.T.);
#1407=EDGE_CURVE('',#1701,#1702,#142,.T.);
#1408=EDGE_CURVE('',#1703,#1702,#143,.T.);
#1409=EDGE_CURVE('',#1703,#1704,#144,.T.);
#1410=EDGE_CURVE('',#1704,#1701,#145,.T.);
#1411=EDGE_CURVE('',#1705,#1701,#1908,.T.);
#1412=EDGE_CURVE('',#1705,#1706,#146,.T.);
#1413=EDGE_CURVE('',#1706,#1702,#1909,.T.);
#1414=EDGE_CURVE('',#1707,#1705,#147,.T.);
#1415=EDGE_CURVE('',#1708,#1707,#148,.T.);
#1416=EDGE_CURVE('',#1708,#1706,#149,.T.);
#1417=EDGE_CURVE('',#1691,#1709,#150,.T.);
#1418=EDGE_CURVE('',#1690,#1709,#151,.T.);
#1419=EDGE_CURVE('',#1694,#1710,#152,.T.);
#1420=EDGE_CURVE('',#1693,#1711,#153,.T.);
#1421=EDGE_CURVE('',#1710,#1711,#154,.T.);
#1422=EDGE_CURVE('',#1712,#1713,#155,.T.);
#1423=EDGE_CURVE('',#1708,#1713,#156,.T.);
#1424=EDGE_CURVE('',#1707,#1712,#157,.T.);
#1425=EDGE_CURVE('',#1714,#1687,#158,.T.);
#1426=EDGE_CURVE('',#1715,#1686,#159,.T.);
#1427=EDGE_CURVE('',#1714,#1715,#160,.T.);
#1428=EDGE_CURVE('',#1716,#1684,#161,.T.);
#1429=EDGE_CURVE('',#1715,#1716,#162,.T.);
#1430=EDGE_CURVE('',#1717,#1685,#163,.T.);
#1431=EDGE_CURVE('',#1716,#1717,#164,.T.);
#1432=EDGE_CURVE('',#1717,#1714,#165,.T.);
#1433=EDGE_CURVE('',#1692,#1718,#166,.T.);
#1434=EDGE_CURVE('',#1718,#1691,#167,.T.);
#1435=EDGE_CURVE('',#1719,#1709,#168,.T.);
#1436=EDGE_CURVE('',#1720,#1719,#169,.T.);
#1437=EDGE_CURVE('',#1720,#1718,#170,.T.);
#1438=EDGE_CURVE('',#1721,#1692,#171,.T.);
#1439=EDGE_CURVE('',#1721,#1722,#172,.T.);
#1440=EDGE_CURVE('',#1722,#1690,#173,.T.);
#1441=EDGE_CURVE('',#1720,#1723,#174,.T.);
#1442=EDGE_CURVE('',#1719,#1711,#175,.T.);
#1443=EDGE_CURVE('',#1723,#1699,#176,.T.);
#1444=EDGE_CURVE('',#1724,#1721,#177,.T.);
#1445=EDGE_CURVE('',#1724,#1725,#178,.T.);
#1446=EDGE_CURVE('',#1725,#1722,#179,.T.);
#1447=EDGE_CURVE('',#1726,#1700,#180,.T.);
#1448=EDGE_CURVE('',#1726,#1723,#181,.T.);
#1449=EDGE_CURVE('',#1727,#1724,#182,.T.);
#1450=EDGE_CURVE('',#1727,#1703,#183,.T.);
#1451=EDGE_CURVE('',#1713,#1725,#184,.T.);
#1452=EDGE_CURVE('',#1728,#1710,#185,.T.);
#1453=EDGE_CURVE('',#1729,#1728,#186,.T.);
#1454=EDGE_CURVE('',#1729,#1726,#187,.T.);
#1455=EDGE_CURVE('',#1730,#1727,#188,.T.);
#1456=EDGE_CURVE('',#1730,#1704,#189,.T.);
#1457=EDGE_CURVE('',#1731,#1732,#190,.T.);
#1458=EDGE_CURVE('',#1712,#1732,#191,.T.);
#1459=EDGE_CURVE('',#1730,#1731,#192,.T.);
#1460=EDGE_CURVE('',#1733,#1731,#193,.T.);
#1461=EDGE_CURVE('',#1733,#1734,#194,.T.);
#1462=EDGE_CURVE('',#1734,#1732,#195,.T.);
#1463=EDGE_CURVE('',#1734,#1735,#196,.T.);
#1464=EDGE_CURVE('',#1735,#1728,#197,.T.);
#1465=EDGE_CURVE('',#1736,#1735,#198,.T.);
#1466=EDGE_CURVE('',#1736,#1729,#199,.T.);
#1467=EDGE_CURVE('',#1733,#1736,#200,.T.);
#1468=EDGE_CURVE('',#1737,#1737,#1910,.T.);
#1469=EDGE_CURVE('',#1738,#1738,#1911,.T.);
#1470=EDGE_CURVE('',#1739,#1740,#201,.T.);
#1471=EDGE_CURVE('',#1740,#1741,#202,.T.);
#1472=EDGE_CURVE('',#1742,#1741,#203,.T.);
#1473=EDGE_CURVE('',#1742,#1743,#204,.T.);
#1474=EDGE_CURVE('',#1743,#1744,#205,.T.);
#1475=EDGE_CURVE('',#1744,#1745,#206,.T.);
#1476=EDGE_CURVE('',#1746,#1745,#207,.T.);
#1477=EDGE_CURVE('',#1746,#1739,#208,.T.);
#1478=EDGE_CURVE('',#1747,#1748,#209,.T.);
#1479=EDGE_CURVE('',#1748,#1749,#210,.T.);
#1480=EDGE_CURVE('',#1750,#1749,#211,.T.);
#1481=EDGE_CURVE('',#1750,#1751,#212,.T.);
#1482=EDGE_CURVE('',#1751,#1752,#213,.T.);
#1483=EDGE_CURVE('',#1752,#1753,#214,.T.);
#1484=EDGE_CURVE('',#1754,#1753,#215,.T.);
#1485=EDGE_CURVE('',#1754,#1742,#216,.T.);
#1486=EDGE_CURVE('',#1741,#1747,#217,.F.);
#1487=EDGE_CURVE('',#1755,#1755,#75,.T.);
#1488=EDGE_CURVE('',#1756,#1756,#1912,.T.);
#1489=EDGE_CURVE('',#1757,#1758,#218,.T.);
#1490=EDGE_CURVE('',#1758,#1759,#219,.T.);
#1491=EDGE_CURVE('',#1745,#1759,#220,.T.);
#1492=EDGE_CURVE('',#1744,#1760,#221,.T.);
#1493=EDGE_CURVE('',#1753,#1760,#222,.T.);
#1494=EDGE_CURVE('',#1752,#1761,#223,.T.);
#1495=EDGE_CURVE('',#1762,#1761,#224,.T.);
#1496=EDGE_CURVE('',#1762,#1763,#225,.T.);
#1497=EDGE_CURVE('',#1763,#1764,#226,.T.);
#1498=EDGE_CURVE('',#1757,#1764,#227,.T.);
#1499=EDGE_CURVE('',#1765,#1766,#228,.T.);
#1500=EDGE_CURVE('',#1767,#1765,#229,.T.);
#1501=EDGE_CURVE('',#1767,#1768,#230,.T.);
#1502=EDGE_CURVE('',#1768,#1766,#231,.T.);
#1503=EDGE_CURVE('',#1765,#1769,#1913,.T.);
#1504=EDGE_CURVE('',#1770,#1769,#232,.T.);
#1505=EDGE_CURVE('',#1767,#1770,#1914,.T.);
#1506=EDGE_CURVE('',#1769,#1771,#233,.T.);
#1507=EDGE_CURVE('',#1772,#1771,#234,.T.);
#1508=EDGE_CURVE('',#1770,#1772,#235,.T.);
#1509=EDGE_CURVE('',#1773,#1773,#1915,.T.);
#1510=EDGE_CURVE('',#1774,#1774,#1916,.T.);
#1511=EDGE_CURVE('',#1768,#1772,#236,.T.);
#1512=EDGE_CURVE('',#1775,#1766,#237,.T.);
#1513=EDGE_CURVE('',#1775,#1776,#238,.T.);
#1514=EDGE_CURVE('',#1776,#1777,#239,.T.);
#1515=EDGE_CURVE('',#1778,#1777,#240,.T.);
#1516=EDGE_CURVE('',#1771,#1778,#241,.T.);
#1517=EDGE_CURVE('',#1779,#1779,#1917,.T.);
#1518=EDGE_CURVE('',#1780,#1780,#1918,.T.);
#1519=EDGE_CURVE('',#1749,#1775,#242,.T.);
#1520=EDGE_CURVE('',#1781,#1778,#243,.T.);
#1521=EDGE_CURVE('',#1782,#1781,#244,.T.);
#1522=EDGE_CURVE('',#1782,#1763,#245,.T.);
#1523=EDGE_CURVE('',#1783,#1762,#246,.T.);
#1524=EDGE_CURVE('',#1750,#1783,#247,.T.);
#1525=EDGE_CURVE('',#1784,#1777,#248,.T.);
#1526=EDGE_CURVE('',#1784,#1740,#249,.F.);
#1527=EDGE_CURVE('',#1785,#1739,#250,.T.);
#1528=EDGE_CURVE('',#1785,#1758,#251,.T.);
#1529=EDGE_CURVE('',#1786,#1757,#252,.T.);
#1530=EDGE_CURVE('',#1781,#1786,#253,.T.);
#1531=EDGE_CURVE('',#1782,#1787,#254,.T.);
#1532=EDGE_CURVE('',#1787,#1764,#255,.T.);
#1533=EDGE_CURVE('',#1788,#1788,#1919,.T.);
#1534=EDGE_CURVE('',#1786,#1787,#256,.T.);
#1535=EDGE_CURVE('',#1743,#1789,#257,.T.);
#1536=EDGE_CURVE('',#1789,#1760,#258,.T.);
#1537=EDGE_CURVE('',#1790,#1790,#1920,.T.);
#1538=EDGE_CURVE('',#1754,#1789,#259,.T.);
#1539=EDGE_CURVE('',#1791,#1761,#260,.T.);
#1540=EDGE_CURVE('',#1783,#1791,#261,.T.);
#1541=EDGE_CURVE('',#1792,#1792,#1921,.T.);
#1542=EDGE_CURVE('',#1751,#1791,#262,.T.);
#1543=EDGE_CURVE('',#1793,#1759,#263,.T.);
#1544=EDGE_CURVE('',#1746,#1793,#264,.T.);
#1545=EDGE_CURVE('',#1794,#1794,#1922,.T.);
#1546=EDGE_CURVE('',#1785,#1793,#265,.T.);
#1547=EDGE_CURVE('',#1776,#1748,#266,.T.);
#1548=EDGE_CURVE('',#1784,#1747,#267,.T.);
#1549=VERTEX_POINT('',#3800);
#1550=VERTEX_POINT('',#3802);
#1551=VERTEX_POINT('',#3805);
#1552=VERTEX_POINT('',#3807);
#1553=VERTEX_POINT('',#3810);
#1554=VERTEX_POINT('',#3811);
#1555=VERTEX_POINT('',#3813);
#1556=VERTEX_POINT('',#3815);
#1557=VERTEX_POINT('',#3818);
#1558=VERTEX_POINT('',#3819);
#1559=VERTEX_POINT('',#3821);
#1560=VERTEX_POINT('',#3823);
#1561=VERTEX_POINT('',#3827);
#1562=VERTEX_POINT('',#3830);
#1563=VERTEX_POINT('',#3832);
#1564=VERTEX_POINT('',#3834);
#1565=VERTEX_POINT('',#3836);
#1566=VERTEX_POINT('',#3838);
#1567=VERTEX_POINT('',#3840);
#1568=VERTEX_POINT('',#3842);
#1569=VERTEX_POINT('',#3844);
#1570=VERTEX_POINT('',#3848);
#1571=VERTEX_POINT('',#3850);
#1572=VERTEX_POINT('',#3852);
#1573=VERTEX_POINT('',#3854);
#1574=VERTEX_POINT('',#3856);
#1575=VERTEX_POINT('',#3858);
#1576=VERTEX_POINT('',#3860);
#1577=VERTEX_POINT('',#3862);
#1578=VERTEX_POINT('',#3883);
#1579=VERTEX_POINT('',#3885);
#1580=VERTEX_POINT('',#3887);
#1581=VERTEX_POINT('',#3889);
#1582=VERTEX_POINT('',#3891);
#1583=VERTEX_POINT('',#3893);
#1584=VERTEX_POINT('',#3895);
#1585=VERTEX_POINT('',#3897);
#1586=VERTEX_POINT('',#3901);
#1587=VERTEX_POINT('',#3903);
#1588=VERTEX_POINT('',#3905);
#1589=VERTEX_POINT('',#3907);
#1590=VERTEX_POINT('',#3909);
#1591=VERTEX_POINT('',#3911);
#1592=VERTEX_POINT('',#3913);
#1593=VERTEX_POINT('',#3915);
#1594=VERTEX_POINT('',#3936);
#1595=VERTEX_POINT('',#3939);
#1596=VERTEX_POINT('',#3942);
#1597=VERTEX_POINT('',#3947);
#1598=VERTEX_POINT('',#3950);
#1599=VERTEX_POINT('',#3953);
#1600=VERTEX_POINT('',#3956);
#1601=VERTEX_POINT('',#3957);
#1602=VERTEX_POINT('',#4220);
#1603=VERTEX_POINT('',#4221);
#1604=VERTEX_POINT('',#4226);
#1605=VERTEX_POINT('',#4227);
#1606=VERTEX_POINT('',#4447);
#1607=VERTEX_POINT('',#4448);
#1608=VERTEX_POINT('',#4453);
#1609=VERTEX_POINT('',#4454);
#1610=VERTEX_POINT('',#4674);
#1611=VERTEX_POINT('',#4675);
#1612=VERTEX_POINT('',#4680);
#1613=VERTEX_POINT('',#4681);
#1614=VERTEX_POINT('',#4944);
#1615=VERTEX_POINT('',#4945);
#1616=VERTEX_POINT('',#4950);
#1617=VERTEX_POINT('',#4951);
#1618=VERTEX_POINT('',#5214);
#1619=VERTEX_POINT('',#5215);
#1620=VERTEX_POINT('',#5220);
#1621=VERTEX_POINT('',#5221);
#1622=VERTEX_POINT('',#5484);
#1623=VERTEX_POINT('',#5485);
#1624=VERTEX_POINT('',#5490);
#1625=VERTEX_POINT('',#5491);
#1626=VERTEX_POINT('',#5711);
#1627=VERTEX_POINT('',#5712);
#1628=VERTEX_POINT('',#5717);
#1629=VERTEX_POINT('',#5718);
#1630=VERTEX_POINT('',#5938);
#1631=VERTEX_POINT('',#5939);
#1632=VERTEX_POINT('',#5944);
#1633=VERTEX_POINT('',#5945);
#1634=VERTEX_POINT('',#6208);
#1635=VERTEX_POINT('',#6209);
#1636=VERTEX_POINT('',#6214);
#1637=VERTEX_POINT('',#6215);
#1638=VERTEX_POINT('',#6478);
#1639=VERTEX_POINT('',#6479);
#1640=VERTEX_POINT('',#6484);
#1641=VERTEX_POINT('',#6485);
#1642=VERTEX_POINT('',#6748);
#1643=VERTEX_POINT('',#6749);
#1644=VERTEX_POINT('',#6754);
#1645=VERTEX_POINT('',#6755);
#1646=VERTEX_POINT('',#6975);
#1647=VERTEX_POINT('',#6976);
#1648=VERTEX_POINT('',#6981);
#1649=VERTEX_POINT('',#6982);
#1650=VERTEX_POINT('',#7202);
#1651=VERTEX_POINT('',#7203);
#1652=VERTEX_POINT('',#7208);
#1653=VERTEX_POINT('',#7209);
#1654=VERTEX_POINT('',#7472);
#1655=VERTEX_POINT('',#7473);
#1656=VERTEX_POINT('',#7478);
#1657=VERTEX_POINT('',#7479);
#1658=VERTEX_POINT('',#7742);
#1659=VERTEX_POINT('',#7743);
#1660=VERTEX_POINT('',#7748);
#1661=VERTEX_POINT('',#7749);
#1662=VERTEX_POINT('',#8012);
#1663=VERTEX_POINT('',#8013);
#1664=VERTEX_POINT('',#8018);
#1665=VERTEX_POINT('',#8019);
#1666=VERTEX_POINT('',#8239);
#1667=VERTEX_POINT('',#8240);
#1668=VERTEX_POINT('',#8245);
#1669=VERTEX_POINT('',#8246);
#1670=VERTEX_POINT('',#8466);
#1671=VERTEX_POINT('',#8467);
#1672=VERTEX_POINT('',#8472);
#1673=VERTEX_POINT('',#8473);
#1674=VERTEX_POINT('',#8736);
#1675=VERTEX_POINT('',#8737);
#1676=VERTEX_POINT('',#8848);
#1677=VERTEX_POINT('',#8849);
#1678=VERTEX_POINT('',#8936);
#1679=VERTEX_POINT('',#8959);
#1680=VERTEX_POINT('',#8961);
#1681=VERTEX_POINT('',#8967);
#1682=VERTEX_POINT('',#8970);
#1683=VERTEX_POINT('',#8971);
#1684=VERTEX_POINT('',#8975);
#1685=VERTEX_POINT('',#8976);
#1686=VERTEX_POINT('',#8978);
#1687=VERTEX_POINT('',#8980);
#1688=VERTEX_POINT('',#8984);
#1689=VERTEX_POINT('',#8986);
#1690=VERTEX_POINT('',#8990);
#1691=VERTEX_POINT('',#8991);
#1692=VERTEX_POINT('',#8993);
#1693=VERTEX_POINT('',#8998);
#1694=VERTEX_POINT('',#8999);
#1695=VERTEX_POINT('',#9001);
#1696=VERTEX_POINT('',#9003);
#1697=VERTEX_POINT('',#9007);
#1698=VERTEX_POINT('',#9009);
#1699=VERTEX_POINT('',#9013);
#1700=VERTEX_POINT('',#9015);
#1701=VERTEX_POINT('',#9019);
#1702=VERTEX_POINT('',#9020);
#1703=VERTEX_POINT('',#9022);
#1704=VERTEX_POINT('',#9024);
#1705=VERTEX_POINT('',#9028);
#1706=VERTEX_POINT('',#9030);
#1707=VERTEX_POINT('',#9034);
#1708=VERTEX_POINT('',#9036);
#1709=VERTEX_POINT('',#9040);
#1710=VERTEX_POINT('',#9044);
#1711=VERTEX_POINT('',#9046);
#1712=VERTEX_POINT('',#9050);
#1713=VERTEX_POINT('',#9051);
#1714=VERTEX_POINT('',#9056);
#1715=VERTEX_POINT('',#9058);
#1716=VERTEX_POINT('',#9062);
#1717=VERTEX_POINT('',#9066);
#1718=VERTEX_POINT('',#9072);
#1719=VERTEX_POINT('',#9076);
#1720=VERTEX_POINT('',#9078);
#1721=VERTEX_POINT('',#9082);
#1722=VERTEX_POINT('',#9084);
#1723=VERTEX_POINT('',#9088);
#1724=VERTEX_POINT('',#9093);
#1725=VERTEX_POINT('',#9095);
#1726=VERTEX_POINT('',#9099);
#1727=VERTEX_POINT('',#9103);
#1728=VERTEX_POINT('',#9108);
#1729=VERTEX_POINT('',#9110);
#1730=VERTEX_POINT('',#9114);
#1731=VERTEX_POINT('',#9118);
#1732=VERTEX_POINT('',#9119);
#1733=VERTEX_POINT('',#9124);
#1734=VERTEX_POINT('',#9126);
#1735=VERTEX_POINT('',#9130);
#1736=VERTEX_POINT('',#9134);
#1737=VERTEX_POINT('',#9142);
#1738=VERTEX_POINT('',#9144);
#1739=VERTEX_POINT('',#9146);
#1740=VERTEX_POINT('',#9147);
#1741=VERTEX_POINT('',#9149);
#1742=VERTEX_POINT('',#9151);
#1743=VERTEX_POINT('',#9153);
#1744=VERTEX_POINT('',#9155);
#1745=VERTEX_POINT('',#9157);
#1746=VERTEX_POINT('',#9159);
#1747=VERTEX_POINT('',#9163);
#1748=VERTEX_POINT('',#9164);
#1749=VERTEX_POINT('',#9166);
#1750=VERTEX_POINT('',#9168);
#1751=VERTEX_POINT('',#9170);
#1752=VERTEX_POINT('',#9172);
#1753=VERTEX_POINT('',#9174);
#1754=VERTEX_POINT('',#9176);
#1755=VERTEX_POINT('',#9191);
#1756=VERTEX_POINT('',#9193);
#1757=VERTEX_POINT('',#9196);
#1758=VERTEX_POINT('',#9197);
#1759=VERTEX_POINT('',#9199);
#1760=VERTEX_POINT('',#9202);
#1761=VERTEX_POINT('',#9205);
#1762=VERTEX_POINT('',#9207);
#1763=VERTEX_POINT('',#9209);
#1764=VERTEX_POINT('',#9211);
#1765=VERTEX_POINT('',#9215);
#1766=VERTEX_POINT('',#9216);
#1767=VERTEX_POINT('',#9218);
#1768=VERTEX_POINT('',#9220);
#1769=VERTEX_POINT('',#9224);
#1770=VERTEX_POINT('',#9226);
#1771=VERTEX_POINT('',#9230);
#1772=VERTEX_POINT('',#9232);
#1773=VERTEX_POINT('',#9236);
#1774=VERTEX_POINT('',#9238);
#1775=VERTEX_POINT('',#9243);
#1776=VERTEX_POINT('',#9245);
#1777=VERTEX_POINT('',#9247);
#1778=VERTEX_POINT('',#9249);
#1779=VERTEX_POINT('',#9253);
#1780=VERTEX_POINT('',#9255);
#1781=VERTEX_POINT('',#9258);
#1782=VERTEX_POINT('',#9260);
#1783=VERTEX_POINT('',#9263);
#1784=VERTEX_POINT('',#9267);
#1785=VERTEX_POINT('',#9270);
#1786=VERTEX_POINT('',#9273);
#1787=VERTEX_POINT('',#9277);
#1788=VERTEX_POINT('',#9281);
#1789=VERTEX_POINT('',#9286);
#1790=VERTEX_POINT('',#9290);
#1791=VERTEX_POINT('',#9295);
#1792=VERTEX_POINT('',#9299);
#1793=VERTEX_POINT('',#9304);
#1794=VERTEX_POINT('',#9308);
#1795=CIRCLE('',#2800,0.0024);
#1796=CIRCLE('',#2801,0.0034);
#1797=CIRCLE('',#2803,0.0024);
#1798=CIRCLE('',#2804,0.0034);
#1799=CIRCLE('',#2806,0.0034);
#1800=CIRCLE('',#2807,0.0034);
#1801=CIRCLE('',#2808,0.0034);
#1802=CIRCLE('',#2809,0.0034);
#1803=CIRCLE('',#2811,0.0024);
#1804=CIRCLE('',#2813,0.0005);
#1805=CIRCLE('',#2814,0.0005);
#1806=CIRCLE('',#2815,0.0005);
#1807=CIRCLE('',#2816,0.0005);
#1808=CIRCLE('',#2817,0.0005);
#1809=CIRCLE('',#2818,0.0005);
#1810=CIRCLE('',#2819,0.0018);
#1811=CIRCLE('',#2821,0.0005);
#1812=CIRCLE('',#2822,0.0005);
#1813=CIRCLE('',#2823,0.0005);
#1814=CIRCLE('',#2824,0.0005);
#1815=CIRCLE('',#2825,0.0005);
#1816=CIRCLE('',#2826,0.0005);
#1817=CIRCLE('',#2827,0.0018);
#1818=CIRCLE('',#2838,0.0005);
#1819=CIRCLE('',#2839,0.0005);
#1820=CIRCLE('',#2840,0.0005);
#1821=CIRCLE('',#2841,0.0005);
#1822=CIRCLE('',#2842,0.0005);
#1823=CIRCLE('',#2843,0.0005);
#1824=CIRCLE('',#2844,0.0018);
#1825=CIRCLE('',#2846,0.0005);
#1826=CIRCLE('',#2847,0.0005);
#1827=CIRCLE('',#2848,0.0005);
#1828=CIRCLE('',#2849,0.0005);
#1829=CIRCLE('',#2850,0.0005);
#1830=CIRCLE('',#2851,0.0005);
#1831=CIRCLE('',#2852,0.0018);
#1832=CIRCLE('',#2863,0.0024);
#1833=CIRCLE('',#2865,0.0013);
#1834=CIRCLE('',#2867,0.0013);
#1835=CIRCLE('',#2871,0.00085);
#1836=CIRCLE('',#2873,0.00085);
#1837=CIRCLE('',#2875,0.002);
#1838=CIRCLE('',#2877,0.0023);
#1839=CIRCLE('',#2878,0.00035);
#1840=CIRCLE('',#2881,0.0023);
#1841=CIRCLE('',#2882,0.00035);
#1842=CIRCLE('',#2885,0.0023);
#1843=CIRCLE('',#2886,0.00035);
#1844=CIRCLE('',#2889,0.0023);
#1845=CIRCLE('',#2890,0.00035);
#1846=CIRCLE('',#2893,0.0023);
#1847=CIRCLE('',#2894,0.00035);
#1848=CIRCLE('',#2897,0.0023);
#1849=CIRCLE('',#2898,0.00035);
#1850=CIRCLE('',#2901,0.0023);
#1851=CIRCLE('',#2902,0.00035);
#1852=CIRCLE('',#2905,0.0023);
#1853=CIRCLE('',#2906,0.00035);
#1854=CIRCLE('',#2909,0.0023);
#1855=CIRCLE('',#2910,0.00035);
#1856=CIRCLE('',#2913,0.0023);
#1857=CIRCLE('',#2914,0.00035);
#1858=CIRCLE('',#2917,0.0023);
#1859=CIRCLE('',#2918,0.00035);
#1860=CIRCLE('',#2921,0.0023);
#1861=CIRCLE('',#2922,0.00035);
#1862=CIRCLE('',#2925,0.0023);
#1863=CIRCLE('',#2926,0.00035);
#1864=CIRCLE('',#2929,0.0023);
#1865=CIRCLE('',#2930,0.00035);
#1866=CIRCLE('',#2933,0.0023);
#1867=CIRCLE('',#2934,0.00035);
#1868=CIRCLE('',#2937,0.0023);
#1869=CIRCLE('',#2938,0.00035);
#1870=CIRCLE('',#2941,0.0023);
#1871=CIRCLE('',#2942,0.00035);
#1872=CIRCLE('',#2945,0.0023);
#1873=CIRCLE('',#2946,0.00035);
#1874=CIRCLE('',#2949,0.0023);
#1875=CIRCLE('',#2950,0.00035);
#1876=CIRCLE('',#2953,0.0023);
#1877=CIRCLE('',#2954,0.0023);
#1878=CIRCLE('',#2955,0.0023);
#1879=CIRCLE('',#2956,0.0023);
#1880=CIRCLE('',#2957,0.0023);
#1881=CIRCLE('',#2958,0.0023);
#1882=CIRCLE('',#2959,0.0023);
#1883=CIRCLE('',#2960,0.0023);
#1884=CIRCLE('',#2961,0.0023);
#1885=CIRCLE('',#2962,0.0023);
#1886=CIRCLE('',#2963,0.0023);
#1887=CIRCLE('',#2964,0.0023);
#1888=CIRCLE('',#2965,0.0023);
#1889=CIRCLE('',#2966,0.0023);
#1890=CIRCLE('',#2967,0.0023);
#1891=CIRCLE('',#2968,0.0023);
#1892=CIRCLE('',#2969,0.0023);
#1893=CIRCLE('',#2970,0.0023);
#1894=CIRCLE('',#2971,0.0023);
#1895=CIRCLE('',#2972,0.0023);
#1896=CIRCLE('',#2974,0.00035);
#1897=CIRCLE('',#2976,0.0023);
#1898=CIRCLE('',#2978,0.0023);
#1899=CIRCLE('',#2980,0.0059);
#1900=CIRCLE('',#2981,0.0025);
#1901=CIRCLE('',#2984,0.0025);
#1902=CIRCLE('',#2986,0.0059);
#1903=CIRCLE('',#2987,0.0059);
#1904=CIRCLE('',#2988,0.0059);
#1905=CIRCLE('',#2989,0.0059);
#1906=CIRCLE('',#2992,0.001);
#1907=CIRCLE('',#2993,0.001);
#1908=CIRCLE('',#2997,0.001);
#1909=CIRCLE('',#2998,0.001);
#1910=CIRCLE('',#3024,0.001);
#1911=CIRCLE('',#3025,0.00100000000000001);
#1912=CIRCLE('',#3028,0.002);
#1913=CIRCLE('',#3032,0.00725);
#1914=CIRCLE('',#3033,0.00725);
#1915=CIRCLE('',#3036,0.00525);
#1916=CIRCLE('',#3037,0.00525);
#1917=CIRCLE('',#3041,0.00100000000000001);
#1918=CIRCLE('',#3042,0.001);
#1919=CIRCLE('',#3046,0.001);
#1920=CIRCLE('',#3050,0.00100000000000001);
#1921=CIRCLE('',#3054,0.00100000000000001);
#1922=CIRCLE('',#3058,0.001);
#1923=EDGE_LOOP('',(#511));
#1924=EDGE_LOOP('',(#512));
#1925=EDGE_LOOP('',(#513));
#1926=EDGE_LOOP('',(#514));
#1927=EDGE_LOOP('',(#515));
#1928=EDGE_LOOP('',(#516,#517,#518,#519));
#1929=EDGE_LOOP('',(#520,#521,#522,#523));
#1930=EDGE_LOOP('',(#524));
#1931=EDGE_LOOP('',(#525));
#1932=EDGE_LOOP('',(#526));
#1933=EDGE_LOOP('',(#527));
#1934=EDGE_LOOP('',(#528));
#1935=EDGE_LOOP('',(#529));
#1936=EDGE_LOOP('',(#530));
#1937=EDGE_LOOP('',(#531));
#1938=EDGE_LOOP('',(#532));
#1939=EDGE_LOOP('',(#533,#534,#535,#536));
#1940=EDGE_LOOP('',(#537));
#1941=EDGE_LOOP('',(#538));
#1942=EDGE_LOOP('',(#539));
#1943=EDGE_LOOP('',(#540));
#1944=EDGE_LOOP('',(#541));
#1945=EDGE_LOOP('',(#542));
#1946=EDGE_LOOP('',(#543,#544,#545,#546));
#1947=EDGE_LOOP('',(#547,#548,#549,#550));
#1948=EDGE_LOOP('',(#551,#552,#553,#554));
#1949=EDGE_LOOP('',(#555,#556,#557,#558));
#1950=EDGE_LOOP('',(#559));
#1951=EDGE_LOOP('',(#560));
#1952=EDGE_LOOP('',(#561));
#1953=EDGE_LOOP('',(#562));
#1954=EDGE_LOOP('',(#563));
#1955=EDGE_LOOP('',(#564));
#1956=EDGE_LOOP('',(#565));
#1957=EDGE_LOOP('',(#566));
#1958=EDGE_LOOP('',(#567));
#1959=EDGE_LOOP('',(#568));
#1960=EDGE_LOOP('',(#569));
#1961=EDGE_LOOP('',(#570));
#1962=EDGE_LOOP('',(#571));
#1963=EDGE_LOOP('',(#572));
#1964=EDGE_LOOP('',(#573));
#1965=EDGE_LOOP('',(#574));
#1966=EDGE_LOOP('',(#575));
#1967=EDGE_LOOP('',(#576));
#1968=EDGE_LOOP('',(#577,#578,#579,#580));
#1969=EDGE_LOOP('',(#581));
#1970=EDGE_LOOP('',(#582));
#1971=EDGE_LOOP('',(#583));
#1972=EDGE_LOOP('',(#584));
#1973=EDGE_LOOP('',(#585));
#1974=EDGE_LOOP('',(#586));
#1975=EDGE_LOOP('',(#587,#588,#589,#590));
#1976=EDGE_LOOP('',(#591,#592,#593,#594));
#1977=EDGE_LOOP('',(#595,#596,#597,#598));
#1978=EDGE_LOOP('',(#599,#600,#601,#602));
#1979=EDGE_LOOP('',(#603));
#1980=EDGE_LOOP('',(#604));
#1981=EDGE_LOOP('',(#605));
#1982=EDGE_LOOP('',(#606));
#1983=EDGE_LOOP('',(#607));
#1984=EDGE_LOOP('',(#608));
#1985=EDGE_LOOP('',(#609));
#1986=EDGE_LOOP('',(#610));
#1987=EDGE_LOOP('',(#611));
#1988=EDGE_LOOP('',(#612));
#1989=EDGE_LOOP('',(#613));
#1990=EDGE_LOOP('',(#614));
#1991=EDGE_LOOP('',(#615));
#1992=EDGE_LOOP('',(#616));
#1993=EDGE_LOOP('',(#617));
#1994=EDGE_LOOP('',(#618));
#1995=EDGE_LOOP('',(#619));
#1996=EDGE_LOOP('',(#620));
#1997=EDGE_LOOP('',(#621));
#1998=EDGE_LOOP('',(#622));
#1999=EDGE_LOOP('',(#623));
#2000=EDGE_LOOP('',(#624));
#2001=EDGE_LOOP('',(#625));
#2002=EDGE_LOOP('',(#626));
#2003=EDGE_LOOP('',(#627));
#2004=EDGE_LOOP('',(#628,#629));
#2005=EDGE_LOOP('',(#630,#631,#632,#633));
#2006=EDGE_LOOP('',(#634,#635));
#2007=EDGE_LOOP('',(#636,#637,#638,#639));
#2008=EDGE_LOOP('',(#640,#641));
#2009=EDGE_LOOP('',(#642,#643,#644,#645));
#2010=EDGE_LOOP('',(#646,#647));
#2011=EDGE_LOOP('',(#648,#649,#650,#651));
#2012=EDGE_LOOP('',(#652,#653));
#2013=EDGE_LOOP('',(#654,#655,#656,#657));
#2014=EDGE_LOOP('',(#658,#659));
#2015=EDGE_LOOP('',(#660,#661,#662,#663));
#2016=EDGE_LOOP('',(#664,#665));
#2017=EDGE_LOOP('',(#666,#667,#668,#669));
#2018=EDGE_LOOP('',(#670,#671));
#2019=EDGE_LOOP('',(#672,#673,#674,#675));
#2020=EDGE_LOOP('',(#676,#677));
#2021=EDGE_LOOP('',(#678,#679,#680,#681));
#2022=EDGE_LOOP('',(#682,#683));
#2023=EDGE_LOOP('',(#684,#685,#686,#687));
#2024=EDGE_LOOP('',(#688,#689));
#2025=EDGE_LOOP('',(#690,#691,#692,#693));
#2026=EDGE_LOOP('',(#694,#695));
#2027=EDGE_LOOP('',(#696,#697,#698,#699));
#2028=EDGE_LOOP('',(#700,#701));
#2029=EDGE_LOOP('',(#702,#703,#704,#705));
#2030=EDGE_LOOP('',(#706,#707));
#2031=EDGE_LOOP('',(#708,#709,#710,#711));
#2032=EDGE_LOOP('',(#712,#713));
#2033=EDGE_LOOP('',(#714,#715,#716,#717));
#2034=EDGE_LOOP('',(#718,#719));
#2035=EDGE_LOOP('',(#720,#721,#722,#723));
#2036=EDGE_LOOP('',(#724,#725));
#2037=EDGE_LOOP('',(#726,#727,#728,#729));
#2038=EDGE_LOOP('',(#730,#731));
#2039=EDGE_LOOP('',(#732,#733,#734,#735));
#2040=EDGE_LOOP('',(#736,#737));
#2041=EDGE_LOOP('',(#738,#739,#740,#741));
#2042=EDGE_LOOP('',(#742));
#2043=EDGE_LOOP('',(#743,#744,#745,#746,#747,#748,#749,#750,#751,#752,#753,
#754,#755,#756,#757,#758,#759,#760,#761,#762,#763,#764,#765,#766,#767,#768,
#769,#770,#771,#772,#773,#774,#775,#776,#777,#778,#779,#780,#781,#782,#783));
#2044=EDGE_LOOP('',(#784,#785,#786,#787,#788));
#2045=EDGE_LOOP('',(#789,#790));
#2046=EDGE_LOOP('',(#791,#792,#793,#794,#795,#796,#797,#798,#799,#800,#801,
#802,#803,#804,#805,#806,#807,#808,#809,#810,#811,#812,#813,#814,#815,#816,
#817,#818,#819,#820,#821,#822,#823,#824,#825,#826,#827,#828,#829,#830,#831,
#832,#833,#834,#835,#836,#837,#838,#839,#840,#841,#842,#843,#844,#845,#846,
#847,#848,#849,#850,#851,#852,#853,#854,#855,#856,#857,#858,#859,#860,#861,
#862,#863,#864,#865,#866,#867,#868,#869,#870));
#2047=EDGE_LOOP('',(#871));
#2048=EDGE_LOOP('',(#872));
#2049=EDGE_LOOP('',(#873,#874));
#2050=EDGE_LOOP('',(#875,#876,#877,#878));
#2051=EDGE_LOOP('',(#879,#880,#881,#882));
#2052=EDGE_LOOP('',(#883,#884,#885,#886,#887,#888,#889));
#2053=EDGE_LOOP('',(#890,#891,#892,#893));
#2054=EDGE_LOOP('',(#894,#895,#896,#897));
#2055=EDGE_LOOP('',(#898,#899,#900,#901));
#2056=EDGE_LOOP('',(#902,#903,#904,#905));
#2057=EDGE_LOOP('',(#906,#907,#908,#909));
#2058=EDGE_LOOP('',(#910,#911,#912,#913));
#2059=EDGE_LOOP('',(#914,#915,#916));
#2060=EDGE_LOOP('',(#917,#918,#919,#920));
#2061=EDGE_LOOP('',(#921,#922,#923,#924));
#2062=EDGE_LOOP('',(#925,#926,#927,#928));
#2063=EDGE_LOOP('',(#929,#930,#931,#932));
#2064=EDGE_LOOP('',(#933,#934,#935,#936));
#2065=EDGE_LOOP('',(#937,#938,#939,#940));
#2066=EDGE_LOOP('',(#941,#942,#943));
#2067=EDGE_LOOP('',(#944,#945,#946,#947,#948));
#2068=EDGE_LOOP('',(#949,#950,#951,#952,#953,#954));
#2069=EDGE_LOOP('',(#955,#956,#957,#958,#959,#960,#961,#962));
#2070=EDGE_LOOP('',(#963,#964,#965,#966));
#2071=EDGE_LOOP('',(#967,#968,#969,#970));
#2072=EDGE_LOOP('',(#971,#972,#973,#974,#975,#976,#977,#978));
#2073=EDGE_LOOP('',(#979,#980,#981,#982,#983,#984,#985,#986));
#2074=EDGE_LOOP('',(#987,#988,#989,#990));
#2075=EDGE_LOOP('',(#991,#992,#993,#994,#995,#996,#997,#998));
#2076=EDGE_LOOP('',(#999,#1000,#1001,#1002));
#2077=EDGE_LOOP('',(#1003,#1004,#1005,#1006,#1007,#1008,#1009,#1010,#1011,
#1012,#1013,#1014,#1015));
#2078=EDGE_LOOP('',(#1016,#1017,#1018,#1019));
#2079=EDGE_LOOP('',(#1020,#1021,#1022,#1023));
#2080=EDGE_LOOP('',(#1024,#1025,#1026,#1027,#1028,#1029,#1030,#1031,#1032,
#1033,#1034,#1035,#1036));
#2081=EDGE_LOOP('',(#1037,#1038,#1039,#1040));
#2082=EDGE_LOOP('',(#1041));
#2083=EDGE_LOOP('',(#1042));
#2084=EDGE_LOOP('',(#1043,#1044,#1045,#1046,#1047,#1048,#1049,#1050));
#2085=EDGE_LOOP('',(#1051,#1052,#1053,#1054,#1055,#1056,#1057,#1058,#1059,
#1060));
#2086=EDGE_LOOP('',(#1061));
#2087=EDGE_LOOP('',(#1062));
#2088=EDGE_LOOP('',(#1063,#1064,#1065,#1066,#1067,#1068,#1069,#1070,#1071,
#1072,#1073,#1074));
#2089=EDGE_LOOP('',(#1075,#1076,#1077,#1078));
#2090=EDGE_LOOP('',(#1079,#1080,#1081,#1082));
#2091=EDGE_LOOP('',(#1083,#1084,#1085,#1086));
#2092=EDGE_LOOP('',(#1087));
#2093=EDGE_LOOP('',(#1088));
#2094=EDGE_LOOP('',(#1089));
#2095=EDGE_LOOP('',(#1090));
#2096=EDGE_LOOP('',(#1091,#1092,#1093,#1094));
#2097=EDGE_LOOP('',(#1095));
#2098=EDGE_LOOP('',(#1096,#1097,#1098,#1099,#1100,#1101,#1102,#1103));
#2099=EDGE_LOOP('',(#1104));
#2100=EDGE_LOOP('',(#1105));
#2101=EDGE_LOOP('',(#1106,#1107,#1108,#1109,#1110,#1111,#1112,#1113,#1114,
#1115,#1116,#1117,#1118));
#2102=EDGE_LOOP('',(#1119,#1120,#1121,#1122,#1123,#1124,#1125,#1126,#1127,
#1128));
#2103=EDGE_LOOP('',(#1129,#1130,#1131,#1132));
#2104=EDGE_LOOP('',(#1133));
#2105=EDGE_LOOP('',(#1134,#1135,#1136,#1137));
#2106=EDGE_LOOP('',(#1138,#1139,#1140,#1141));
#2107=EDGE_LOOP('',(#1142,#1143,#1144,#1145));
#2108=EDGE_LOOP('',(#1146));
#2109=EDGE_LOOP('',(#1147,#1148,#1149,#1150));
#2110=EDGE_LOOP('',(#1151,#1152,#1153,#1154));
#2111=EDGE_LOOP('',(#1155,#1156,#1157,#1158));
#2112=EDGE_LOOP('',(#1159));
#2113=EDGE_LOOP('',(#1160,#1161,#1162,#1163));
#2114=EDGE_LOOP('',(#1164,#1165,#1166,#1167));
#2115=EDGE_LOOP('',(#1168,#1169,#1170,#1171));
#2116=EDGE_LOOP('',(#1172));
#2117=EDGE_LOOP('',(#1173,#1174,#1175,#1176));
#2118=EDGE_LOOP('',(#1177,#1178,#1179,#1180));
#2119=EDGE_LOOP('',(#1181));
#2120=EDGE_LOOP('',(#1182));
#2121=EDGE_LOOP('',(#1183));
#2122=EDGE_LOOP('',(#1184));
#2123=EDGE_LOOP('',(#1185));
#2124=EDGE_LOOP('',(#1186));
#2125=EDGE_LOOP('',(#1187));
#2126=EDGE_LOOP('',(#1188));
#2127=EDGE_LOOP('',(#1189,#1190,#1191,#1192,#1193));
#2128=EDGE_LOOP('',(#1194));
#2129=EDGE_LOOP('',(#1195,#1196,#1197,#1198));
#2130=EDGE_LOOP('',(#1199,#1200,#1201,#1202));
#2131=FACE_BOUND('',#1923,.T.);
#2132=FACE_BOUND('',#1924,.T.);
#2133=FACE_BOUND('',#1925,.T.);
#2134=FACE_BOUND('',#1926,.T.);
#2135=FACE_BOUND('',#1927,.T.);
#2136=FACE_BOUND('',#1928,.T.);
#2137=FACE_BOUND('',#1929,.T.);
#2138=FACE_BOUND('',#1930,.T.);
#2139=FACE_BOUND('',#1931,.T.);
#2140=FACE_BOUND('',#1932,.T.);
#2141=FACE_BOUND('',#1933,.T.);
#2142=FACE_BOUND('',#1934,.T.);
#2143=FACE_BOUND('',#1935,.T.);
#2144=FACE_BOUND('',#1936,.T.);
#2145=FACE_BOUND('',#1937,.T.);
#2146=FACE_BOUND('',#1938,.T.);
#2147=FACE_BOUND('',#1939,.T.);
#2148=FACE_BOUND('',#1940,.T.);
#2149=FACE_BOUND('',#1941,.T.);
#2150=FACE_BOUND('',#1942,.T.);
#2151=FACE_BOUND('',#1943,.T.);
#2152=FACE_BOUND('',#1944,.T.);
#2153=FACE_BOUND('',#1945,.T.);
#2154=FACE_BOUND('',#1946,.T.);
#2155=FACE_BOUND('',#1947,.T.);
#2156=FACE_BOUND('',#1948,.T.);
#2157=FACE_BOUND('',#1949,.T.);
#2158=FACE_BOUND('',#1950,.T.);
#2159=FACE_BOUND('',#1951,.T.);
#2160=FACE_BOUND('',#1952,.T.);
#2161=FACE_BOUND('',#1953,.T.);
#2162=FACE_BOUND('',#1954,.T.);
#2163=FACE_BOUND('',#1955,.T.);
#2164=FACE_BOUND('',#1956,.T.);
#2165=FACE_BOUND('',#1957,.T.);
#2166=FACE_BOUND('',#1958,.T.);
#2167=FACE_BOUND('',#1959,.T.);
#2168=FACE_BOUND('',#1960,.T.);
#2169=FACE_BOUND('',#1961,.T.);
#2170=FACE_BOUND('',#1962,.T.);
#2171=FACE_BOUND('',#1963,.T.);
#2172=FACE_BOUND('',#1964,.T.);
#2173=FACE_BOUND('',#1965,.T.);
#2174=FACE_BOUND('',#1966,.T.);
#2175=FACE_BOUND('',#1967,.T.);
#2176=FACE_BOUND('',#1968,.T.);
#2177=FACE_BOUND('',#1969,.T.);
#2178=FACE_BOUND('',#1970,.T.);
#2179=FACE_BOUND('',#1971,.T.);
#2180=FACE_BOUND('',#1972,.T.);
#2181=FACE_BOUND('',#1973,.T.);
#2182=FACE_BOUND('',#1974,.T.);
#2183=FACE_BOUND('',#1975,.T.);
#2184=FACE_BOUND('',#1976,.T.);
#2185=FACE_BOUND('',#1977,.T.);
#2186=FACE_BOUND('',#1978,.T.);
#2187=FACE_BOUND('',#1979,.T.);
#2188=FACE_BOUND('',#1980,.T.);
#2189=FACE_BOUND('',#1981,.T.);
#2190=FACE_BOUND('',#1982,.T.);
#2191=FACE_BOUND('',#1983,.T.);
#2192=FACE_BOUND('',#1984,.T.);
#2193=FACE_BOUND('',#1985,.T.);
#2194=FACE_BOUND('',#1986,.T.);
#2195=FACE_BOUND('',#1987,.T.);
#2196=FACE_BOUND('',#1988,.T.);
#2197=FACE_BOUND('',#1989,.T.);
#2198=FACE_BOUND('',#1990,.T.);
#2199=FACE_BOUND('',#1991,.T.);
#2200=FACE_BOUND('',#1992,.T.);
#2201=FACE_BOUND('',#1993,.T.);
#2202=FACE_BOUND('',#1994,.T.);
#2203=FACE_BOUND('',#1995,.T.);
#2204=FACE_BOUND('',#1996,.T.);
#2205=FACE_BOUND('',#1997,.T.);
#2206=FACE_BOUND('',#1998,.T.);
#2207=FACE_BOUND('',#1999,.T.);
#2208=FACE_BOUND('',#2000,.T.);
#2209=FACE_BOUND('',#2001,.T.);
#2210=FACE_BOUND('',#2002,.T.);
#2211=FACE_BOUND('',#2003,.T.);
#2212=FACE_BOUND('',#2004,.T.);
#2213=FACE_BOUND('',#2005,.T.);
#2214=FACE_BOUND('',#2006,.T.);
#2215=FACE_BOUND('',#2007,.T.);
#2216=FACE_BOUND('',#2008,.T.);
#2217=FACE_BOUND('',#2009,.T.);
#2218=FACE_BOUND('',#2010,.T.);
#2219=FACE_BOUND('',#2011,.T.);
#2220=FACE_BOUND('',#2012,.T.);
#2221=FACE_BOUND('',#2013,.T.);
#2222=FACE_BOUND('',#2014,.T.);
#2223=FACE_BOUND('',#2015,.T.);
#2224=FACE_BOUND('',#2016,.T.);
#2225=FACE_BOUND('',#2017,.T.);
#2226=FACE_BOUND('',#2018,.T.);
#2227=FACE_BOUND('',#2019,.T.);
#2228=FACE_BOUND('',#2020,.T.);
#2229=FACE_BOUND('',#2021,.T.);
#2230=FACE_BOUND('',#2022,.T.);
#2231=FACE_BOUND('',#2023,.T.);
#2232=FACE_BOUND('',#2024,.T.);
#2233=FACE_BOUND('',#2025,.T.);
#2234=FACE_BOUND('',#2026,.T.);
#2235=FACE_BOUND('',#2027,.T.);
#2236=FACE_BOUND('',#2028,.T.);
#2237=FACE_BOUND('',#2029,.T.);
#2238=FACE_BOUND('',#2030,.T.);
#2239=FACE_BOUND('',#2031,.T.);
#2240=FACE_BOUND('',#2032,.T.);
#2241=FACE_BOUND('',#2033,.T.);
#2242=FACE_BOUND('',#2034,.T.);
#2243=FACE_BOUND('',#2035,.T.);
#2244=FACE_BOUND('',#2036,.T.);
#2245=FACE_BOUND('',#2037,.T.);
#2246=FACE_BOUND('',#2038,.T.);
#2247=FACE_BOUND('',#2039,.T.);
#2248=FACE_BOUND('',#2040,.T.);
#2249=FACE_BOUND('',#2041,.T.);
#2250=FACE_BOUND('',#2042,.T.);
#2251=FACE_BOUND('',#2043,.T.);
#2252=FACE_BOUND('',#2044,.T.);
#2253=FACE_BOUND('',#2045,.T.);
#2254=FACE_BOUND('',#2046,.T.);
#2255=FACE_BOUND('',#2047,.T.);
#2256=FACE_BOUND('',#2048,.T.);
#2257=FACE_BOUND('',#2049,.T.);
#2258=FACE_BOUND('',#2050,.T.);
#2259=FACE_BOUND('',#2051,.T.);
#2260=FACE_BOUND('',#2052,.T.);
#2261=FACE_BOUND('',#2053,.T.);
#2262=FACE_BOUND('',#2054,.T.);
#2263=FACE_BOUND('',#2055,.T.);
#2264=FACE_BOUND('',#2056,.T.);
#2265=FACE_BOUND('',#2057,.T.);
#2266=FACE_BOUND('',#2058,.T.);
#2267=FACE_BOUND('',#2059,.T.);
#2268=FACE_BOUND('',#2060,.T.);
#2269=FACE_BOUND('',#2061,.T.);
#2270=FACE_BOUND('',#2062,.T.);
#2271=FACE_BOUND('',#2063,.T.);
#2272=FACE_BOUND('',#2064,.T.);
#2273=FACE_BOUND('',#2065,.T.);
#2274=FACE_BOUND('',#2066,.T.);
#2275=FACE_BOUND('',#2067,.T.);
#2276=FACE_BOUND('',#2068,.T.);
#2277=FACE_BOUND('',#2069,.T.);
#2278=FACE_BOUND('',#2070,.T.);
#2279=FACE_BOUND('',#2071,.T.);
#2280=FACE_BOUND('',#2072,.T.);
#2281=FACE_BOUND('',#2073,.T.);
#2282=FACE_BOUND('',#2074,.T.);
#2283=FACE_BOUND('',#2075,.T.);
#2284=FACE_BOUND('',#2076,.T.);
#2285=FACE_BOUND('',#2077,.T.);
#2286=FACE_BOUND('',#2078,.T.);
#2287=FACE_BOUND('',#2079,.T.);
#2288=FACE_BOUND('',#2080,.T.);
#2289=FACE_BOUND('',#2081,.T.);
#2290=FACE_BOUND('',#2082,.T.);
#2291=FACE_BOUND('',#2083,.T.);
#2292=FACE_BOUND('',#2084,.T.);
#2293=FACE_BOUND('',#2085,.T.);
#2294=FACE_BOUND('',#2086,.T.);
#2295=FACE_BOUND('',#2087,.T.);
#2296=FACE_BOUND('',#2088,.T.);
#2297=FACE_BOUND('',#2089,.T.);
#2298=FACE_BOUND('',#2090,.T.);
#2299=FACE_BOUND('',#2091,.T.);
#2300=FACE_BOUND('',#2092,.T.);
#2301=FACE_BOUND('',#2093,.T.);
#2302=FACE_BOUND('',#2094,.T.);
#2303=FACE_BOUND('',#2095,.T.);
#2304=FACE_BOUND('',#2096,.T.);
#2305=FACE_BOUND('',#2097,.T.);
#2306=FACE_BOUND('',#2098,.T.);
#2307=FACE_BOUND('',#2099,.T.);
#2308=FACE_BOUND('',#2100,.T.);
#2309=FACE_BOUND('',#2101,.T.);
#2310=FACE_BOUND('',#2102,.T.);
#2311=FACE_BOUND('',#2103,.T.);
#2312=FACE_BOUND('',#2104,.T.);
#2313=FACE_BOUND('',#2105,.T.);
#2314=FACE_BOUND('',#2106,.T.);
#2315=FACE_BOUND('',#2107,.T.);
#2316=FACE_BOUND('',#2108,.T.);
#2317=FACE_BOUND('',#2109,.T.);
#2318=FACE_BOUND('',#2110,.T.);
#2319=FACE_BOUND('',#2111,.T.);
#2320=FACE_BOUND('',#2112,.T.);
#2321=FACE_BOUND('',#2113,.T.);
#2322=FACE_BOUND('',#2114,.T.);
#2323=FACE_BOUND('',#2115,.T.);
#2324=FACE_BOUND('',#2116,.T.);
#2325=FACE_BOUND('',#2117,.T.);
#2326=FACE_BOUND('',#2118,.T.);
#2327=FACE_BOUND('',#2119,.T.);
#2328=FACE_BOUND('',#2120,.T.);
#2329=FACE_BOUND('',#2121,.T.);
#2330=FACE_BOUND('',#2122,.T.);
#2331=FACE_BOUND('',#2123,.T.);
#2332=FACE_BOUND('',#2124,.T.);
#2333=FACE_BOUND('',#2125,.T.);
#2334=FACE_BOUND('',#2126,.T.);
#2335=FACE_BOUND('',#2127,.T.);
#2336=FACE_BOUND('',#2128,.T.);
#2337=FACE_BOUND('',#2129,.T.);
#2338=FACE_BOUND('',#2130,.T.);
#2339=PLANE('',#2799);
#2340=PLANE('',#2802);
#2341=PLANE('',#2812);
#2342=PLANE('',#2820);
#2343=PLANE('',#2828);
#2344=PLANE('',#2829);
#2345=PLANE('',#2837);
#2346=PLANE('',#2845);
#2347=PLANE('',#2853);
#2348=PLANE('',#2855);
#2349=PLANE('',#2864);
#2350=PLANE('',#2866);
#2351=PLANE('',#2870);
#2352=PLANE('',#2874);
#2353=PLANE('',#2876);
#2354=PLANE('',#2880);
#2355=PLANE('',#2884);
#2356=PLANE('',#2888);
#2357=PLANE('',#2892);
#2358=PLANE('',#2896);
#2359=PLANE('',#2900);
#2360=PLANE('',#2904);
#2361=PLANE('',#2908);
#2362=PLANE('',#2912);
#2363=PLANE('',#2916);
#2364=PLANE('',#2920);
#2365=PLANE('',#2924);
#2366=PLANE('',#2928);
#2367=PLANE('',#2932);
#2368=PLANE('',#2936);
#2369=PLANE('',#2940);
#2370=PLANE('',#2944);
#2371=PLANE('',#2948);
#2372=PLANE('',#2975);
#2373=PLANE('',#2979);
#2374=PLANE('',#2982);
#2375=PLANE('',#2990);
#2376=PLANE('',#2994);
#2377=PLANE('',#2995);
#2378=PLANE('',#2999);
#2379=PLANE('',#3000);
#2380=PLANE('',#3001);
#2381=PLANE('',#3002);
#2382=PLANE('',#3003);
#2383=PLANE('',#3004);
#2384=PLANE('',#3005);
#2385=PLANE('',#3006);
#2386=PLANE('',#3007);
#2387=PLANE('',#3008);
#2388=PLANE('',#3009);
#2389=PLANE('',#3010);
#2390=PLANE('',#3011);
#2391=PLANE('',#3012);
#2392=PLANE('',#3013);
#2393=PLANE('',#3014);
#2394=PLANE('',#3015);
#2395=PLANE('',#3016);
#2396=PLANE('',#3017);
#2397=PLANE('',#3018);
#2398=PLANE('',#3019);
#2399=PLANE('',#3020);
#2400=PLANE('',#3021);
#2401=PLANE('',#3023);
#2402=PLANE('',#3026);
#2403=PLANE('',#3029);
#2404=PLANE('',#3030);
#2405=PLANE('',#3034);
#2406=PLANE('',#3038);
#2407=PLANE('',#3039);
#2408=PLANE('',#3040);
#2409=PLANE('',#3043);
#2410=PLANE('',#3044);
#2411=PLANE('',#3045);
#2412=PLANE('',#3047);
#2413=PLANE('',#3048);
#2414=PLANE('',#3049);
#2415=PLANE('',#3051);
#2416=PLANE('',#3052);
#2417=PLANE('',#3053);
#2418=PLANE('',#3055);
#2419=PLANE('',#3056);
#2420=PLANE('',#3057);
#2421=PLANE('',#3059);
#2422=PLANE('',#3064);
#2423=PLANE('',#3065);
#2424=PLANE('',#3066);
#2425=ADVANCED_FACE('',(#2131,#2132),#2339,.F.);
#2426=ADVANCED_FACE('',(#2133,#2134),#2340,.T.);
#2427=ADVANCED_FACE('',(#2135,#2136,#2137,#2138),#460,.T.);
#2428=ADVANCED_FACE('',(#2139,#2140),#461,.F.);
#2429=ADVANCED_FACE('',(#2141,#2142,#2143,#2144,#2145,#2146,#2147),#2341,
 .F.);
#2430=ADVANCED_FACE('',(#2148,#2149,#2150,#2151,#2152,#2153,#2154),#2342,
 .T.);
#2431=ADVANCED_FACE('',(#2155),#2343,.T.);
#2432=ADVANCED_FACE('',(#2156),#2344,.T.);
#2433=ADVANCED_FACE('',(#2157),#462,.T.);
#2434=ADVANCED_FACE('',(#2158,#2159),#463,.F.);
#2435=ADVANCED_FACE('',(#2160,#2161),#464,.F.);
#2436=ADVANCED_FACE('',(#2162,#2163),#465,.F.);
#2437=ADVANCED_FACE('',(#2164,#2165),#466,.F.);
#2438=ADVANCED_FACE('',(#2166,#2167),#467,.F.);
#2439=ADVANCED_FACE('',(#2168,#2169),#468,.F.);
#2440=ADVANCED_FACE('',(#2170,#2171,#2172,#2173,#2174,#2175,#2176),#2345,
 .F.);
#2441=ADVANCED_FACE('',(#2177,#2178,#2179,#2180,#2181,#2182,#2183),#2346,
 .T.);
#2442=ADVANCED_FACE('',(#2184),#2347,.T.);
#2443=ADVANCED_FACE('',(#2185),#469,.T.);
#2444=ADVANCED_FACE('',(#2186),#2348,.T.);
#2445=ADVANCED_FACE('',(#2187,#2188),#470,.F.);
#2446=ADVANCED_FACE('',(#2189,#2190),#471,.F.);
#2447=ADVANCED_FACE('',(#2191,#2192),#472,.F.);
#2448=ADVANCED_FACE('',(#2193,#2194),#473,.F.);
#2449=ADVANCED_FACE('',(#2195,#2196),#474,.F.);
#2450=ADVANCED_FACE('',(#2197,#2198),#475,.F.);
#2451=ADVANCED_FACE('',(#2199,#2200),#476,.F.);
#2452=ADVANCED_FACE('',(#2201,#2202),#2349,.F.);
#2453=ADVANCED_FACE('',(#2203,#2204),#2350,.T.);
#2454=ADVANCED_FACE('',(#2205,#2206),#477,.F.);
#2455=ADVANCED_FACE('',(#2207),#2351,.F.);
#2456=ADVANCED_FACE('',(#2208,#2209),#478,.F.);
#2457=ADVANCED_FACE('',(#2210,#2211),#2352,.T.);
#2458=ADVANCED_FACE('',(#2212),#2353,.T.);
#2459=ADVANCED_FACE('',(#2213),#479,.F.);
#2460=ADVANCED_FACE('',(#2214),#2354,.T.);
#2461=ADVANCED_FACE('',(#2215),#480,.F.);
#2462=ADVANCED_FACE('',(#2216),#2355,.T.);
#2463=ADVANCED_FACE('',(#2217),#481,.F.);
#2464=ADVANCED_FACE('',(#2218),#2356,.T.);
#2465=ADVANCED_FACE('',(#2219),#482,.F.);
#2466=ADVANCED_FACE('',(#2220),#2357,.T.);
#2467=ADVANCED_FACE('',(#2221),#483,.F.);
#2468=ADVANCED_FACE('',(#2222),#2358,.T.);
#2469=ADVANCED_FACE('',(#2223),#484,.F.);
#2470=ADVANCED_FACE('',(#2224),#2359,.T.);
#2471=ADVANCED_FACE('',(#2225),#485,.F.);
#2472=ADVANCED_FACE('',(#2226),#2360,.T.);
#2473=ADVANCED_FACE('',(#2227),#486,.F.);
#2474=ADVANCED_FACE('',(#2228),#2361,.T.);
#2475=ADVANCED_FACE('',(#2229),#487,.F.);
#2476=ADVANCED_FACE('',(#2230),#2362,.T.);
#2477=ADVANCED_FACE('',(#2231),#488,.F.);
#2478=ADVANCED_FACE('',(#2232),#2363,.T.);
#2479=ADVANCED_FACE('',(#2233),#489,.F.);
#2480=ADVANCED_FACE('',(#2234),#2364,.T.);
#2481=ADVANCED_FACE('',(#2235),#490,.F.);
#2482=ADVANCED_FACE('',(#2236),#2365,.T.);
#2483=ADVANCED_FACE('',(#2237),#491,.F.);
#2484=ADVANCED_FACE('',(#2238),#2366,.T.);
#2485=ADVANCED_FACE('',(#2239),#492,.F.);
#2486=ADVANCED_FACE('',(#2240),#2367,.T.);
#2487=ADVANCED_FACE('',(#2241),#493,.F.);
#2488=ADVANCED_FACE('',(#2242),#2368,.T.);
#2489=ADVANCED_FACE('',(#2243),#494,.F.);
#2490=ADVANCED_FACE('',(#2244),#2369,.T.);
#2491=ADVANCED_FACE('',(#2245),#495,.F.);
#2492=ADVANCED_FACE('',(#2246),#2370,.T.);
#2493=ADVANCED_FACE('',(#2247),#496,.F.);
#2494=ADVANCED_FACE('',(#2248),#2371,.T.);
#2495=ADVANCED_FACE('',(#2249),#497,.F.);
#2496=ADVANCED_FACE('',(#2250,#2251),#10,.T.);
#2497=ADVANCED_FACE('',(#2252),#498,.F.);
#2498=ADVANCED_FACE('',(#2253),#2372,.T.);
#2499=ADVANCED_FACE('',(#2254,#2255),#499,.T.);
#2500=ADVANCED_FACE('',(#2256,#2257),#2373,.F.);
#2501=ADVANCED_FACE('',(#2258),#2374,.T.);
#2502=ADVANCED_FACE('',(#2259),#500,.T.);
#2503=ADVANCED_FACE('',(#2260),#501,.T.);
#2504=ADVANCED_FACE('',(#2261),#2375,.F.);
#2505=ADVANCED_FACE('',(#2262),#502,.F.);
#2506=ADVANCED_FACE('',(#2263),#2376,.T.);
#2507=ADVANCED_FACE('',(#2264),#2377,.T.);
#2508=ADVANCED_FACE('',(#2265),#503,.F.);
#2509=ADVANCED_FACE('',(#2266),#2378,.F.);
#2510=ADVANCED_FACE('',(#2267),#2379,.T.);
#2511=ADVANCED_FACE('',(#2268),#2380,.T.);
#2512=ADVANCED_FACE('',(#2269),#2381,.F.);
#2513=ADVANCED_FACE('',(#2270),#2382,.T.);
#2514=ADVANCED_FACE('',(#2271),#2383,.T.);
#2515=ADVANCED_FACE('',(#2272),#2384,.T.);
#2516=ADVANCED_FACE('',(#2273),#2385,.T.);
#2517=ADVANCED_FACE('',(#2274),#2386,.T.);
#2518=ADVANCED_FACE('',(#2275),#2387,.T.);
#2519=ADVANCED_FACE('',(#2276),#2388,.T.);
#2520=ADVANCED_FACE('',(#2277),#2389,.T.);
#2521=ADVANCED_FACE('',(#2278),#2390,.F.);
#2522=ADVANCED_FACE('',(#2279),#2391,.T.);
#2523=ADVANCED_FACE('',(#2280),#2392,.T.);
#2524=ADVANCED_FACE('',(#2281),#2393,.F.);
#2525=ADVANCED_FACE('',(#2282),#2394,.F.);
#2526=ADVANCED_FACE('',(#2283),#2395,.F.);
#2527=ADVANCED_FACE('',(#2284),#2396,.F.);
#2528=ADVANCED_FACE('',(#2285),#2397,.T.);
#2529=ADVANCED_FACE('',(#2286,#2287),#2398,.T.);
#2530=ADVANCED_FACE('',(#2288),#2399,.T.);
#2531=ADVANCED_FACE('',(#2289),#2400,.F.);
#2532=ADVANCED_FACE('',(#2290,#2291,#2292),#2401,.T.);
#2533=ADVANCED_FACE('',(#2293),#2402,.T.);
#2534=ADVANCED_FACE('',(#2294,#2295),#504,.F.);
#2535=ADVANCED_FACE('',(#2296),#2403,.T.);
#2536=ADVANCED_FACE('',(#2297),#2404,.T.);
#2537=ADVANCED_FACE('',(#2298),#505,.T.);
#2538=ADVANCED_FACE('',(#2299),#2405,.F.);
#2539=ADVANCED_FACE('',(#2300,#2301,#2302),#506,.F.);
#2540=ADVANCED_FACE('',(#2303,#2304),#2406,.T.);
#2541=ADVANCED_FACE('',(#2305,#2306),#2407,.F.);
#2542=ADVANCED_FACE('',(#2307,#2308,#2309),#2408,.F.);
#2543=ADVANCED_FACE('',(#2310),#2409,.F.);
#2544=ADVANCED_FACE('',(#2311),#2410,.T.);
#2545=ADVANCED_FACE('',(#2312,#2313),#2411,.F.);
#2546=ADVANCED_FACE('',(#2314),#2412,.T.);
#2547=ADVANCED_FACE('',(#2315),#2413,.T.);
#2548=ADVANCED_FACE('',(#2316,#2317),#2414,.F.);
#2549=ADVANCED_FACE('',(#2318),#2415,.T.);
#2550=ADVANCED_FACE('',(#2319),#2416,.F.);
#2551=ADVANCED_FACE('',(#2320,#2321),#2417,.T.);
#2552=ADVANCED_FACE('',(#2322),#2418,.T.);
#2553=ADVANCED_FACE('',(#2323),#2419,.F.);
#2554=ADVANCED_FACE('',(#2324,#2325),#2420,.T.);
#2555=ADVANCED_FACE('',(#2326),#2421,.T.);
#2556=ADVANCED_FACE('',(#2327,#2328),#507,.F.);
#2557=ADVANCED_FACE('',(#2329,#2330),#508,.F.);
#2558=ADVANCED_FACE('',(#2331,#2332),#509,.F.);
#2559=ADVANCED_FACE('',(#2333,#2334),#510,.F.);
#2560=ADVANCED_FACE('',(#2335,#2336),#2422,.T.);
#2561=ADVANCED_FACE('',(#2337),#2423,.T.);
#2562=ADVANCED_FACE('',(#2338),#2424,.F.);
#2563=CLOSED_SHELL('',(#2425,#2426,#2427,#2428,#2429,#2430,#2431,#2432,
#2433,#2434,#2435,#2436,#2437,#2438,#2439,#2440,#2441,#2442,#2443,#2444,
#2445,#2446,#2447,#2448,#2449,#2450,#2451,#2452,#2453,#2454));
#2564=CLOSED_SHELL('',(#2455,#2456,#2457,#2458,#2459,#2460,#2461,#2462,
#2463,#2464,#2465,#2466,#2467,#2468,#2469,#2470,#2471,#2472,#2473,#2474,
#2475,#2476,#2477,#2478,#2479,#2480,#2481,#2482,#2483,#2484,#2485,#2486,
#2487,#2488,#2489,#2490,#2491,#2492,#2493,#2494,#2495,#2496,#2497,#2498,
#2499,#2500,#2501,#2502,#2503,#2504,#2505,#2506,#2507,#2508,#2509,#2510,
#2511,#2512,#2513,#2514,#2515,#2516,#2517,#2518,#2519,#2520,#2521,#2522,
#2523,#2524,#2525,#2526,#2527,#2528,#2529,#2530,#2531));
#2565=CLOSED_SHELL('',(#2532,#2533,#2534,#2535,#2536,#2537,#2538,#2539,
#2540,#2541,#2542,#2543,#2544,#2545,#2546,#2547,#2548,#2549,#2550,#2551,
#2552,#2553,#2554,#2555,#2556,#2557,#2558,#2559,#2560,#2561,#2562));
#2566=STYLED_ITEM('',(#2569),#2789);
#2567=STYLED_ITEM('',(#2570),#2790);
#2568=STYLED_ITEM('',(#2604),#2791);
#2569=PRESENTATION_STYLE_ASSIGNMENT((#2605));
#2570=PRESENTATION_STYLE_ASSIGNMENT((#2606));
#2571=PRESENTATION_STYLE_ASSIGNMENT((#2607));
#2572=PRESENTATION_STYLE_ASSIGNMENT((#2608));
#2573=PRESENTATION_STYLE_ASSIGNMENT((#2609));
#2574=PRESENTATION_STYLE_ASSIGNMENT((#2610));
#2575=PRESENTATION_STYLE_ASSIGNMENT((#2611));
#2576=PRESENTATION_STYLE_ASSIGNMENT((#2612));
#2577=PRESENTATION_STYLE_ASSIGNMENT((#2613));
#2578=PRESENTATION_STYLE_ASSIGNMENT((#2614));
#2579=PRESENTATION_STYLE_ASSIGNMENT((#2615));
#2580=PRESENTATION_STYLE_ASSIGNMENT((#2616));
#2581=PRESENTATION_STYLE_ASSIGNMENT((#2617));
#2582=PRESENTATION_STYLE_ASSIGNMENT((#2618));
#2583=PRESENTATION_STYLE_ASSIGNMENT((#2619));
#2584=PRESENTATION_STYLE_ASSIGNMENT((#2620));
#2585=PRESENTATION_STYLE_ASSIGNMENT((#2621));
#2586=PRESENTATION_STYLE_ASSIGNMENT((#2622));
#2587=PRESENTATION_STYLE_ASSIGNMENT((#2623));
#2588=PRESENTATION_STYLE_ASSIGNMENT((#2624));
#2589=PRESENTATION_STYLE_ASSIGNMENT((#2625));
#2590=PRESENTATION_STYLE_ASSIGNMENT((#2626));
#2591=PRESENTATION_STYLE_ASSIGNMENT((#2627));
#2592=PRESENTATION_STYLE_ASSIGNMENT((#2628));
#2593=PRESENTATION_STYLE_ASSIGNMENT((#2629));
#2594=PRESENTATION_STYLE_ASSIGNMENT((#2630));
#2595=PRESENTATION_STYLE_ASSIGNMENT((#2631));
#2596=PRESENTATION_STYLE_ASSIGNMENT((#2632));
#2597=PRESENTATION_STYLE_ASSIGNMENT((#2633));
#2598=PRESENTATION_STYLE_ASSIGNMENT((#2634));
#2599=PRESENTATION_STYLE_ASSIGNMENT((#2635));
#2600=PRESENTATION_STYLE_ASSIGNMENT((#2636));
#2601=PRESENTATION_STYLE_ASSIGNMENT((#2637));
#2602=PRESENTATION_STYLE_ASSIGNMENT((#2638));
#2603=PRESENTATION_STYLE_ASSIGNMENT((#2639));
#2604=PRESENTATION_STYLE_ASSIGNMENT((#2640));
#2605=SURFACE_STYLE_USAGE(.BOTH.,#2641);
#2606=SURFACE_STYLE_USAGE(.BOTH.,#2642);
#2607=SURFACE_STYLE_USAGE(.BOTH.,#2643);
#2608=SURFACE_STYLE_USAGE(.BOTH.,#2644);
#2609=SURFACE_STYLE_USAGE(.BOTH.,#2645);
#2610=SURFACE_STYLE_USAGE(.BOTH.,#2646);
#2611=SURFACE_STYLE_USAGE(.BOTH.,#2647);
#2612=SURFACE_STYLE_USAGE(.BOTH.,#2648);
#2613=SURFACE_STYLE_USAGE(.BOTH.,#2649);
#2614=SURFACE_STYLE_USAGE(.BOTH.,#2650);
#2615=SURFACE_STYLE_USAGE(.BOTH.,#2651);
#2616=SURFACE_STYLE_USAGE(.BOTH.,#2652);
#2617=SURFACE_STYLE_USAGE(.BOTH.,#2653);
#2618=SURFACE_STYLE_USAGE(.BOTH.,#2654);
#2619=SURFACE_STYLE_USAGE(.BOTH.,#2655);
#2620=SURFACE_STYLE_USAGE(.BOTH.,#2656);
#2621=SURFACE_STYLE_USAGE(.BOTH.,#2657);
#2622=SURFACE_STYLE_USAGE(.BOTH.,#2658);
#2623=SURFACE_STYLE_USAGE(.BOTH.,#2659);
#2624=SURFACE_STYLE_USAGE(.BOTH.,#2660);
#2625=SURFACE_STYLE_USAGE(.BOTH.,#2661);
#2626=SURFACE_STYLE_USAGE(.BOTH.,#2662);
#2627=SURFACE_STYLE_USAGE(.BOTH.,#2663);
#2628=SURFACE_STYLE_USAGE(.BOTH.,#2664);
#2629=SURFACE_STYLE_USAGE(.BOTH.,#2665);
#2630=SURFACE_STYLE_USAGE(.BOTH.,#2666);
#2631=SURFACE_STYLE_USAGE(.BOTH.,#2667);
#2632=SURFACE_STYLE_USAGE(.BOTH.,#2668);
#2633=SURFACE_STYLE_USAGE(.BOTH.,#2669);
#2634=SURFACE_STYLE_USAGE(.BOTH.,#2670);
#2635=SURFACE_STYLE_USAGE(.BOTH.,#2671);
#2636=SURFACE_STYLE_USAGE(.BOTH.,#2672);
#2637=SURFACE_STYLE_USAGE(.BOTH.,#2673);
#2638=SURFACE_STYLE_USAGE(.BOTH.,#2674);
#2639=SURFACE_STYLE_USAGE(.BOTH.,#2675);
#2640=SURFACE_STYLE_USAGE(.BOTH.,#2676);
#2641=SURFACE_SIDE_STYLE('',(#2677));
#2642=SURFACE_SIDE_STYLE('',(#2678));
#2643=SURFACE_SIDE_STYLE('',(#2679));
#2644=SURFACE_SIDE_STYLE('',(#2680));
#2645=SURFACE_SIDE_STYLE('',(#2681));
#2646=SURFACE_SIDE_STYLE('',(#2682));
#2647=SURFACE_SIDE_STYLE('',(#2683));
#2648=SURFACE_SIDE_STYLE('',(#2684));
#2649=SURFACE_SIDE_STYLE('',(#2685));
#2650=SURFACE_SIDE_STYLE('',(#2686));
#2651=SURFACE_SIDE_STYLE('',(#2687));
#2652=SURFACE_SIDE_STYLE('',(#2688));
#2653=SURFACE_SIDE_STYLE('',(#2689));
#2654=SURFACE_SIDE_STYLE('',(#2690));
#2655=SURFACE_SIDE_STYLE('',(#2691));
#2656=SURFACE_SIDE_STYLE('',(#2692));
#2657=SURFACE_SIDE_STYLE('',(#2693));
#2658=SURFACE_SIDE_STYLE('',(#2694));
#2659=SURFACE_SIDE_STYLE('',(#2695));
#2660=SURFACE_SIDE_STYLE('',(#2696));
#2661=SURFACE_SIDE_STYLE('',(#2697));
#2662=SURFACE_SIDE_STYLE('',(#2698));
#2663=SURFACE_SIDE_STYLE('',(#2699));
#2664=SURFACE_SIDE_STYLE('',(#2700));
#2665=SURFACE_SIDE_STYLE('',(#2701));
#2666=SURFACE_SIDE_STYLE('',(#2702));
#2667=SURFACE_SIDE_STYLE('',(#2703));
#2668=SURFACE_SIDE_STYLE('',(#2704));
#2669=SURFACE_SIDE_STYLE('',(#2705));
#2670=SURFACE_SIDE_STYLE('',(#2706));
#2671=SURFACE_SIDE_STYLE('',(#2707));
#2672=SURFACE_SIDE_STYLE('',(#2708));
#2673=SURFACE_SIDE_STYLE('',(#2709));
#2674=SURFACE_SIDE_STYLE('',(#2710));
#2675=SURFACE_SIDE_STYLE('',(#2711));
#2676=SURFACE_SIDE_STYLE('',(#2712));
#2677=SURFACE_STYLE_FILL_AREA(#2713);
#2678=SURFACE_STYLE_FILL_AREA(#2714);
#2679=SURFACE_STYLE_FILL_AREA(#2715);
#2680=SURFACE_STYLE_FILL_AREA(#2716);
#2681=SURFACE_STYLE_FILL_AREA(#2717);
#2682=SURFACE_STYLE_FILL_AREA(#2718);
#2683=SURFACE_STYLE_FILL_AREA(#2719);
#2684=SURFACE_STYLE_FILL_AREA(#2720);
#2685=SURFACE_STYLE_FILL_AREA(#2721);
#2686=SURFACE_STYLE_FILL_AREA(#2722);
#2687=SURFACE_STYLE_FILL_AREA(#2723);
#2688=SURFACE_STYLE_FILL_AREA(#2724);
#2689=SURFACE_STYLE_FILL_AREA(#2725);
#2690=SURFACE_STYLE_FILL_AREA(#2726);
#2691=SURFACE_STYLE_FILL_AREA(#2727);
#2692=SURFACE_STYLE_FILL_AREA(#2728);
#2693=SURFACE_STYLE_FILL_AREA(#2729);
#2694=SURFACE_STYLE_FILL_AREA(#2730);
#2695=SURFACE_STYLE_FILL_AREA(#2731);
#2696=SURFACE_STYLE_FILL_AREA(#2732);
#2697=SURFACE_STYLE_FILL_AREA(#2733);
#2698=SURFACE_STYLE_FILL_AREA(#2734);
#2699=SURFACE_STYLE_FILL_AREA(#2735);
#2700=SURFACE_STYLE_FILL_AREA(#2736);
#2701=SURFACE_STYLE_FILL_AREA(#2737);
#2702=SURFACE_STYLE_FILL_AREA(#2738);
#2703=SURFACE_STYLE_FILL_AREA(#2739);
#2704=SURFACE_STYLE_FILL_AREA(#2740);
#2705=SURFACE_STYLE_FILL_AREA(#2741);
#2706=SURFACE_STYLE_FILL_AREA(#2742);
#2707=SURFACE_STYLE_FILL_AREA(#2743);
#2708=SURFACE_STYLE_FILL_AREA(#2744);
#2709=SURFACE_STYLE_FILL_AREA(#2745);
#2710=SURFACE_STYLE_FILL_AREA(#2746);
#2711=SURFACE_STYLE_FILL_AREA(#2747);
#2712=SURFACE_STYLE_FILL_AREA(#2748);
#2713=FILL_AREA_STYLE('',(#2749));
#2714=FILL_AREA_STYLE('',(#2750));
#2715=FILL_AREA_STYLE('',(#2751));
#2716=FILL_AREA_STYLE('',(#2752));
#2717=FILL_AREA_STYLE('',(#2753));
#2718=FILL_AREA_STYLE('',(#2754));
#2719=FILL_AREA_STYLE('',(#2755));
#2720=FILL_AREA_STYLE('',(#2756));
#2721=FILL_AREA_STYLE('',(#2757));
#2722=FILL_AREA_STYLE('',(#2758));
#2723=FILL_AREA_STYLE('',(#2759));
#2724=FILL_AREA_STYLE('',(#2760));
#2725=FILL_AREA_STYLE('',(#2761));
#2726=FILL_AREA_STYLE('',(#2762));
#2727=FILL_AREA_STYLE('',(#2763));
#2728=FILL_AREA_STYLE('',(#2764));
#2729=FILL_AREA_STYLE('',(#2765));
#2730=FILL_AREA_STYLE('',(#2766));
#2731=FILL_AREA_STYLE('',(#2767));
#2732=FILL_AREA_STYLE('',(#2768));
#2733=FILL_AREA_STYLE('',(#2769));
#2734=FILL_AREA_STYLE('',(#2770));
#2735=FILL_AREA_STYLE('',(#2771));
#2736=FILL_AREA_STYLE('',(#2772));
#2737=FILL_AREA_STYLE('',(#2773));
#2738=FILL_AREA_STYLE('',(#2774));
#2739=FILL_AREA_STYLE('',(#2775));
#2740=FILL_AREA_STYLE('',(#2776));
#2741=FILL_AREA_STYLE('',(#2777));
#2742=FILL_AREA_STYLE('',(#2778));
#2743=FILL_AREA_STYLE('',(#2779));
#2744=FILL_AREA_STYLE('',(#2780));
#2745=FILL_AREA_STYLE('',(#2781));
#2746=FILL_AREA_STYLE('',(#2782));
#2747=FILL_AREA_STYLE('',(#2783));
#2748=FILL_AREA_STYLE('',(#2784));
#2749=FILL_AREA_STYLE_COLOUR('',#2785);
#2750=FILL_AREA_STYLE_COLOUR('',#2786);
#2751=FILL_AREA_STYLE_COLOUR('',#2787);
#2752=FILL_AREA_STYLE_COLOUR('',#2787);
#2753=FILL_AREA_STYLE_COLOUR('',#2787);
#2754=FILL_AREA_STYLE_COLOUR('',#2787);
#2755=FILL_AREA_STYLE_COLOUR('',#2787);
#2756=FILL_AREA_STYLE_COLOUR('',#2787);
#2757=FILL_AREA_STYLE_COLOUR('',#2787);
#2758=FILL_AREA_STYLE_COLOUR('',#2787);
#2759=FILL_AREA_STYLE_COLOUR('',#2787);
#2760=FILL_AREA_STYLE_COLOUR('',#2787);
#2761=FILL_AREA_STYLE_COLOUR('',#2787);
#2762=FILL_AREA_STYLE_COLOUR('',#2787);
#2763=FILL_AREA_STYLE_COLOUR('',#2787);
#2764=FILL_AREA_STYLE_COLOUR('',#2787);
#2765=FILL_AREA_STYLE_COLOUR('',#2787);
#2766=FILL_AREA_STYLE_COLOUR('',#2787);
#2767=FILL_AREA_STYLE_COLOUR('',#2787);
#2768=FILL_AREA_STYLE_COLOUR('',#2787);
#2769=FILL_AREA_STYLE_COLOUR('',#2787);
#2770=FILL_AREA_STYLE_COLOUR('',#2787);
#2771=FILL_AREA_STYLE_COLOUR('',#2787);
#2772=FILL_AREA_STYLE_COLOUR('',#2787);
#2773=FILL_AREA_STYLE_COLOUR('',#2787);
#2774=FILL_AREA_STYLE_COLOUR('',#2787);
#2775=FILL_AREA_STYLE_COLOUR('',#2787);
#2776=FILL_AREA_STYLE_COLOUR('',#2787);
#2777=FILL_AREA_STYLE_COLOUR('',#2787);
#2778=FILL_AREA_STYLE_COLOUR('',#2787);
#2779=FILL_AREA_STYLE_COLOUR('',#2787);
#2780=FILL_AREA_STYLE_COLOUR('',#2787);
#2781=FILL_AREA_STYLE_COLOUR('',#2787);
#2782=FILL_AREA_STYLE_COLOUR('',#2787);
#2783=FILL_AREA_STYLE_COLOUR('',#2787);
#2784=FILL_AREA_STYLE_COLOUR('',#2788);
#2785=COLOUR_RGB('',0.627450980392157,0.627450980392157,0.627450980392157);
#2786=COLOUR_RGB('',0.819607843137255,0.819607843137255,0.819607843137255);
#2787=COLOUR_RGB('',0.,0.333333333333334,1.);
#2788=COLOUR_RGB('',0.615686274509804,0.811764705882353,0.929411764705882);
#2789=MANIFOLD_SOLID_BREP('Base (coxa) Joint v10',#2563);
#2790=MANIFOLD_SOLID_BREP('Servo-sg90-final',#2564);
#2791=MANIFOLD_SOLID_BREP('Part 1',#2565);
#2792=SHAPE_DEFINITION_REPRESENTATION(#9338,#2795);
#2793=SHAPE_DEFINITION_REPRESENTATION(#9339,#2796);
#2794=SHAPE_DEFINITION_REPRESENTATION(#9340,#2797);
#2795=SHAPE_REPRESENTATION('Base (coxa) Joint v10',(#2798),#9323);
#2796=SHAPE_REPRESENTATION('Servo-sg90-final',(#2869),#9324);
#2797=SHAPE_REPRESENTATION('Part 1',(#3022),#9325);
#2798=AXIS2_PLACEMENT_3D('',#3797,#3067,#3068);
#2799=AXIS2_PLACEMENT_3D('',#3798,#3069,#3070);
#2800=AXIS2_PLACEMENT_3D('',#3799,#3071,#3072);
#2801=AXIS2_PLACEMENT_3D('',#3801,#3073,#3074);
#2802=AXIS2_PLACEMENT_3D('',#3803,#3075,#3076);
#2803=AXIS2_PLACEMENT_3D('',#3804,#3077,#3078);
#2804=AXIS2_PLACEMENT_3D('',#3806,#3079,#3080);
#2805=AXIS2_PLACEMENT_3D('',#3808,#3081,#3082);
#2806=AXIS2_PLACEMENT_3D('',#3812,#3084,#3085);
#2807=AXIS2_PLACEMENT_3D('',#3816,#3087,#3088);
#2808=AXIS2_PLACEMENT_3D('',#3820,#3090,#3091);
#2809=AXIS2_PLACEMENT_3D('',#3824,#3093,#3094);
#2810=AXIS2_PLACEMENT_3D('',#3825,#3095,#3096);
#2811=AXIS2_PLACEMENT_3D('',#3826,#3097,#3098);
#2812=AXIS2_PLACEMENT_3D('',#3828,#3099,#3100);
#2813=AXIS2_PLACEMENT_3D('',#3829,#3101,#3102);
#2814=AXIS2_PLACEMENT_3D('',#3831,#3103,#3104);
#2815=AXIS2_PLACEMENT_3D('',#3833,#3105,#3106);
#2816=AXIS2_PLACEMENT_3D('',#3835,#3107,#3108);
#2817=AXIS2_PLACEMENT_3D('',#3837,#3109,#3110);
#2818=AXIS2_PLACEMENT_3D('',#3839,#3111,#3112);
#2819=AXIS2_PLACEMENT_3D('',#3843,#3114,#3115);
#2820=AXIS2_PLACEMENT_3D('',#3846,#3117,#3118);
#2821=AXIS2_PLACEMENT_3D('',#3847,#3119,#3120);
#2822=AXIS2_PLACEMENT_3D('',#3849,#3121,#3122);
#2823=AXIS2_PLACEMENT_3D('',#3851,#3123,#3124);
#2824=AXIS2_PLACEMENT_3D('',#3853,#3125,#3126);
#2825=AXIS2_PLACEMENT_3D('',#3855,#3127,#3128);
#2826=AXIS2_PLACEMENT_3D('',#3857,#3129,#3130);
#2827=AXIS2_PLACEMENT_3D('',#3863,#3133,#3134);
#2828=AXIS2_PLACEMENT_3D('',#3864,#3135,#3136);
#2829=AXIS2_PLACEMENT_3D('',#3869,#3137,#3138);
#2830=AXIS2_PLACEMENT_3D('',#3874,#3139,#3140);
#2831=AXIS2_PLACEMENT_3D('',#3875,#3141,#3142);
#2832=AXIS2_PLACEMENT_3D('',#3876,#3143,#3144);
#2833=AXIS2_PLACEMENT_3D('',#3877,#3145,#3146);
#2834=AXIS2_PLACEMENT_3D('',#3878,#3147,#3148);
#2835=AXIS2_PLACEMENT_3D('',#3879,#3149,#3150);
#2836=AXIS2_PLACEMENT_3D('',#3880,#3151,#3152);
#2837=AXIS2_PLACEMENT_3D('',#3881,#3153,#3154);
#2838=AXIS2_PLACEMENT_3D('',#3882,#3155,#3156);
#2839=AXIS2_PLACEMENT_3D('',#3884,#3157,#3158);
#2840=AXIS2_PLACEMENT_3D('',#3886,#3159,#3160);
#2841=AXIS2_PLACEMENT_3D('',#3888,#3161,#3162);
#2842=AXIS2_PLACEMENT_3D('',#3890,#3163,#3164);
#2843=AXIS2_PLACEMENT_3D('',#3892,#3165,#3166);
#2844=AXIS2_PLACEMENT_3D('',#3898,#3169,#3170);
#2845=AXIS2_PLACEMENT_3D('',#3899,#3171,#3172);
#2846=AXIS2_PLACEMENT_3D('',#3900,#3173,#3174);
#2847=AXIS2_PLACEMENT_3D('',#3902,#3175,#3176);
#2848=AXIS2_PLACEMENT_3D('',#3904,#3177,#3178);
#2849=AXIS2_PLACEMENT_3D('',#3906,#3179,#3180);
#2850=AXIS2_PLACEMENT_3D('',#3908,#3181,#3182);
#2851=AXIS2_PLACEMENT_3D('',#3910,#3183,#3184);
#2852=AXIS2_PLACEMENT_3D('',#3914,#3186,#3187);
#2853=AXIS2_PLACEMENT_3D('',#3917,#3189,#3190);
#2854=AXIS2_PLACEMENT_3D('',#3922,#3191,#3192);
#2855=AXIS2_PLACEMENT_3D('',#3927,#3193,#3194);
#2856=AXIS2_PLACEMENT_3D('',#3928,#3195,#3196);
#2857=AXIS2_PLACEMENT_3D('',#3929,#3197,#3198);
#2858=AXIS2_PLACEMENT_3D('',#3930,#3199,#3200);
#2859=AXIS2_PLACEMENT_3D('',#3931,#3201,#3202);
#2860=AXIS2_PLACEMENT_3D('',#3932,#3203,#3204);
#2861=AXIS2_PLACEMENT_3D('',#3933,#3205,#3206);
#2862=AXIS2_PLACEMENT_3D('',#3934,#3207,#3208);
#2863=AXIS2_PLACEMENT_3D('',#3935,#3209,#3210);
#2864=AXIS2_PLACEMENT_3D('',#3937,#3211,#3212);
#2865=AXIS2_PLACEMENT_3D('',#3938,#3213,#3214);
#2866=AXIS2_PLACEMENT_3D('',#3940,#3215,#3216);
#2867=AXIS2_PLACEMENT_3D('',#3941,#3217,#3218);
#2868=AXIS2_PLACEMENT_3D('',#3943,#3219,#3220);
#2869=AXIS2_PLACEMENT_3D('',#3944,#3221,#3222);
#2870=AXIS2_PLACEMENT_3D('',#3945,#3223,#3224);
#2871=AXIS2_PLACEMENT_3D('',#3946,#3225,#3226);
#2872=AXIS2_PLACEMENT_3D('',#3948,#3227,#3228);
#2873=AXIS2_PLACEMENT_3D('',#3949,#3229,#3230);
#2874=AXIS2_PLACEMENT_3D('',#3951,#3231,#3232);
#2875=AXIS2_PLACEMENT_3D('',#3952,#3233,#3234);
#2876=AXIS2_PLACEMENT_3D('',#3954,#3235,#3236);
#2877=AXIS2_PLACEMENT_3D('',#3955,#3237,#3238);
#2878=AXIS2_PLACEMENT_3D('',#3958,#3239,#3240);
#2879=AXIS2_PLACEMENT_3D('',#3959,#3241,#3242);
#2880=AXIS2_PLACEMENT_3D('',#4224,#3245,#3246);
#2881=AXIS2_PLACEMENT_3D('',#4225,#3247,#3248);
#2882=AXIS2_PLACEMENT_3D('',#4228,#3249,#3250);
#2883=AXIS2_PLACEMENT_3D('',#4229,#3251,#3252);
#2884=AXIS2_PLACEMENT_3D('',#4451,#3255,#3256);
#2885=AXIS2_PLACEMENT_3D('',#4452,#3257,#3258);
#2886=AXIS2_PLACEMENT_3D('',#4455,#3259,#3260);
#2887=AXIS2_PLACEMENT_3D('',#4456,#3261,#3262);
#2888=AXIS2_PLACEMENT_3D('',#4678,#3265,#3266);
#2889=AXIS2_PLACEMENT_3D('',#4679,#3267,#3268);
#2890=AXIS2_PLACEMENT_3D('',#4682,#3269,#3270);
#2891=AXIS2_PLACEMENT_3D('',#4683,#3271,#3272);
#2892=AXIS2_PLACEMENT_3D('',#4948,#3275,#3276);
#2893=AXIS2_PLACEMENT_3D('',#4949,#3277,#3278);
#2894=AXIS2_PLACEMENT_3D('',#4952,#3279,#3280);
#2895=AXIS2_PLACEMENT_3D('',#4953,#3281,#3282);
#2896=AXIS2_PLACEMENT_3D('',#5218,#3285,#3286);
#2897=AXIS2_PLACEMENT_3D('',#5219,#3287,#3288);
#2898=AXIS2_PLACEMENT_3D('',#5222,#3289,#3290);
#2899=AXIS2_PLACEMENT_3D('',#5223,#3291,#3292);
#2900=AXIS2_PLACEMENT_3D('',#5488,#3295,#3296);
#2901=AXIS2_PLACEMENT_3D('',#5489,#3297,#3298);
#2902=AXIS2_PLACEMENT_3D('',#5492,#3299,#3300);
#2903=AXIS2_PLACEMENT_3D('',#5493,#3301,#3302);
#2904=AXIS2_PLACEMENT_3D('',#5715,#3305,#3306);
#2905=AXIS2_PLACEMENT_3D('',#5716,#3307,#3308);
#2906=AXIS2_PLACEMENT_3D('',#5719,#3309,#3310);
#2907=AXIS2_PLACEMENT_3D('',#5720,#3311,#3312);
#2908=AXIS2_PLACEMENT_3D('',#5942,#3315,#3316);
#2909=AXIS2_PLACEMENT_3D('',#5943,#3317,#3318);
#2910=AXIS2_PLACEMENT_3D('',#5946,#3319,#3320);
#2911=AXIS2_PLACEMENT_3D('',#5947,#3321,#3322);
#2912=AXIS2_PLACEMENT_3D('',#6212,#3325,#3326);
#2913=AXIS2_PLACEMENT_3D('',#6213,#3327,#3328);
#2914=AXIS2_PLACEMENT_3D('',#6216,#3329,#3330);
#2915=AXIS2_PLACEMENT_3D('',#6217,#3331,#3332);
#2916=AXIS2_PLACEMENT_3D('',#6482,#3335,#3336);
#2917=AXIS2_PLACEMENT_3D('',#6483,#3337,#3338);
#2918=AXIS2_PLACEMENT_3D('',#6486,#3339,#3340);
#2919=AXIS2_PLACEMENT_3D('',#6487,#3341,#3342);
#2920=AXIS2_PLACEMENT_3D('',#6752,#3345,#3346);
#2921=AXIS2_PLACEMENT_3D('',#6753,#3347,#3348);
#2922=AXIS2_PLACEMENT_3D('',#6756,#3349,#3350);
#2923=AXIS2_PLACEMENT_3D('',#6757,#3351,#3352);
#2924=AXIS2_PLACEMENT_3D('',#6979,#3355,#3356);
#2925=AXIS2_PLACEMENT_3D('',#6980,#3357,#3358);
#2926=AXIS2_PLACEMENT_3D('',#6983,#3359,#3360);
#2927=AXIS2_PLACEMENT_3D('',#6984,#3361,#3362);
#2928=AXIS2_PLACEMENT_3D('',#7206,#3365,#3366);
#2929=AXIS2_PLACEMENT_3D('',#7207,#3367,#3368);
#2930=AXIS2_PLACEMENT_3D('',#7210,#3369,#3370);
#2931=AXIS2_PLACEMENT_3D('',#7211,#3371,#3372);
#2932=AXIS2_PLACEMENT_3D('',#7476,#3375,#3376);
#2933=AXIS2_PLACEMENT_3D('',#7477,#3377,#3378);
#2934=AXIS2_PLACEMENT_3D('',#7480,#3379,#3380);
#2935=AXIS2_PLACEMENT_3D('',#7481,#3381,#3382);
#2936=AXIS2_PLACEMENT_3D('',#7746,#3385,#3386);
#2937=AXIS2_PLACEMENT_3D('',#7747,#3387,#3388);
#2938=AXIS2_PLACEMENT_3D('',#7750,#3389,#3390);
#2939=AXIS2_PLACEMENT_3D('',#7751,#3391,#3392);
#2940=AXIS2_PLACEMENT_3D('',#8016,#3395,#3396);
#2941=AXIS2_PLACEMENT_3D('',#8017,#3397,#3398);
#2942=AXIS2_PLACEMENT_3D('',#8020,#3399,#3400);
#2943=AXIS2_PLACEMENT_3D('',#8021,#3401,#3402);
#2944=AXIS2_PLACEMENT_3D('',#8243,#3405,#3406);
#2945=AXIS2_PLACEMENT_3D('',#8244,#3407,#3408);
#2946=AXIS2_PLACEMENT_3D('',#8247,#3409,#3410);
#2947=AXIS2_PLACEMENT_3D('',#8248,#3411,#3412);
#2948=AXIS2_PLACEMENT_3D('',#8470,#3415,#3416);
#2949=AXIS2_PLACEMENT_3D('',#8471,#3417,#3418);
#2950=AXIS2_PLACEMENT_3D('',#8474,#3419,#3420);
#2951=AXIS2_PLACEMENT_3D('',#8475,#3421,#3422);
#2952=AXIS2_PLACEMENT_3D('',#8740,#3425,#3426);
#2953=AXIS2_PLACEMENT_3D('',#8937,#3427,#3428);
#2954=AXIS2_PLACEMENT_3D('',#8938,#3429,#3430);
#2955=AXIS2_PLACEMENT_3D('',#8939,#3431,#3432);
#2956=AXIS2_PLACEMENT_3D('',#8940,#3433,#3434);
#2957=AXIS2_PLACEMENT_3D('',#8941,#3435,#3436);
#2958=AXIS2_PLACEMENT_3D('',#8942,#3437,#3438);
#2959=AXIS2_PLACEMENT_3D('',#8943,#3439,#3440);
#2960=AXIS2_PLACEMENT_3D('',#8944,#3441,#3442);
#2961=AXIS2_PLACEMENT_3D('',#8945,#3443,#3444);
#2962=AXIS2_PLACEMENT_3D('',#8946,#3445,#3446);
#2963=AXIS2_PLACEMENT_3D('',#8947,#3447,#3448);
#2964=AXIS2_PLACEMENT_3D('',#8948,#3449,#3450);
#2965=AXIS2_PLACEMENT_3D('',#8949,#3451,#3452);
#2966=AXIS2_PLACEMENT_3D('',#8950,#3453,#3454);
#2967=AXIS2_PLACEMENT_3D('',#8951,#3455,#3456);
#2968=AXIS2_PLACEMENT_3D('',#8952,#3457,#3458);
#2969=AXIS2_PLACEMENT_3D('',#8953,#3459,#3460);
#2970=AXIS2_PLACEMENT_3D('',#8954,#3461,#3462);
#2971=AXIS2_PLACEMENT_3D('',#8955,#3463,#3464);
#2972=AXIS2_PLACEMENT_3D('',#8956,#3465,#3466);
#2973=AXIS2_PLACEMENT_3D('',#8957,#3467,#3468);
#2974=AXIS2_PLACEMENT_3D('',#8960,#3470,#3471);
#2975=AXIS2_PLACEMENT_3D('',#8963,#3473,#3474);
#2976=AXIS2_PLACEMENT_3D('',#8964,#3475,#3476);
#2977=AXIS2_PLACEMENT_3D('',#8965,#3477,#3478);
#2978=AXIS2_PLACEMENT_3D('',#8966,#3479,#3480);
#2979=AXIS2_PLACEMENT_3D('',#8968,#3481,#3482);
#2980=AXIS2_PLACEMENT_3D('',#8969,#3483,#3484);
#2981=AXIS2_PLACEMENT_3D('',#8972,#3485,#3486);
#2982=AXIS2_PLACEMENT_3D('',#8973,#3487,#3488);
#2983=AXIS2_PLACEMENT_3D('',#8982,#3493,#3494);
#2984=AXIS2_PLACEMENT_3D('',#8985,#3496,#3497);
#2985=AXIS2_PLACEMENT_3D('',#8988,#3499,#3500);
#2986=AXIS2_PLACEMENT_3D('',#8989,#3501,#3502);
#2987=AXIS2_PLACEMENT_3D('',#8992,#3503,#3504);
#2988=AXIS2_PLACEMENT_3D('',#8994,#3505,#3506);
#2989=AXIS2_PLACEMENT_3D('',#8995,#3507,#3508);
#2990=AXIS2_PLACEMENT_3D('',#8996,#3509,#3510);
#2991=AXIS2_PLACEMENT_3D('',#9005,#3515,#3516);
#2992=AXIS2_PLACEMENT_3D('',#9006,#3517,#3518);
#2993=AXIS2_PLACEMENT_3D('',#9010,#3520,#3521);
#2994=AXIS2_PLACEMENT_3D('',#9011,#3522,#3523);
#2995=AXIS2_PLACEMENT_3D('',#9017,#3527,#3528);
#2996=AXIS2_PLACEMENT_3D('',#9026,#3533,#3534);
#2997=AXIS2_PLACEMENT_3D('',#9027,#3535,#3536);
#2998=AXIS2_PLACEMENT_3D('',#9031,#3538,#3539);
#2999=AXIS2_PLACEMENT_3D('',#9032,#3540,#3541);
#3000=AXIS2_PLACEMENT_3D('',#9038,#3545,#3546);
#3001=AXIS2_PLACEMENT_3D('',#9042,#3549,#3550);
#3002=AXIS2_PLACEMENT_3D('',#9048,#3554,#3555);
#3003=AXIS2_PLACEMENT_3D('',#9054,#3559,#3560);
#3004=AXIS2_PLACEMENT_3D('',#9060,#3564,#3565);
#3005=AXIS2_PLACEMENT_3D('',#9064,#3568,#3569);
#3006=AXIS2_PLACEMENT_3D('',#9068,#3572,#3573);
#3007=AXIS2_PLACEMENT_3D('',#9070,#3575,#3576);
#3008=AXIS2_PLACEMENT_3D('',#9074,#3579,#3580);
#3009=AXIS2_PLACEMENT_3D('',#9080,#3584,#3585);
#3010=AXIS2_PLACEMENT_3D('',#9086,#3589,#3590);
#3011=AXIS2_PLACEMENT_3D('',#9091,#3594,#3595);
#3012=AXIS2_PLACEMENT_3D('',#9097,#3599,#3600);
#3013=AXIS2_PLACEMENT_3D('',#9101,#3603,#3604);
#3014=AXIS2_PLACEMENT_3D('',#9106,#3608,#3609);
#3015=AXIS2_PLACEMENT_3D('',#9112,#3613,#3614);
#3016=AXIS2_PLACEMENT_3D('',#9116,#3617,#3618);
#3017=AXIS2_PLACEMENT_3D('',#9122,#3622,#3623);
#3018=AXIS2_PLACEMENT_3D('',#9128,#3627,#3628);
#3019=AXIS2_PLACEMENT_3D('',#9132,#3631,#3632);
#3020=AXIS2_PLACEMENT_3D('',#9136,#3635,#3636);
#3021=AXIS2_PLACEMENT_3D('',#9138,#3638,#3639);
#3022=AXIS2_PLACEMENT_3D('',#9139,#3640,#3641);
#3023=AXIS2_PLACEMENT_3D('',#9140,#3642,#3643);
#3024=AXIS2_PLACEMENT_3D('',#9141,#3644,#3645);
#3025=AXIS2_PLACEMENT_3D('',#9143,#3646,#3647);
#3026=AXIS2_PLACEMENT_3D('',#9161,#3656,#3657);
#3027=AXIS2_PLACEMENT_3D('',#9179,#3667,#3668);
#3028=AXIS2_PLACEMENT_3D('',#9192,#3669,#3670);
#3029=AXIS2_PLACEMENT_3D('',#9194,#3671,#3672);
#3030=AXIS2_PLACEMENT_3D('',#9213,#3683,#3684);
#3031=AXIS2_PLACEMENT_3D('',#9222,#3689,#3690);
#3032=AXIS2_PLACEMENT_3D('',#9223,#3691,#3692);
#3033=AXIS2_PLACEMENT_3D('',#9227,#3694,#3695);
#3034=AXIS2_PLACEMENT_3D('',#9228,#3696,#3697);
#3035=AXIS2_PLACEMENT_3D('',#9234,#3701,#3702);
#3036=AXIS2_PLACEMENT_3D('',#9235,#3703,#3704);
#3037=AXIS2_PLACEMENT_3D('',#9237,#3705,#3706);
#3038=AXIS2_PLACEMENT_3D('',#9239,#3707,#3708);
#3039=AXIS2_PLACEMENT_3D('',#9241,#3710,#3711);
#3040=AXIS2_PLACEMENT_3D('',#9251,#3717,#3718);
#3041=AXIS2_PLACEMENT_3D('',#9252,#3719,#3720);
#3042=AXIS2_PLACEMENT_3D('',#9254,#3721,#3722);
#3043=AXIS2_PLACEMENT_3D('',#9265,#3729,#3730);
#3044=AXIS2_PLACEMENT_3D('',#9275,#3737,#3738);
#3045=AXIS2_PLACEMENT_3D('',#9279,#3741,#3742);
#3046=AXIS2_PLACEMENT_3D('',#9280,#3743,#3744);
#3047=AXIS2_PLACEMENT_3D('',#9283,#3746,#3747);
#3048=AXIS2_PLACEMENT_3D('',#9284,#3748,#3749);
#3049=AXIS2_PLACEMENT_3D('',#9288,#3752,#3753);
#3050=AXIS2_PLACEMENT_3D('',#9289,#3754,#3755);
#3051=AXIS2_PLACEMENT_3D('',#9292,#3757,#3758);
#3052=AXIS2_PLACEMENT_3D('',#9293,#3759,#3760);
#3053=AXIS2_PLACEMENT_3D('',#9297,#3763,#3764);
#3054=AXIS2_PLACEMENT_3D('',#9298,#3765,#3766);
#3055=AXIS2_PLACEMENT_3D('',#9301,#3768,#3769);
#3056=AXIS2_PLACEMENT_3D('',#9302,#3770,#3771);
#3057=AXIS2_PLACEMENT_3D('',#9306,#3774,#3775);
#3058=AXIS2_PLACEMENT_3D('',#9307,#3776,#3777);
#3059=AXIS2_PLACEMENT_3D('',#9310,#3779,#3780);
#3060=AXIS2_PLACEMENT_3D('',#9311,#3781,#3782);
#3061=AXIS2_PLACEMENT_3D('',#9312,#3783,#3784);
#3062=AXIS2_PLACEMENT_3D('',#9313,#3785,#3786);
#3063=AXIS2_PLACEMENT_3D('',#9314,#3787,#3788);
#3064=AXIS2_PLACEMENT_3D('',#9315,#3789,#3790);
#3065=AXIS2_PLACEMENT_3D('',#9318,#3793,#3794);
#3066=AXIS2_PLACEMENT_3D('',#9319,#3795,#3796);
#3067=DIRECTION('',(0.,0.,1.));
#3068=DIRECTION('',(1.,0.,0.));
#3069=DIRECTION('',(1.,0.,0.));
#3070=DIRECTION('',(0.,0.,-1.));
#3071=DIRECTION('',(-1.,0.,0.));
#3072=DIRECTION('',(0.,0.,-1.));
#3073=DIRECTION('',(1.,0.,0.));
#3074=DIRECTION('',(0.,0.,-1.));
#3075=DIRECTION('',(1.,0.,0.));
#3076=DIRECTION('',(0.,0.,-1.));
#3077=DIRECTION('',(-1.,0.,0.));
#3078=DIRECTION('',(0.,0.,-1.));
#3079=DIRECTION('',(1.,0.,0.));
#3080=DIRECTION('',(0.,0.,-1.));
#3081=DIRECTION('',(1.,0.,0.));
#3082=DIRECTION('',(0.,0.,-1.));
#3083=DIRECTION('',(1.,0.,0.));
#3084=DIRECTION('',(1.,0.,0.));
#3085=DIRECTION('',(0.,0.,-1.));
#3086=DIRECTION('',(1.,0.,0.));
#3087=DIRECTION('',(-1.,0.,0.));
#3088=DIRECTION('',(0.,0.,-1.));
#3089=DIRECTION('',(1.,0.,0.));
#3090=DIRECTION('',(1.,0.,0.));
#3091=DIRECTION('',(0.,0.,-1.));
#3092=DIRECTION('',(1.,0.,0.));
#3093=DIRECTION('',(-1.,0.,0.));
#3094=DIRECTION('',(0.,0.,-1.));
#3095=DIRECTION('',(1.,0.,0.));
#3096=DIRECTION('',(0.,0.,-1.));
#3097=DIRECTION('',(-1.,0.,0.));
#3098=DIRECTION('',(0.,0.,-1.));
#3099=DIRECTION('',(1.,0.,0.));
#3100=DIRECTION('',(0.,0.,-1.));
#3101=DIRECTION('',(-1.,0.,0.));
#3102=DIRECTION('',(0.,0.,-1.));
#3103=DIRECTION('',(-1.,0.,0.));
#3104=DIRECTION('',(0.,0.,-1.));
#3105=DIRECTION('',(-1.,0.,0.));
#3106=DIRECTION('',(0.,0.,-1.));
#3107=DIRECTION('',(-1.,0.,0.));
#3108=DIRECTION('',(0.,0.,-1.));
#3109=DIRECTION('',(-1.,0.,0.));
#3110=DIRECTION('',(0.,0.,-1.));
#3111=DIRECTION('',(-1.,0.,0.));
#3112=DIRECTION('',(0.,0.,-1.));
#3113=DIRECTION('',(0.,-0.0684356364621374,-0.997655533569589));
#3114=DIRECTION('',(1.,0.,0.));
#3115=DIRECTION('',(0.,0.995188326815852,0.0979805805732178));
#3116=DIRECTION('',(0.,0.0684356364621374,-0.997655533569589));
#3117=DIRECTION('',(1.,0.,0.));
#3118=DIRECTION('',(0.,0.,-1.));
#3119=DIRECTION('',(-1.,0.,0.));
#3120=DIRECTION('',(0.,0.,-1.));
#3121=DIRECTION('',(-1.,0.,0.));
#3122=DIRECTION('',(0.,0.,-1.));
#3123=DIRECTION('',(-1.,0.,0.));
#3124=DIRECTION('',(0.,0.,-1.));
#3125=DIRECTION('',(-1.,0.,0.));
#3126=DIRECTION('',(0.,0.,-1.));
#3127=DIRECTION('',(-1.,0.,0.));
#3128=DIRECTION('',(0.,0.,-1.));
#3129=DIRECTION('',(-1.,0.,0.));
#3130=DIRECTION('',(0.,0.,-1.));
#3131=DIRECTION('',(0.,-0.0684356364621374,-0.997655533569589));
#3132=DIRECTION('',(0.,-0.0684356364621374,0.997655533569589));
#3133=DIRECTION('',(1.,0.,0.));
#3134=DIRECTION('',(0.,0.995188326815852,0.0979805805732178));
#3135=DIRECTION('',(0.,-0.997655533569589,0.0684356364621374));
#3136=DIRECTION('',(0.,-0.0684356364621374,-0.997655533569589));
#3137=DIRECTION('',(0.,0.997655533569589,0.0684356364621374));
#3138=DIRECTION('',(0.,-0.0684356364621374,0.997655533569589));
#3139=DIRECTION('',(1.,0.,0.));
#3140=DIRECTION('',(0.,0.995188326815852,0.0979805805732178));
#3141=DIRECTION('',(1.,0.,0.));
#3142=DIRECTION('',(0.,0.,-1.));
#3143=DIRECTION('',(1.,0.,0.));
#3144=DIRECTION('',(0.,0.,-1.));
#3145=DIRECTION('',(1.,0.,0.));
#3146=DIRECTION('',(0.,0.,-1.));
#3147=DIRECTION('',(1.,0.,0.));
#3148=DIRECTION('',(0.,0.,-1.));
#3149=DIRECTION('',(1.,0.,0.));
#3150=DIRECTION('',(0.,0.,-1.));
#3151=DIRECTION('',(1.,0.,0.));
#3152=DIRECTION('',(0.,0.,-1.));
#3153=DIRECTION('',(1.,0.,0.));
#3154=DIRECTION('',(0.,0.,-1.));
#3155=DIRECTION('',(-1.,0.,0.));
#3156=DIRECTION('',(0.,0.,-1.));
#3157=DIRECTION('',(-1.,0.,0.));
#3158=DIRECTION('',(0.,0.,-1.));
#3159=DIRECTION('',(-1.,0.,0.));
#3160=DIRECTION('',(0.,0.,-1.));
#3161=DIRECTION('',(-1.,0.,0.));
#3162=DIRECTION('',(0.,0.,-1.));
#3163=DIRECTION('',(-1.,0.,0.));
#3164=DIRECTION('',(0.,0.,-1.));
#3165=DIRECTION('',(-1.,0.,0.));
#3166=DIRECTION('',(0.,0.,-1.));
#3167=DIRECTION('',(0.,0.0684356364621374,-0.997655533569589));
#3168=DIRECTION('',(0.,-0.0684356364621374,-0.997655533569589));
#3169=DIRECTION('',(1.,0.,0.));
#3170=DIRECTION('',(0.,-0.995188327169216,-0.0979805769841036));
#3171=DIRECTION('',(1.,0.,0.));
#3172=DIRECTION('',(0.,0.,-1.));
#3173=DIRECTION('',(-1.,0.,0.));
#3174=DIRECTION('',(0.,0.,-1.));
#3175=DIRECTION('',(-1.,0.,0.));
#3176=DIRECTION('',(0.,0.,-1.));
#3177=DIRECTION('',(-1.,0.,0.));
#3178=DIRECTION('',(0.,0.,-1.));
#3179=DIRECTION('',(-1.,0.,0.));
#3180=DIRECTION('',(0.,0.,-1.));
#3181=DIRECTION('',(-1.,0.,0.));
#3182=DIRECTION('',(0.,0.,-1.));
#3183=DIRECTION('',(-1.,0.,0.));
#3184=DIRECTION('',(0.,0.,-1.));
#3185=DIRECTION('',(0.,0.0684356364621374,-0.997655533569589));
#3186=DIRECTION('',(1.,0.,0.));
#3187=DIRECTION('',(0.,-0.995188327169216,-0.0979805769841036));
#3188=DIRECTION('',(0.,0.0684356364621374,0.997655533569589));
#3189=DIRECTION('',(0.,-0.997655533569589,-0.0684356364621374));
#3190=DIRECTION('',(0.,0.0684356364621374,-0.997655533569589));
#3191=DIRECTION('',(1.,0.,0.));
#3192=DIRECTION('',(0.,-0.995188327169216,-0.0979805769841036));
#3193=DIRECTION('',(0.,0.997655533569589,-0.0684356364621374));
#3194=DIRECTION('',(0.,0.0684356364621374,0.997655533569589));
#3195=DIRECTION('',(1.,0.,0.));
#3196=DIRECTION('',(0.,0.,-1.));
#3197=DIRECTION('',(1.,0.,0.));
#3198=DIRECTION('',(0.,0.,-1.));
#3199=DIRECTION('',(1.,0.,0.));
#3200=DIRECTION('',(0.,0.,-1.));
#3201=DIRECTION('',(1.,0.,0.));
#3202=DIRECTION('',(0.,0.,-1.));
#3203=DIRECTION('',(1.,0.,0.));
#3204=DIRECTION('',(0.,0.,-1.));
#3205=DIRECTION('',(1.,0.,0.));
#3206=DIRECTION('',(0.,0.,-1.));
#3207=DIRECTION('',(1.,0.,0.));
#3208=DIRECTION('',(0.,0.,-1.));
#3209=DIRECTION('',(1.,0.,0.));
#3210=DIRECTION('',(0.,0.,-1.));
#3211=DIRECTION('',(1.,0.,0.));
#3212=DIRECTION('',(0.,0.,-1.));
#3213=DIRECTION('',(-1.,0.,0.));
#3214=DIRECTION('',(0.,0.,-1.));
#3215=DIRECTION('',(1.,0.,0.));
#3216=DIRECTION('',(0.,0.,-1.));
#3217=DIRECTION('',(-1.,0.,0.));
#3218=DIRECTION('',(0.,0.,-1.));
#3219=DIRECTION('',(1.,0.,0.));
#3220=DIRECTION('',(0.,0.,-1.));
#3221=DIRECTION('',(0.,0.,1.));
#3222=DIRECTION('',(1.,0.,0.));
#3223=DIRECTION('',(1.,0.,0.));
#3224=DIRECTION('',(0.,-1.,0.));
#3225=DIRECTION('',(-1.,0.,0.));
#3226=DIRECTION('',(0.,1.,0.));
#3227=DIRECTION('',(-1.,0.,0.));
#3228=DIRECTION('',(0.,1.,0.));
#3229=DIRECTION('',(-1.,0.,0.));
#3230=DIRECTION('',(0.,1.,0.));
#3231=DIRECTION('',(-1.,0.,0.));
#3232=DIRECTION('',(0.,1.,0.));
#3233=DIRECTION('',(-1.,0.,0.));
#3234=DIRECTION('',(0.,1.,0.));
#3235=DIRECTION('',(-1.,0.,0.));
#3236=DIRECTION('',(0.,-0.30901699437504,0.951056516295123));
#3237=DIRECTION('',(-1.,0.,0.));
#3238=DIRECTION('',(0.,1.,0.));
#3239=DIRECTION('',(-1.,0.,0.));
#3240=DIRECTION('',(0.,0.951056516295123,0.30901699437504));
#3241=DIRECTION('',(-1.,0.,0.));
#3242=DIRECTION('',(0.,0.951056516295123,0.30901699437504));
#3243=DIRECTION('',(-1.,0.,0.));
#3244=DIRECTION('',(-1.,0.,0.));
#3245=DIRECTION('',(-1.,0.,0.));
#3246=DIRECTION('',(0.,-0.30901699437504,0.951056516295123));
#3247=DIRECTION('',(-1.,0.,0.));
#3248=DIRECTION('',(0.,1.,0.));
#3249=DIRECTION('',(-1.,0.,0.));
#3250=DIRECTION('',(0.,0.809016994375191,0.587785252292138));
#3251=DIRECTION('',(-1.,0.,0.));
#3252=DIRECTION('',(0.,0.809016994375191,0.587785252292138));
#3253=DIRECTION('',(-1.,0.,0.));
#3254=DIRECTION('',(-1.,0.,0.));
#3255=DIRECTION('',(-1.,0.,0.));
#3256=DIRECTION('',(0.,-0.30901699437504,0.951056516295123));
#3257=DIRECTION('',(-1.,0.,0.));
#3258=DIRECTION('',(0.,1.,0.));
#3259=DIRECTION('',(-1.,0.,0.));
#3260=DIRECTION('',(0.,0.587785252292138,0.809016994375191));
#3261=DIRECTION('',(-1.,0.,0.));
#3262=DIRECTION('',(0.,0.587785252292138,0.809016994375191));
#3263=DIRECTION('',(-1.,0.,0.));
#3264=DIRECTION('',(-1.,0.,0.));
#3265=DIRECTION('',(-1.,0.,0.));
#3266=DIRECTION('',(0.,-0.30901699437504,0.951056516295123));
#3267=DIRECTION('',(-1.,0.,0.));
#3268=DIRECTION('',(0.,1.,0.));
#3269=DIRECTION('',(-1.,0.,0.));
#3270=DIRECTION('',(0.,0.30901699437504,0.951056516295123));
#3271=DIRECTION('',(-1.,0.,0.));
#3272=DIRECTION('',(0.,0.30901699437504,0.951056516295123));
#3273=DIRECTION('',(-1.,0.,0.));
#3274=DIRECTION('',(-1.,0.,0.));
#3275=DIRECTION('',(-1.,0.,0.));
#3276=DIRECTION('',(0.,-0.30901699437504,0.951056516295123));
#3277=DIRECTION('',(-1.,0.,0.));
#3278=DIRECTION('',(0.,1.,0.));
#3279=DIRECTION('',(-1.,0.,0.));
#3280=DIRECTION('',(0.,-2.22044604925E-16,1.));
#3281=DIRECTION('',(-1.,0.,0.));
#3282=DIRECTION('',(0.,-2.22044604925E-16,1.));
#3283=DIRECTION('',(-1.,0.,0.));
#3284=DIRECTION('',(-1.,0.,0.));
#3285=DIRECTION('',(-1.,0.,0.));
#3286=DIRECTION('',(0.,-0.30901699437504,0.951056516295123));
#3287=DIRECTION('',(-1.,0.,0.));
#3288=DIRECTION('',(0.,1.,0.));
#3289=DIRECTION('',(-1.,0.,0.));
#3290=DIRECTION('',(0.,-0.30901699437504,0.951056516295123));
#3291=DIRECTION('',(-1.,0.,0.));
#3292=DIRECTION('',(0.,-0.30901699437504,0.951056516295123));
#3293=DIRECTION('',(-1.,0.,0.));
#3294=DIRECTION('',(-1.,0.,0.));
#3295=DIRECTION('',(-1.,0.,0.));
#3296=DIRECTION('',(0.,-0.30901699437504,0.951056516295123));
#3297=DIRECTION('',(-1.,0.,0.));
#3298=DIRECTION('',(0.,1.,0.));
#3299=DIRECTION('',(-1.,0.,0.));
#3300=DIRECTION('',(0.,-0.587785252292138,0.809016994375191));
#3301=DIRECTION('',(-1.,0.,0.));
#3302=DIRECTION('',(0.,-0.587785252292138,0.809016994375191));
#3303=DIRECTION('',(-1.,0.,0.));
#3304=DIRECTION('',(-1.,0.,0.));
#3305=DIRECTION('',(-1.,0.,0.));
#3306=DIRECTION('',(0.,-0.30901699437504,0.951056516295123));
#3307=DIRECTION('',(-1.,0.,0.));
#3308=DIRECTION('',(0.,1.,0.));
#3309=DIRECTION('',(-1.,0.,0.));
#3310=DIRECTION('',(0.,-0.809016994375191,0.587785252292138));
#3311=DIRECTION('',(-1.,0.,0.));
#3312=DIRECTION('',(0.,-0.809016994375191,0.587785252292138));
#3313=DIRECTION('',(-1.,0.,0.));
#3314=DIRECTION('',(-1.,0.,0.));
#3315=DIRECTION('',(-1.,0.,0.));
#3316=DIRECTION('',(0.,-0.30901699437504,0.951056516295123));
#3317=DIRECTION('',(-1.,0.,0.));
#3318=DIRECTION('',(0.,1.,0.));
#3319=DIRECTION('',(-1.,0.,0.));
#3320=DIRECTION('',(0.,-0.951056516295123,0.30901699437504));
#3321=DIRECTION('',(-1.,0.,0.));
#3322=DIRECTION('',(0.,-0.951056516295123,0.30901699437504));
#3323=DIRECTION('',(-1.,0.,0.));
#3324=DIRECTION('',(-1.,0.,0.));
#3325=DIRECTION('',(-1.,0.,0.));
#3326=DIRECTION('',(0.,-0.30901699437504,0.951056516295123));
#3327=DIRECTION('',(-1.,0.,0.));
#3328=DIRECTION('',(0.,1.,0.));
#3329=DIRECTION('',(-1.,0.,0.));
#3330=DIRECTION('',(0.,-1.,-1.224646799147E-16));
#3331=DIRECTION('',(-1.,0.,0.));
#3332=DIRECTION('',(0.,-1.,-1.224646799147E-16));
#3333=DIRECTION('',(-1.,0.,0.));
#3334=DIRECTION('',(-1.,0.,0.));
#3335=DIRECTION('',(-1.,0.,0.));
#3336=DIRECTION('',(0.,-0.30901699437504,0.951056516295123));
#3337=DIRECTION('',(-1.,0.,0.));
#3338=DIRECTION('',(0.,1.,0.));
#3339=DIRECTION('',(-1.,0.,0.));
#3340=DIRECTION('',(0.,-0.951056516295123,-0.30901699437504));
#3341=DIRECTION('',(-1.,0.,0.));
#3342=DIRECTION('',(0.,-0.951056516295123,-0.30901699437504));
#3343=DIRECTION('',(-1.,0.,0.));
#3344=DIRECTION('',(-1.,0.,0.));
#3345=DIRECTION('',(-1.,0.,0.));
#3346=DIRECTION('',(0.,-0.30901699437504,0.951056516295123));
#3347=DIRECTION('',(-1.,0.,0.));
#3348=DIRECTION('',(0.,1.,0.));
#3349=DIRECTION('',(-1.,0.,0.));
#3350=DIRECTION('',(0.,-0.809016994375191,-0.587785252292138));
#3351=DIRECTION('',(-1.,0.,0.));
#3352=DIRECTION('',(0.,-0.809016994375191,-0.587785252292138));
#3353=DIRECTION('',(-1.,0.,0.));
#3354=DIRECTION('',(-1.,0.,0.));
#3355=DIRECTION('',(-1.,0.,0.));
#3356=DIRECTION('',(0.,-0.30901699437504,0.951056516295123));
#3357=DIRECTION('',(-1.,0.,0.));
#3358=DIRECTION('',(0.,1.,0.));
#3359=DIRECTION('',(-1.,0.,0.));
#3360=DIRECTION('',(0.,-0.587785252292138,-0.809016994375191));
#3361=DIRECTION('',(-1.,0.,0.));
#3362=DIRECTION('',(0.,-0.587785252292138,-0.809016994375191));
#3363=DIRECTION('',(-1.,0.,0.));
#3364=DIRECTION('',(-1.,0.,0.));
#3365=DIRECTION('',(-1.,0.,0.));
#3366=DIRECTION('',(0.,-0.30901699437504,0.951056516295123));
#3367=DIRECTION('',(-1.,0.,0.));
#3368=DIRECTION('',(0.,1.,0.));
#3369=DIRECTION('',(-1.,0.,0.));
#3370=DIRECTION('',(0.,-0.30901699437504,-0.951056516295123));
#3371=DIRECTION('',(-1.,0.,0.));
#3372=DIRECTION('',(0.,-0.30901699437504,-0.951056516295123));
#3373=DIRECTION('',(-1.,0.,0.));
#3374=DIRECTION('',(-1.,0.,0.));
#3375=DIRECTION('',(-1.,0.,0.));
#3376=DIRECTION('',(0.,-0.30901699437504,0.951056516295123));
#3377=DIRECTION('',(-1.,0.,0.));
#3378=DIRECTION('',(0.,1.,0.));
#3379=DIRECTION('',(-1.,0.,0.));
#3380=DIRECTION('',(0.,1.110223024625E-16,-1.));
#3381=DIRECTION('',(-1.,0.,0.));
#3382=DIRECTION('',(0.,1.110223024625E-16,-1.));
#3383=DIRECTION('',(-1.,0.,0.));
#3384=DIRECTION('',(-1.,0.,0.));
#3385=DIRECTION('',(-1.,0.,0.));
#3386=DIRECTION('',(0.,-0.30901699437504,0.951056516295123));
#3387=DIRECTION('',(-1.,0.,0.));
#3388=DIRECTION('',(0.,1.,0.));
#3389=DIRECTION('',(-1.,0.,0.));
#3390=DIRECTION('',(0.,0.30901699437504,-0.951056516295123));
#3391=DIRECTION('',(-1.,0.,0.));
#3392=DIRECTION('',(0.,0.30901699437504,-0.951056516295123));
#3393=DIRECTION('',(-1.,0.,0.));
#3394=DIRECTION('',(-1.,0.,0.));
#3395=DIRECTION('',(-1.,0.,0.));
#3396=DIRECTION('',(0.,-0.30901699437504,0.951056516295123));
#3397=DIRECTION('',(-1.,0.,0.));
#3398=DIRECTION('',(0.,1.,0.));
#3399=DIRECTION('',(-1.,0.,0.));
#3400=DIRECTION('',(0.,0.587785252292138,-0.809016994375191));
#3401=DIRECTION('',(-1.,0.,0.));
#3402=DIRECTION('',(0.,0.587785252292138,-0.809016994375191));
#3403=DIRECTION('',(-1.,0.,0.));
#3404=DIRECTION('',(-1.,0.,0.));
#3405=DIRECTION('',(-1.,0.,0.));
#3406=DIRECTION('',(0.,-0.30901699437504,0.951056516295123));
#3407=DIRECTION('',(-1.,0.,0.));
#3408=DIRECTION('',(0.,1.,0.));
#3409=DIRECTION('',(-1.,0.,0.));
#3410=DIRECTION('',(0.,0.809016994375191,-0.587785252292138));
#3411=DIRECTION('',(-1.,0.,0.));
#3412=DIRECTION('',(0.,0.809016994375191,-0.587785252292138));
#3413=DIRECTION('',(-1.,0.,0.));
#3414=DIRECTION('',(-1.,0.,0.));
#3415=DIRECTION('',(-1.,0.,0.));
#3416=DIRECTION('',(0.,-0.30901699437504,0.951056516295123));
#3417=DIRECTION('',(-1.,0.,0.));
#3418=DIRECTION('',(0.,1.,0.));
#3419=DIRECTION('',(-1.,0.,0.));
#3420=DIRECTION('',(0.,0.951056516295123,-0.30901699437504));
#3421=DIRECTION('',(-1.,0.,0.));
#3422=DIRECTION('',(0.,0.951056516295123,-0.30901699437504));
#3423=DIRECTION('',(-1.,0.,0.));
#3424=DIRECTION('',(-1.,0.,0.));
#3425=DIRECTION('',(-1.,0.,0.));
#3426=DIRECTION('',(0.,1.,0.));
#3427=DIRECTION('',(-1.,0.,0.));
#3428=DIRECTION('',(0.,1.,0.));
#3429=DIRECTION('',(-1.,0.,0.));
#3430=DIRECTION('',(0.,1.,0.));
#3431=DIRECTION('',(-1.,0.,0.));
#3432=DIRECTION('',(0.,1.,0.));
#3433=DIRECTION('',(-1.,0.,0.));
#3434=DIRECTION('',(0.,1.,0.));
#3435=DIRECTION('',(-1.,0.,0.));
#3436=DIRECTION('',(0.,1.,0.));
#3437=DIRECTION('',(-1.,0.,0.));
#3438=DIRECTION('',(0.,1.,0.));
#3439=DIRECTION('',(-1.,0.,0.));
#3440=DIRECTION('',(0.,1.,0.));
#3441=DIRECTION('',(-1.,0.,0.));
#3442=DIRECTION('',(0.,1.,0.));
#3443=DIRECTION('',(-1.,0.,0.));
#3444=DIRECTION('',(0.,1.,0.));
#3445=DIRECTION('',(-1.,0.,0.));
#3446=DIRECTION('',(0.,1.,0.));
#3447=DIRECTION('',(-1.,0.,0.));
#3448=DIRECTION('',(0.,1.,0.));
#3449=DIRECTION('',(-1.,0.,0.));
#3450=DIRECTION('',(0.,1.,0.));
#3451=DIRECTION('',(-1.,0.,0.));
#3452=DIRECTION('',(0.,1.,0.));
#3453=DIRECTION('',(-1.,0.,0.));
#3454=DIRECTION('',(0.,1.,0.));
#3455=DIRECTION('',(-1.,0.,0.));
#3456=DIRECTION('',(0.,1.,0.));
#3457=DIRECTION('',(-1.,0.,0.));
#3458=DIRECTION('',(0.,1.,0.));
#3459=DIRECTION('',(-1.,0.,0.));
#3460=DIRECTION('',(0.,1.,0.));
#3461=DIRECTION('',(-1.,0.,0.));
#3462=DIRECTION('',(0.,1.,0.));
#3463=DIRECTION('',(-1.,0.,0.));
#3464=DIRECTION('',(0.,1.,0.));
#3465=DIRECTION('',(-1.,0.,0.));
#3466=DIRECTION('',(0.,1.,0.));
#3467=DIRECTION('',(-1.,0.,0.));
#3468=DIRECTION('',(0.,1.,0.));
#3469=DIRECTION('',(-1.,0.,0.));
#3470=DIRECTION('',(-1.,0.,0.));
#3471=DIRECTION('',(0.,1.,0.));
#3472=DIRECTION('',(-1.,0.,0.));
#3473=DIRECTION('',(-1.,0.,0.));
#3474=DIRECTION('',(0.,-0.30901699437504,0.951056516295123));
#3475=DIRECTION('',(-1.,0.,0.));
#3476=DIRECTION('',(0.,1.,0.));
#3477=DIRECTION('',(-1.,0.,0.));
#3478=DIRECTION('',(0.,1.,0.));
#3479=DIRECTION('',(-1.,0.,0.));
#3480=DIRECTION('',(0.,1.,0.));
#3481=DIRECTION('',(1.,0.,0.));
#3482=DIRECTION('',(0.,-1.,0.));
#3483=DIRECTION('',(-1.,0.,0.));
#3484=DIRECTION('',(0.,1.,0.));
#3485=DIRECTION('',(-1.,0.,0.));
#3486=DIRECTION('',(0.,1.,0.));
#3487=DIRECTION('',(0.,0.,-1.));
#3488=DIRECTION('',(-1.,0.,0.));
#3489=DIRECTION('',(1.,0.,2.22044604925E-16));
#3490=DIRECTION('',(0.,-1.,0.));
#3491=DIRECTION('',(-1.,0.,-2.22044604925E-16));
#3492=DIRECTION('',(0.,1.,0.));
#3493=DIRECTION('',(-1.,0.,0.));
#3494=DIRECTION('',(0.,1.,0.));
#3495=DIRECTION('',(-1.,0.,0.));
#3496=DIRECTION('',(-1.,0.,0.));
#3497=DIRECTION('',(0.,1.,0.));
#3498=DIRECTION('',(-1.,0.,0.));
#3499=DIRECTION('',(-1.,0.,0.));
#3500=DIRECTION('',(0.,1.,0.));
#3501=DIRECTION('',(-1.,0.,0.));
#3502=DIRECTION('',(0.,1.,0.));
#3503=DIRECTION('',(-1.,0.,0.));
#3504=DIRECTION('',(0.,1.,0.));
#3505=DIRECTION('',(-1.,0.,0.));
#3506=DIRECTION('',(0.,1.,0.));
#3507=DIRECTION('',(-1.,0.,0.));
#3508=DIRECTION('',(0.,1.,0.));
#3509=DIRECTION('',(0.,1.,0.));
#3510=DIRECTION('',(-1.,0.,0.));
#3511=DIRECTION('',(1.,0.,0.));
#3512=DIRECTION('',(0.,0.,-1.));
#3513=DIRECTION('',(-1.,0.,0.));
#3514=DIRECTION('',(0.,0.,-1.));
#3515=DIRECTION('',(-1.,0.,0.));
#3516=DIRECTION('',(0.,1.,0.));
#3517=DIRECTION('',(-1.,0.,0.));
#3518=DIRECTION('',(0.,1.,0.));
#3519=DIRECTION('',(-1.,0.,0.));
#3520=DIRECTION('',(-1.,0.,0.));
#3521=DIRECTION('',(0.,1.,0.));
#3522=DIRECTION('',(0.,1.,0.));
#3523=DIRECTION('',(-1.,0.,0.));
#3524=DIRECTION('',(0.,0.,-1.));
#3525=DIRECTION('',(0.,0.,-1.));
#3526=DIRECTION('',(1.,0.,0.));
#3527=DIRECTION('',(0.,1.,0.));
#3528=DIRECTION('',(-1.,0.,0.));
#3529=DIRECTION('',(-1.,0.,0.));
#3530=DIRECTION('',(0.,0.,-1.));
#3531=DIRECTION('',(1.,0.,0.));
#3532=DIRECTION('',(0.,0.,-1.));
#3533=DIRECTION('',(-1.,0.,0.));
#3534=DIRECTION('',(0.,1.,0.));
#3535=DIRECTION('',(-1.,0.,0.));
#3536=DIRECTION('',(0.,1.,0.));
#3537=DIRECTION('',(-1.,0.,0.));
#3538=DIRECTION('',(-1.,0.,0.));
#3539=DIRECTION('',(0.,1.,0.));
#3540=DIRECTION('',(0.,1.,0.));
#3541=DIRECTION('',(-1.,0.,0.));
#3542=DIRECTION('',(0.,0.,-1.));
#3543=DIRECTION('',(1.,0.,0.));
#3544=DIRECTION('',(0.,0.,-1.));
#3545=DIRECTION('',(-1.,0.,0.));
#3546=DIRECTION('',(0.,1.,0.));
#3547=DIRECTION('',(0.,1.,0.));
#3548=DIRECTION('',(0.,0.,-1.));
#3549=DIRECTION('',(0.,0.,-1.));
#3550=DIRECTION('',(-1.,0.,0.));
#3551=DIRECTION('',(0.,1.,0.));
#3552=DIRECTION('',(0.,1.,0.));
#3553=DIRECTION('',(-1.,0.,0.));
#3554=DIRECTION('',(0.,0.,-1.));
#3555=DIRECTION('',(-1.,0.,0.));
#3556=DIRECTION('',(-1.,0.,0.));
#3557=DIRECTION('',(0.,1.,0.));
#3558=DIRECTION('',(0.,1.,0.));
#3559=DIRECTION('',(0.,-1.,0.));
#3560=DIRECTION('',(-1.,0.,-2.22044604925E-16));
#3561=DIRECTION('',(0.,0.,1.));
#3562=DIRECTION('',(0.,0.,1.));
#3563=DIRECTION('',(-1.,0.,-2.22044604925E-16));
#3564=DIRECTION('',(1.,0.,0.));
#3565=DIRECTION('',(0.,-1.,0.));
#3566=DIRECTION('',(0.,0.,1.));
#3567=DIRECTION('',(0.,-1.,0.));
#3568=DIRECTION('',(0.,1.,0.));
#3569=DIRECTION('',(1.,0.,2.22044604925E-16));
#3570=DIRECTION('',(0.,0.,1.));
#3571=DIRECTION('',(1.,0.,2.22044604925E-16));
#3572=DIRECTION('',(-1.,0.,0.));
#3573=DIRECTION('',(0.,1.,0.));
#3574=DIRECTION('',(0.,1.,0.));
#3575=DIRECTION('',(-1.,0.,0.));
#3576=DIRECTION('',(0.,1.,0.));
#3577=DIRECTION('',(0.,0.,-1.));
#3578=DIRECTION('',(0.,1.,0.));
#3579=DIRECTION('',(0.,0.,-1.));
#3580=DIRECTION('',(-1.,0.,0.));
#3581=DIRECTION('',(-1.,0.,0.));
#3582=DIRECTION('',(0.,1.,0.));
#3583=DIRECTION('',(-1.,0.,0.));
#3584=DIRECTION('',(-1.,0.,0.));
#3585=DIRECTION('',(0.,1.,0.));
#3586=DIRECTION('',(0.,0.,-1.));
#3587=DIRECTION('',(0.,1.,0.));
#3588=DIRECTION('',(0.,0.,-1.));
#3589=DIRECTION('',(-1.,0.,0.));
#3590=DIRECTION('',(0.,1.,0.));
#3591=DIRECTION('',(0.,0.,-1.));
#3592=DIRECTION('',(0.,0.,-1.));
#3593=DIRECTION('',(0.,1.,0.));
#3594=DIRECTION('',(0.,0.,-1.));
#3595=DIRECTION('',(-1.,0.,0.));
#3596=DIRECTION('',(-1.,0.,0.));
#3597=DIRECTION('',(0.,1.,0.));
#3598=DIRECTION('',(-1.,0.,0.));
#3599=DIRECTION('',(0.,0.,-1.));
#3600=DIRECTION('',(-1.,0.,0.));
#3601=DIRECTION('',(0.,1.,0.));
#3602=DIRECTION('',(-1.,0.,0.));
#3603=DIRECTION('',(-1.,0.,0.));
#3604=DIRECTION('',(0.,1.,0.));
#3605=DIRECTION('',(0.,0.,-1.));
#3606=DIRECTION('',(0.,1.,0.));
#3607=DIRECTION('',(0.,0.,-1.));
#3608=DIRECTION('',(-1.,0.,0.));
#3609=DIRECTION('',(0.,1.,0.));
#3610=DIRECTION('',(0.,0.,-1.));
#3611=DIRECTION('',(0.,1.,0.));
#3612=DIRECTION('',(0.,0.,-1.));
#3613=DIRECTION('',(0.,0.,-1.));
#3614=DIRECTION('',(-1.,0.,0.));
#3615=DIRECTION('',(-1.,0.,0.));
#3616=DIRECTION('',(0.,1.,0.));
#3617=DIRECTION('',(-1.,0.,0.));
#3618=DIRECTION('',(0.,1.,0.));
#3619=DIRECTION('',(0.,1.,0.));
#3620=DIRECTION('',(0.,0.,-1.));
#3621=DIRECTION('',(0.,0.,-1.));
#3622=DIRECTION('',(0.,0.,-1.));
#3623=DIRECTION('',(-1.,0.,0.));
#3624=DIRECTION('',(-1.,0.,0.));
#3625=DIRECTION('',(0.,1.,0.));
#3626=DIRECTION('',(-1.,0.,0.));
#3627=DIRECTION('',(0.,1.,0.));
#3628=DIRECTION('',(-1.,0.,0.));
#3629=DIRECTION('',(0.,0.,-1.));
#3630=DIRECTION('',(-1.,0.,0.));
#3631=DIRECTION('',(0.,0.,-1.));
#3632=DIRECTION('',(-1.,0.,0.));
#3633=DIRECTION('',(0.,1.,0.));
#3634=DIRECTION('',(-1.,0.,0.));
#3635=DIRECTION('',(0.,-1.,0.));
#3636=DIRECTION('',(1.,0.,0.));
#3637=DIRECTION('',(0.,0.,-1.));
#3638=DIRECTION('',(-1.,0.,0.));
#3639=DIRECTION('',(0.,1.,0.));
#3640=DIRECTION('',(0.,0.,1.));
#3641=DIRECTION('',(1.,0.,0.));
#3642=DIRECTION('',(1.,0.,0.));
#3643=DIRECTION('',(0.,-1.,0.));
#3644=DIRECTION('',(1.,0.,0.));
#3645=DIRECTION('',(0.,-1.,0.));
#3646=DIRECTION('',(1.,0.,0.));
#3647=DIRECTION('',(0.,-1.,0.));
#3648=DIRECTION('',(0.,-1.,0.));
#3649=DIRECTION('',(0.,0.,-1.));
#3650=DIRECTION('',(0.,-1.,0.));
#3651=DIRECTION('',(0.,0.,1.));
#3652=DIRECTION('',(0.,-1.,0.));
#3653=DIRECTION('',(0.,0.,1.));
#3654=DIRECTION('',(0.,-1.,0.));
#3655=DIRECTION('',(0.,0.,1.));
#3656=DIRECTION('',(0.,0.,-1.));
#3657=DIRECTION('',(0.,1.,0.));
#3658=DIRECTION('',(0.,-1.,0.));
#3659=DIRECTION('',(-1.,0.,0.));
#3660=DIRECTION('',(0.,-1.,0.));
#3661=DIRECTION('',(1.,0.,0.));
#3662=DIRECTION('',(0.,-1.,0.));
#3663=DIRECTION('',(1.,0.,0.));
#3664=DIRECTION('',(0.,-1.,0.));
#3665=DIRECTION('',(1.,0.,0.));
#3666=DIRECTION('',(0.707106781186548,0.707106781186548,0.));
#3667=DIRECTION('',(1.,0.,0.));
#3668=DIRECTION('',(0.,-1.,0.));
#3669=DIRECTION('',(1.,0.,0.));
#3670=DIRECTION('',(0.,-1.,0.));
#3671=DIRECTION('',(0.,1.,0.));
#3672=DIRECTION('',(1.,0.,0.));
#3673=DIRECTION('',(1.,0.,0.));
#3674=DIRECTION('',(0.,0.,-1.));
#3675=DIRECTION('',(-1.,0.,0.));
#3676=DIRECTION('',(-1.,0.,0.));
#3677=DIRECTION('',(0.,0.,1.));
#3678=DIRECTION('',(0.,0.,1.));
#3679=DIRECTION('',(1.,0.,0.));
#3680=DIRECTION('',(1.7347234759768E-16,0.,1.));
#3681=DIRECTION('',(1.,0.,0.));
#3682=DIRECTION('',(0.,0.,-1.));
#3683=DIRECTION('',(0.,0.,-1.));
#3684=DIRECTION('',(0.,1.,0.));
#3685=DIRECTION('',(1.,0.,0.));
#3686=DIRECTION('',(0.,-1.,0.));
#3687=DIRECTION('',(1.,0.,0.));
#3688=DIRECTION('',(0.,-1.,0.));
#3689=DIRECTION('',(0.,-1.,0.));
#3690=DIRECTION('',(-1.,0.,0.));
#3691=DIRECTION('',(0.,1.,0.));
#3692=DIRECTION('',(1.,0.,0.));
#3693=DIRECTION('',(0.,-1.,0.));
#3694=DIRECTION('',(0.,1.,0.));
#3695=DIRECTION('',(1.,0.,0.));
#3696=DIRECTION('',(-1.0842021724855E-16,0.,-1.));
#3697=DIRECTION('',(-1.,0.,1.0842021724855E-16));
#3698=DIRECTION('',(1.,0.,-1.0842021724855E-16));
#3699=DIRECTION('',(0.,-1.,0.));
#3700=DIRECTION('',(1.,0.,-1.0842021724855E-16));
#3701=DIRECTION('',(0.,-1.,0.));
#3702=DIRECTION('',(-1.,0.,0.));
#3703=DIRECTION('',(0.,1.,0.));
#3704=DIRECTION('',(1.,0.,0.));
#3705=DIRECTION('',(0.,1.,0.));
#3706=DIRECTION('',(1.,0.,0.));
#3707=DIRECTION('',(0.,1.,0.));
#3708=DIRECTION('',(1.,0.,0.));
#3709=DIRECTION('',(0.,0.,1.));
#3710=DIRECTION('',(0.,1.,0.));
#3711=DIRECTION('',(1.,0.,0.));
#3712=DIRECTION('',(1.7347234759768E-16,0.,1.));
#3713=DIRECTION('',(1.,0.,0.));
#3714=DIRECTION('',(0.,0.,1.));
#3715=DIRECTION('',(1.,0.,0.));
#3716=DIRECTION('',(1.7347234759768E-16,0.,1.));
#3717=DIRECTION('',(1.,0.,-1.7347234759768E-16));
#3718=DIRECTION('',(-1.7347234759768E-16,0.,-1.));
#3719=DIRECTION('',(1.,0.,-1.7347234759768E-16));
#3720=DIRECTION('',(-1.7347234759768E-16,0.,-1.));
#3721=DIRECTION('',(1.,0.,-1.7347234759768E-16));
#3722=DIRECTION('',(-1.7347234759768E-16,0.,-1.));
#3723=DIRECTION('',(1.2266347333467E-16,-0.707106781186548,0.707106781186548));
#3724=DIRECTION('',(0.,-1.,0.));
#3725=DIRECTION('',(1.7347234759768E-16,0.,1.));
#3726=DIRECTION('',(0.,-1.,0.));
#3727=DIRECTION('',(0.,-1.,0.));
#3728=DIRECTION('',(1.7347234759768E-16,0.,1.));
#3729=DIRECTION('',(0.,0.,-1.));
#3730=DIRECTION('',(0.,1.,0.));
#3731=DIRECTION('',(0.,-1.,0.));
#3732=DIRECTION('',(-0.707106781186548,-0.707106781186548,0.));
#3733=DIRECTION('',(1.,0.,0.));
#3734=DIRECTION('',(0.,-1.,0.));
#3735=DIRECTION('',(0.,-1.,0.));
#3736=DIRECTION('',(1.,0.,0.));
#3737=DIRECTION('',(0.,0.,-1.));
#3738=DIRECTION('',(0.,1.,0.));
#3739=DIRECTION('',(1.,0.,0.));
#3740=DIRECTION('',(0.,-1.,0.));
#3741=DIRECTION('',(-1.,0.,0.));
#3742=DIRECTION('',(0.,1.,0.));
#3743=DIRECTION('',(-1.,0.,0.));
#3744=DIRECTION('',(0.,1.,0.));
#3745=DIRECTION('',(0.,0.,-1.));
#3746=DIRECTION('',(0.,1.,0.));
#3747=DIRECTION('',(1.,0.,0.));
#3748=DIRECTION('',(0.,0.,1.));
#3749=DIRECTION('',(0.,-1.,0.));
#3750=DIRECTION('',(-1.,0.,0.));
#3751=DIRECTION('',(0.,-1.,0.));
#3752=DIRECTION('',(1.,0.,0.));
#3753=DIRECTION('',(0.,-1.,0.));
#3754=DIRECTION('',(1.,0.,0.));
#3755=DIRECTION('',(0.,-1.,0.));
#3756=DIRECTION('',(0.,0.,1.));
#3757=DIRECTION('',(0.,1.,0.));
#3758=DIRECTION('',(1.,0.,0.));
#3759=DIRECTION('',(0.,0.,-1.));
#3760=DIRECTION('',(0.,1.,0.));
#3761=DIRECTION('',(0.,-1.,0.));
#3762=DIRECTION('',(1.,0.,0.));
#3763=DIRECTION('',(1.,0.,0.));
#3764=DIRECTION('',(0.,-1.,0.));
#3765=DIRECTION('',(1.,0.,0.));
#3766=DIRECTION('',(0.,-1.,0.));
#3767=DIRECTION('',(0.,0.,1.));
#3768=DIRECTION('',(0.,1.,0.));
#3769=DIRECTION('',(1.,0.,0.));
#3770=DIRECTION('',(0.,0.,1.));
#3771=DIRECTION('',(0.,-1.,0.));
#3772=DIRECTION('',(0.,-1.,0.));
#3773=DIRECTION('',(-1.,0.,0.));
#3774=DIRECTION('',(-1.,0.,0.));
#3775=DIRECTION('',(0.,1.,0.));
#3776=DIRECTION('',(-1.,0.,0.));
#3777=DIRECTION('',(0.,1.,0.));
#3778=DIRECTION('',(0.,0.,-1.));
#3779=DIRECTION('',(0.,1.,0.));
#3780=DIRECTION('',(1.,0.,0.));
#3781=DIRECTION('',(1.,0.,0.));
#3782=DIRECTION('',(0.,-1.,0.));
#3783=DIRECTION('',(1.,0.,0.));
#3784=DIRECTION('',(0.,-1.,0.));
#3785=DIRECTION('',(1.,0.,0.));
#3786=DIRECTION('',(0.,-1.,0.));
#3787=DIRECTION('',(1.,0.,0.));
#3788=DIRECTION('',(0.,-1.,0.));
#3789=DIRECTION('',(1.,0.,0.));
#3790=DIRECTION('',(0.,0.,-1.));
#3791=DIRECTION('',(0.,0.707106781186548,-0.707106781186548));
#3792=DIRECTION('',(0.,0.,-1.));
#3793=DIRECTION('',(0.,-0.707106781186548,-0.707106781186548));
#3794=DIRECTION('',(-1.,0.,0.));
#3795=DIRECTION('',(-0.707106781186548,0.707106781186548,0.));
#3796=DIRECTION('',(0.,0.,-1.));
#3797=CARTESIAN_POINT('',(0.,0.,0.));
#3798=CARTESIAN_POINT('',(-0.0011,0.0319,-0.01135));
#3799=CARTESIAN_POINT('',(-0.0011,0.0319,-0.01135));
#3800=CARTESIAN_POINT('',(-0.0011,0.0319,-0.01375));
#3801=CARTESIAN_POINT('',(-0.0011,0.0319,-0.01135));
#3802=CARTESIAN_POINT('',(-0.0011,0.0319,-0.01475));
#3803=CARTESIAN_POINT('',(0.0036,0.0319,-0.01135));
#3804=CARTESIAN_POINT('',(0.0036,0.0319,-0.01135));
#3805=CARTESIAN_POINT('',(0.0036,0.0319,-0.01375));
#3806=CARTESIAN_POINT('',(0.0036,0.0319,-0.01135));
#3807=CARTESIAN_POINT('',(0.0036,0.0319,-0.01475));
#3808=CARTESIAN_POINT('',(-0.0011,0.0319,-0.01135));
#3809=CARTESIAN_POINT('',(-0.0009,0.0344931589890849,-0.00915101694928575));
#3810=CARTESIAN_POINT('',(-0.0009,0.0344922962793631,-0.00915));
#3811=CARTESIAN_POINT('',(0.0012,0.0344922962793631,-0.00915));
#3812=CARTESIAN_POINT('',(0.0012,0.0319,-0.01135));
#3813=CARTESIAN_POINT('',(0.0012,0.0293077037206368,-0.00915));
#3814=CARTESIAN_POINT('',(0.0012,0.0293068410109152,-0.00915101694928575));
#3815=CARTESIAN_POINT('',(-0.0009,0.0293077037206368,-0.00915));
#3816=CARTESIAN_POINT('',(-0.0009,0.0319,-0.01135));
#3817=CARTESIAN_POINT('',(-0.0009,0.0293068410109152,-0.0135489830507142));
#3818=CARTESIAN_POINT('',(-0.0009,0.0293077037206368,-0.01355));
#3819=CARTESIAN_POINT('',(0.0012,0.0293077037206368,-0.01355));
#3820=CARTESIAN_POINT('',(0.0012,0.0319,-0.01135));
#3821=CARTESIAN_POINT('',(0.0012,0.0344922962793631,-0.01355));
#3822=CARTESIAN_POINT('',(0.0012,0.0344931589890849,-0.0135489830507142));
#3823=CARTESIAN_POINT('',(-0.0009,0.0344922962793631,-0.01355));
#3824=CARTESIAN_POINT('',(-0.0009,0.0319,-0.01135));
#3825=CARTESIAN_POINT('',(-0.0011,0.0319,-0.01135));
#3826=CARTESIAN_POINT('',(0.0008,0.0319,-0.01135));
#3827=CARTESIAN_POINT('',(0.0008,0.0319,-0.01375));
#3828=CARTESIAN_POINT('',(-0.0009,0.0319,-0.0025));
#3829=CARTESIAN_POINT('',(-0.0009,0.0319,0.00073));
#3830=CARTESIAN_POINT('',(-0.0009,0.0319,0.00023));
#3831=CARTESIAN_POINT('',(-0.0009,0.0319,-0.00695));
#3832=CARTESIAN_POINT('',(-0.0009,0.0319,-0.00745));
#3833=CARTESIAN_POINT('',(-0.0009,0.0319,-0.00503));
#3834=CARTESIAN_POINT('',(-0.0009,0.0319,-0.00553));
#3835=CARTESIAN_POINT('',(-0.0009,0.0319,-0.00311));
#3836=CARTESIAN_POINT('',(-0.0009,0.0319,-0.00361));
#3837=CARTESIAN_POINT('',(-0.0009,0.0319,-0.00119));
#3838=CARTESIAN_POINT('',(-0.0009,0.0319,-0.00169));
#3839=CARTESIAN_POINT('',(-0.0009,0.0319,0.00265));
#3840=CARTESIAN_POINT('',(-0.0009,0.0319,0.00215));
#3841=CARTESIAN_POINT('',(-0.0009,0.0297730853612372,-0.00235410118812897));
#3842=CARTESIAN_POINT('',(-0.0009,0.0301086610110954,0.00252636503857132));
#3843=CARTESIAN_POINT('',(-0.0009,0.0319,0.00235));
#3844=CARTESIAN_POINT('',(-0.0009,0.0336913389889046,0.00252636503857132));
#3845=CARTESIAN_POINT('',(-0.0009,0.0344930855162316,-0.00914994586114586));
#3846=CARTESIAN_POINT('',(0.0012,0.0319,-0.0025));
#3847=CARTESIAN_POINT('',(0.0012,0.0319,0.00073));
#3848=CARTESIAN_POINT('',(0.0012,0.0319,0.00023));
#3849=CARTESIAN_POINT('',(0.0012,0.0319,-0.00695));
#3850=CARTESIAN_POINT('',(0.0012,0.0319,-0.00745));
#3851=CARTESIAN_POINT('',(0.0012,0.0319,-0.00503));
#3852=CARTESIAN_POINT('',(0.0012,0.0319,-0.00553));
#3853=CARTESIAN_POINT('',(0.0012,0.0319,-0.00311));
#3854=CARTESIAN_POINT('',(0.0012,0.0319,-0.00361));
#3855=CARTESIAN_POINT('',(0.0012,0.0319,-0.00119));
#3856=CARTESIAN_POINT('',(0.0012,0.0319,-0.00169));
#3857=CARTESIAN_POINT('',(0.0012,0.0319,0.00265));
#3858=CARTESIAN_POINT('',(0.0012,0.0319,0.00215));
#3859=CARTESIAN_POINT('',(0.0012,0.0297730853612372,-0.00235410118812897));
#3860=CARTESIAN_POINT('',(0.0012,0.0301086610110954,0.00252636503857132));
#3861=CARTESIAN_POINT('',(0.0012,0.0340269146387628,-0.00235410118812897));
#3862=CARTESIAN_POINT('',(0.0012,0.0336913389889046,0.00252636503857132));
#3863=CARTESIAN_POINT('',(0.0012,0.0319,0.00235));
#3864=CARTESIAN_POINT('',(-0.0009,0.030107871774227,0.00252641917742554));
#3865=CARTESIAN_POINT('',(0.0012,0.030107871774227,0.00252641917742554));
#3866=CARTESIAN_POINT('',(0.000499999999999999,0.030107871774227,0.00252641917742554));
#3867=CARTESIAN_POINT('',(-0.000200000000000001,0.030107871774227,0.00252641917742554));
#3868=CARTESIAN_POINT('',(-0.0009,0.030107871774227,0.00252641917742554));
#3869=CARTESIAN_POINT('',(-0.0009,0.0344930855162316,-0.00914994586114586));
#3870=CARTESIAN_POINT('',(-0.0009,0.0336921282257731,0.00252641917742553));
#3871=CARTESIAN_POINT('',(-0.000200000000000001,0.0336921282257731,0.00252641917742553));
#3872=CARTESIAN_POINT('',(0.000499999999999999,0.0336921282257731,0.00252641917742553));
#3873=CARTESIAN_POINT('',(0.0012,0.0336921282257731,0.00252641917742553));
#3874=CARTESIAN_POINT('',(-0.0009,0.0319,0.00235));
#3875=CARTESIAN_POINT('',(-0.0009,0.0319,0.00265));
#3876=CARTESIAN_POINT('',(-0.0009,0.0319,-0.00119));
#3877=CARTESIAN_POINT('',(-0.0009,0.0319,-0.00311));
#3878=CARTESIAN_POINT('',(-0.0009,0.0319,-0.00503));
#3879=CARTESIAN_POINT('',(-0.0009,0.0319,-0.00695));
#3880=CARTESIAN_POINT('',(-0.0009,0.0319,0.00073));
#3881=CARTESIAN_POINT('',(-0.0009,0.0319,-0.0025));
#3882=CARTESIAN_POINT('',(-0.0009,0.0319,-0.02535));
#3883=CARTESIAN_POINT('',(-0.0009,0.0319,-0.02585));
#3884=CARTESIAN_POINT('',(-0.0009,0.0319,-0.01767));
#3885=CARTESIAN_POINT('',(-0.0009,0.0319,-0.01817));
#3886=CARTESIAN_POINT('',(-0.0009,0.0319,-0.02343));
#3887=CARTESIAN_POINT('',(-0.0009,0.0319,-0.02393));
#3888=CARTESIAN_POINT('',(-0.0009,0.0319,-0.02151));
#3889=CARTESIAN_POINT('',(-0.0009,0.0319,-0.02201));
#3890=CARTESIAN_POINT('',(-0.0009,0.0319,-0.01959));
#3891=CARTESIAN_POINT('',(-0.0009,0.0319,-0.02009));
#3892=CARTESIAN_POINT('',(-0.0009,0.0319,-0.01575));
#3893=CARTESIAN_POINT('',(-0.0009,0.0319,-0.01625));
#3894=CARTESIAN_POINT('',(-0.0009,0.0285646144732835,-0.00272879563505325));
#3895=CARTESIAN_POINT('',(-0.0009,0.0301086610110954,-0.0252263650385715));
#3896=CARTESIAN_POINT('',(-0.0009,0.0336921282257731,-0.0252264191774255));
#3897=CARTESIAN_POINT('',(-0.0009,0.0336913389889046,-0.0252263650385715));
#3898=CARTESIAN_POINT('',(-0.0009,0.0319,-0.02505));
#3899=CARTESIAN_POINT('',(0.0012,0.0319,-0.0025));
#3900=CARTESIAN_POINT('',(0.0012,0.0319,-0.02535));
#3901=CARTESIAN_POINT('',(0.0012,0.0319,-0.02585));
#3902=CARTESIAN_POINT('',(0.0012,0.0319,-0.01767));
#3903=CARTESIAN_POINT('',(0.0012,0.0319,-0.01817));
#3904=CARTESIAN_POINT('',(0.0012,0.0319,-0.02343));
#3905=CARTESIAN_POINT('',(0.0012,0.0319,-0.02393));
#3906=CARTESIAN_POINT('',(0.0012,0.0319,-0.02151));
#3907=CARTESIAN_POINT('',(0.0012,0.0319,-0.02201));
#3908=CARTESIAN_POINT('',(0.0012,0.0319,-0.01959));
#3909=CARTESIAN_POINT('',(0.0012,0.0319,-0.02009));
#3910=CARTESIAN_POINT('',(0.0012,0.0319,-0.01575));
#3911=CARTESIAN_POINT('',(0.0012,0.0319,-0.01625));
#3912=CARTESIAN_POINT('',(0.0012,0.0285646144732835,-0.00272879563505325));
#3913=CARTESIAN_POINT('',(0.0012,0.0301086610110954,-0.0252263650385715));
#3914=CARTESIAN_POINT('',(0.0012,0.0319,-0.02505));
#3915=CARTESIAN_POINT('',(0.0012,0.0336913389889046,-0.0252263650385715));
#3916=CARTESIAN_POINT('',(0.0012,0.0352353855267164,-0.00272879563505325));
#3917=CARTESIAN_POINT('',(-0.0009,0.0293069144837684,-0.0135500541388541));
#3918=CARTESIAN_POINT('',(-0.0009,0.030107871774227,-0.0252264191774255));
#3919=CARTESIAN_POINT('',(-0.000200000000000001,0.030107871774227,-0.0252264191774255));
#3920=CARTESIAN_POINT('',(0.000499999999999999,0.030107871774227,-0.0252264191774255));
#3921=CARTESIAN_POINT('',(0.0012,0.030107871774227,-0.0252264191774255));
#3922=CARTESIAN_POINT('',(-0.0009,0.0319,-0.02505));
#3923=CARTESIAN_POINT('',(0.0012,0.0336921282257731,-0.0252264191774255));
#3924=CARTESIAN_POINT('',(0.000499999999999999,0.0336921282257731,-0.0252264191774255));
#3925=CARTESIAN_POINT('',(-0.000200000000000001,0.0336921282257731,-0.0252264191774255));
#3926=CARTESIAN_POINT('',(-0.0009,0.0336921282257731,-0.0252264191774255));
#3927=CARTESIAN_POINT('',(-0.0009,0.0336921282257731,-0.0252264191774255));
#3928=CARTESIAN_POINT('',(-0.0009,0.0319,-0.01575));
#3929=CARTESIAN_POINT('',(-0.0009,0.0319,-0.01959));
#3930=CARTESIAN_POINT('',(-0.0009,0.0319,-0.02151));
#3931=CARTESIAN_POINT('',(-0.0009,0.0319,-0.02343));
#3932=CARTESIAN_POINT('',(-0.0009,0.0319,-0.01767));
#3933=CARTESIAN_POINT('',(-0.0009,0.0319,-0.02535));
#3934=CARTESIAN_POINT('',(-0.0011,0.0319,-0.01135));
#3935=CARTESIAN_POINT('',(-0.0004,0.0319,-0.01135));
#3936=CARTESIAN_POINT('',(-0.0004,0.0319,-0.01375));
#3937=CARTESIAN_POINT('',(-0.0004,0.0319,-0.01135));
#3938=CARTESIAN_POINT('',(-0.0004,0.0319,-0.01135));
#3939=CARTESIAN_POINT('',(-0.0004,0.0319,-0.01265));
#3940=CARTESIAN_POINT('',(0.0008,0.0319,-0.01135));
#3941=CARTESIAN_POINT('',(0.0008,0.0319,-0.01135));
#3942=CARTESIAN_POINT('',(0.0008,0.0319,-0.01265));
#3943=CARTESIAN_POINT('',(-0.0004,0.0319,-0.01135));
#3944=CARTESIAN_POINT('',(0.,0.,0.));
#3945=CARTESIAN_POINT('',(0.004,0.034238743727351,-0.005933333333333));
#3946=CARTESIAN_POINT('',(0.004,0.0319,-0.01135));
#3947=CARTESIAN_POINT('',(0.004,0.03275,-0.01135));
#3948=CARTESIAN_POINT('',(0.004,0.0319,-0.01135));
#3949=CARTESIAN_POINT('',(0.0008,0.0319,-0.01135));
#3950=CARTESIAN_POINT('',(0.0008,0.03275,-0.01135));
#3951=CARTESIAN_POINT('',(0.0008,0.0319,-0.01135));
#3952=CARTESIAN_POINT('',(0.0008,0.0319,-0.01135));
#3953=CARTESIAN_POINT('',(0.0008,0.0339,-0.01135));
#3954=CARTESIAN_POINT('',(0.0038,0.031077795786903,-0.008977759353256));
#3955=CARTESIAN_POINT('',(0.0038,0.0319,-0.01135));
#3956=CARTESIAN_POINT('',(0.0038,0.0339710208617608,-0.0103495638000589));
#3957=CARTESIAN_POINT('',(0.0038,0.034145927510392,-0.0108542080899569));
#3958=CARTESIAN_POINT('',(0.0038,0.034272240646744,-0.010527795786903));
#3959=CARTESIAN_POINT('',(0.0038,0.034272240646744,-0.010527795786903));
#3960=CARTESIAN_POINT('',(0.0011,0.033971020861761,-0.010349563800059));
#3961=CARTESIAN_POINT('',(0.001098004812769,0.033971020861639,-0.010349563800265));
#3962=CARTESIAN_POINT('',(0.001096009624573,0.033971011396553,-0.01034957979667));
#3963=CARTESIAN_POINT('',(0.001094014629315,0.033970992466461,-0.010349611789345));
#3964=CARTESIAN_POINT('',(0.00109202001893,0.033970964076752,-0.010349659781397));
#3965=CARTESIAN_POINT('',(0.001090025983385,0.033970926238245,-0.010349723778962));
#3966=CARTESIAN_POINT('',(0.001088032710679,0.03397087896719,-0.010349803791206));
#3967=CARTESIAN_POINT('',(0.001084022083125,0.033970764864216,-0.010349997121802));
#3968=CARTESIAN_POINT('',(0.001082004751984,0.033970697785029,-0.010350110861263));
#3969=CARTESIAN_POINT('',(0.001079988585915,0.033970621070247,-0.010350241061375));
#3970=CARTESIAN_POINT('',(0.001077973772845,0.033970534747532,-0.010350387739029));
#3971=CARTESIAN_POINT('',(0.001075960496129,0.033970438849662,-0.010350550915345));
#3972=CARTESIAN_POINT('',(0.00107394893455,0.033970333414534,-0.010350730615671));
#3973=CARTESIAN_POINT('',(0.001069927186186,0.033970103418318,-0.010351123358248));
#3974=CARTESIAN_POINT('',(0.001067917004007,0.033969978834319,-0.010351336440488));
#3975=CARTESIAN_POINT('',(0.001065908889871,0.033969844776264,-0.010351566146048));
#3976=CARTESIAN_POINT('',(0.001063903013536,0.033969701291819,-0.010351812510047));
#3977=CARTESIAN_POINT('',(0.001061899540429,0.03396954843322,-0.010352075572969));
#3978=CARTESIAN_POINT('',(0.001059898631654,0.033969386257271,-0.010352355380671));
#3979=CARTESIAN_POINT('',(0.001055899289502,0.03396904313888,-0.010352949028464));
#3980=CARTESIAN_POINT('',(0.001053900864997,0.033968862168878,-0.010353262918695));
#3981=CARTESIAN_POINT('',(0.001051905327732,0.03396867197686,-0.010353593706639));
#3982=CARTESIAN_POINT('',(0.001049912832275,0.033968472628714,-0.010353941450061));
#3983=CARTESIAN_POINT('',(0.001047923530499,0.033968264194684,-0.010354306212913));
#3984=CARTESIAN_POINT('',(0.001045937571581,0.033968046749374,-0.010354688065339));
#3985=CARTESIAN_POINT('',(0.001041969451566,0.033967593630899,-0.010355486742233));
#3986=CARTESIAN_POINT('',(0.001039987302541,0.033967357929129,-0.010355903621919));
#3987=CARTESIAN_POINT('',(0.001038008802171,0.033967113345676,-0.010356337799517));
#3988=CARTESIAN_POINT('',(0.001036034096761,0.033966859964317,-0.010356789358475));
#3989=CARTESIAN_POINT('',(0.001034063331677,0.033966597873365,-0.010357258388902));
#3990=CARTESIAN_POINT('',(0.001032096651346,0.033966327165672,-0.010357744987568));
#3991=CARTESIAN_POINT('',(0.001028168492267,0.033965768248456,-0.010358754364622));
#3992=CARTESIAN_POINT('',(0.001026207028283,0.033965480010843,-0.010359277201682));
#3993=CARTESIAN_POINT('',(0.001024249951615,0.033965183323574,-0.010359817873083));
#3994=CARTESIAN_POINT('',(0.001022297407092,0.033964878289482,-0.010360376489717));
#3995=CARTESIAN_POINT('',(0.001020349540072,0.03396456501645,-0.01036095316938));
#3996=CARTESIAN_POINT('',(0.00101840649644,0.033964243617407,-0.010361548036764));
#3997=CARTESIAN_POINT('',(0.001014526956138,0.033963584226616,-0.010362775483552));
#3998=CARTESIAN_POINT('',(0.001012590477474,0.033963246207097,-0.010363408127096));
#3999=CARTESIAN_POINT('',(0.001010659133864,0.033962900270286,-0.010364059286415));
#4000=CARTESIAN_POINT('',(0.00100873307427,0.033962546540552,-0.010364729100808));
#4001=CARTESIAN_POINT('',(0.001006812449358,0.033962185148113,-0.010365417716554));
#4002=CARTESIAN_POINT('',(0.001004897411504,0.03396181622904,-0.010366125286908));
#4003=CARTESIAN_POINT('',(0.001001075046158,0.033961062878062,-0.010367580092907));
#4004=CARTESIAN_POINT('',(0.000999167741878002,0.033960678417337,-0.01036832740404));
#4005=CARTESIAN_POINT('',(0.000997266356989001,0.03396028668576,-0.010369094066739));
#4006=CARTESIAN_POINT('',(0.000995371049245002,0.033959887832967,-0.010369880249136));
#4007=CARTESIAN_POINT('',(0.000993481979117999,0.033959482015545,-0.010370686126266));
#4008=CARTESIAN_POINT('',(0.000991599309798002,0.033959069397038,-0.010371511880063));
#4009=CARTESIAN_POINT('',(0.000987842548148002,0.033958229880624,-0.010373205572871));
#4010=CARTESIAN_POINT('',(0.000985968488231001,0.033957802950965,-0.010374073609261));
#4011=CARTESIAN_POINT('',(0.000984101194575,0.033957369530612,-0.010374961998822));
#4012=CARTESIAN_POINT('',(0.00098224083798,0.033956929799603,-0.010375870938435));
#4013=CARTESIAN_POINT('',(0.000980387592907001,0.033956483946367,-0.010376800631568));
#4014=CARTESIAN_POINT('',(0.000978541637475003,0.033956032167724,-0.010377751288277));
#4015=CARTESIAN_POINT('',(0.000974858753995004,0.033955115698008,-0.010379698089089));
#4016=CARTESIAN_POINT('',(0.000973021874586002,0.033954650970684,-0.010380694369347));
#4017=CARTESIAN_POINT('',(0.000971192698795,0.033954180694007,-0.010381712184857));
#4018=CARTESIAN_POINT('',(0.000969371414790005,0.033953705085296,-0.010382751760379));
#4019=CARTESIAN_POINT('',(0.000967558215350002,0.033953224372094,-0.010383813326552));
#4020=CARTESIAN_POINT('',(0.000965753297871002,0.033952738792168,-0.010384897119889));
#4021=CARTESIAN_POINT('',(0.000962152384763004,0.033951756199288,-0.010387114600543));
#4022=CARTESIAN_POINT('',(0.000960356465814001,0.033951259145629,-0.010388248488958));
#4023=CARTESIAN_POINT('',(0.000958569312267,0.033950757683764,-0.010389405293933));
#4024=CARTESIAN_POINT('',(0.000956791134495,0.033950252077454,-0.010390585265854));
#4025=CARTESIAN_POINT('',(0.000955022148486001,0.033949742602998,-0.01039178865959));
#4026=CARTESIAN_POINT('',(0.000953262575844001,0.033949229549222,-0.010393015734497));
#4027=CARTESIAN_POINT('',(0.000949751511926004,0.033948193581155,-0.010395525781033));
#4028=CARTESIAN_POINT('',(0.000948000144989001,0.033947670625681,-0.010396809059075));
#4029=CARTESIAN_POINT('',(0.000946258774657004,0.03394714465816,-0.010398116857861));
#4030=CARTESIAN_POINT('',(0.000944527639280004,0.03394661600108,-0.010399449448629));
#4031=CARTESIAN_POINT('',(0.000942806983884999,0.033946084992322,-0.010400807104534));
#4032=CARTESIAN_POINT('',(0.000941097060177004,0.033945551985159,-0.010402190100647));
#4033=CARTESIAN_POINT('',(0.000937683472886003,0.033944477764433,-0.010405020360984));
#4034=CARTESIAN_POINT('',(0.000935980014175001,0.033943936521604,-0.010406468099682));
#4035=CARTESIAN_POINT('',(0.000934288016177003,0.033943393998751,-0.010407942215406));
#4036=CARTESIAN_POINT('',(0.000932607752407003,0.033942850593696,-0.010409442990854));
#4037=CARTESIAN_POINT('',(0.000930939504117004,0.03394230672311,-0.010410970706075));
#4038=CARTESIAN_POINT('',(0.000929283560298002,0.033941762822508,-0.010412525638464));
#4039=CARTESIAN_POINT('',(0.000925974773580002,0.033940668560724,-0.010415711769258));
#4040=CARTESIAN_POINT('',(0.000924322272388003,0.03394011821209,-0.0104173437092));
#4041=CARTESIAN_POINT('',(0.000922683023325002,0.033939568773461,-0.01041900416947));
#4042=CARTESIAN_POINT('',(0.000921057344227001,0.033939020740745,-0.010420693426309));
#4043=CARTESIAN_POINT('',(0.000919445561553003,0.033938474632644,-0.010422411745318));
#4044=CARTESIAN_POINT('',(0.000917848010384002,0.033937930990649,-0.010424159381457));
#4045=CARTESIAN_POINT('',(0.000914650963107003,0.033936839147889,-0.010427748687208));
#4046=CARTESIAN_POINT('',(0.000913052045448004,0.033936291068134,-0.010429591524932));
#4047=CARTESIAN_POINT('',(0.000911468646568003,0.03393574673861,-0.010431465352449));
#4048=CARTESIAN_POINT('',(0.000909901140436001,0.033935206784884,-0.010433370405491));
#4049=CARTESIAN_POINT('',(0.000908349909875001,0.033934671859266,-0.010435306895294));
#4050=CARTESIAN_POINT('',(0.000906815346556001,0.03393414264081,-0.010437275008598));
#4051=CARTESIAN_POINT('',(0.000903736445503001,0.033933081902017,-0.010441332675373));
#4052=CARTESIAN_POINT('',(0.000902193109270002,0.033932550757966,-0.010443424087679));
#4053=CARTESIAN_POINT('',(0.000900668280236001,0.033932027173665,-0.010445549322583));
#4054=CARTESIAN_POINT('',(0.000899162403591003,0.033931511948757,-0.010447708509611));
#4055=CARTESIAN_POINT('',(0.000897675931786,0.033931005912022,-0.010449901729808));
#4056=CARTESIAN_POINT('',(0.000896209324528999,0.033930509921378,-0.010452129015726));
#4057=CARTESIAN_POINT('',(0.000893254137403002,0.033929518799392,-0.0104567496216));
#4058=CARTESIAN_POINT('',(0.000891767354384999,0.033929024632592,-0.010459145944204));
#4059=CARTESIAN_POINT('',(0.000890303233446004,0.033928543374738,-0.010461579301071));
#4060=CARTESIAN_POINT('',(0.000888862309208004,0.033928076062594,-0.010464049584119));
#4061=CARTESIAN_POINT('',(0.000887445117211002,0.03392762375843,-0.010466556595361));
#4062=CARTESIAN_POINT('',(0.000886052193905002,0.03392718755002,-0.010469100046905));
#4063=CARTESIAN_POINT('',(0.000883224692165001,0.033926321599774,-0.010474431154648));
#4064=CARTESIAN_POINT('',(0.000881793527205004,0.033925894220777,-0.01047722377084));
#4065=CARTESIAN_POINT('',(0.000880391240949002,0.033925487773439,-0.010480056943916));
#4066=CARTESIAN_POINT('',(0.000879018474637002,0.033925103620534,-0.010482930048201));
#4067=CARTESIAN_POINT('',(0.000877675851574004,0.033924743127824,-0.010485842297958));
#4068=CARTESIAN_POINT('',(0.000876363977129001,0.03392440766406,-0.010488792747391));
#4069=CARTESIAN_POINT('',(0.000873664216323001,0.033923756065955,-0.01049509138883));
#4070=CARTESIAN_POINT('',(0.000872283469055001,0.033923445934084,-0.01049844805153));
#4071=CARTESIAN_POINT('',(0.000870942009161001,0.033923170089054,-0.010501848738134));
#4072=CARTESIAN_POINT('',(0.000869640577277002,0.033922930336353,-0.01050529163959));
#4073=CARTESIAN_POINT('',(0.000868379842449002,0.033922728403272,-0.010508774678408));
#4074=CARTESIAN_POINT('',(0.000867160402136,0.0339225659389,-0.01051229550865));
#4075=CARTESIAN_POINT('',(0.000864574492331002,0.033922299304911,-0.010520104067136));
#4076=CARTESIAN_POINT('',(0.000863225980147001,0.03392221273169,-0.010524407018286));
#4077=CARTESIAN_POINT('',(0.000861938151245002,0.033922187493225,-0.010528755754134));
#4078=CARTESIAN_POINT('',(0.000860711676382003,0.033922225920648,-0.010533145306989));
#4079=CARTESIAN_POINT('',(0.000859546991476001,0.033922329977477,-0.010537570356725));
#4080=CARTESIAN_POINT('',(0.000858444297603001,0.033922501259607,-0.010542025230782));
#4081=CARTESIAN_POINT('',(0.000855848581991999,0.033923099187771,-0.010553195552317));
#4082=CARTESIAN_POINT('',(0.000854431788523003,0.033923610157912,-0.010559941023094));
#4083=CARTESIAN_POINT('',(0.000853153241175002,0.033924277815508,-0.010566719782555));
#4084=CARTESIAN_POINT('',(0.000852011441039004,0.033925103805987,-0.010573512040982));
#4085=CARTESIAN_POINT('',(0.000851003774328004,0.033926087694775,-0.010580298937848));
#4086=CARTESIAN_POINT('',(0.000850126956982004,0.033927227151651,-0.010587062726763));
#4087=CARTESIAN_POINT('',(0.000847511761247002,0.033931731854539,-0.010610525982647));
#4088=CARTESIAN_POINT('',(0.000846436339413999,0.033935882477028,-0.010627008746258));
#4089=CARTESIAN_POINT('',(0.000846090154234001,0.033940912363615,-0.010643016646952));
#4090=CARTESIAN_POINT('',(0.000846406555829002,0.033946718842987,-0.010658413178527));
#4091=CARTESIAN_POINT('',(0.000847348581215001,0.033953190003315,-0.010673115654196));
#4092=CARTESIAN_POINT('',(0.000848892055977001,0.033960217322865,-0.010687083006911));
#4093=CARTESIAN_POINT('',(0.000851904053392003,0.033970762930685,-0.010705699128384));
#4094=CARTESIAN_POINT('',(0.000852875508974001,0.033973894248976,-0.010710967057273));
#4095=CARTESIAN_POINT('',(0.000853945330035001,0.033977095229013,-0.010716108860721));
#4096=CARTESIAN_POINT('',(0.000855113191606,0.033980358990834,-0.010721123459904));
#4097=CARTESIAN_POINT('',(0.000856378950652,0.033983678670684,-0.010726010128249));
#4098=CARTESIAN_POINT('',(0.000857742563098004,0.033987047459165,-0.010730768492427));
#4099=CARTESIAN_POINT('',(0.000860286013547002,0.033992984193571,-0.010738826502096));
#4100=CARTESIAN_POINT('',(0.000861421637781999,0.033995532974373,-0.010742184109368));
#4101=CARTESIAN_POINT('',(0.000862610872751,0.033998102229126,-0.010745471324677));
#4102=CARTESIAN_POINT('',(0.000863853697782999,0.034000689230562,-0.010748688207379));
#4103=CARTESIAN_POINT('',(0.000865150072359999,0.034003291276815,-0.010751834906667));
#4104=CARTESIAN_POINT('',(0.000866499936112004,0.034005905691418,-0.010754911661573));
#4105=CARTESIAN_POINT('',(0.000869102718412,0.034010772916438,-0.010760489286754));
#4106=CARTESIAN_POINT('',(0.000870341246128999,0.034013023113438,-0.010763008904355));
#4107=CARTESIAN_POINT('',(0.000871618735892001,0.034015278758377,-0.010765477858337));
#4108=CARTESIAN_POINT('',(0.000872935106904001,0.034017538220541,-0.010767896398742));
#4109=CARTESIAN_POINT('',(0.000874290253655,0.034019799894423,-0.010770264821085));
#4110=CARTESIAN_POINT('',(0.000875684045920002,0.03402206219973,-0.010772583466359));
#4111=CARTESIAN_POINT('',(0.000878409639132001,0.034026365544233,-0.010776901793));
#4112=CARTESIAN_POINT('',(0.000879734331867003,0.034028406756355,-0.010778910592651));
#4113=CARTESIAN_POINT('',(0.000881090291222002,0.03403044607373,-0.010780879404886));
#4114=CARTESIAN_POINT('',(0.000882477382080003,0.034032482375494,-0.010782808541154));
#4115=CARTESIAN_POINT('',(0.000883895449949001,0.034034514563937,-0.010784698339452));
#4116=CARTESIAN_POINT('',(0.000885344320964002,0.034036541564498,-0.010786549164326));
#4117=CARTESIAN_POINT('',(0.000888199603881,0.034040441476335,-0.010790046651255));
#4118=CARTESIAN_POINT('',(0.000889601876067001,0.034042315232609,-0.010791698530017));
#4119=CARTESIAN_POINT('',(0.000891030462586002,0.034044182749862,-0.010793317357856));
#4120=CARTESIAN_POINT('',(0.000892485193388002,0.034046043203662,-0.010794903465295));
#4121=CARTESIAN_POINT('',(0.000893965884221002,0.034047895789877,-0.010796457198678));
#4122=CARTESIAN_POINT('',(0.000895472336633004,0.034049739724675,-0.010797978920171));
#4123=CARTESIAN_POINT('',(0.000898455270336999,0.034053311687011,-0.010800880244325));
#4124=CARTESIAN_POINT('',(0.000899929119686001,0.034055040685068,-0.010802263105128));
#4125=CARTESIAN_POINT('',(0.000901425705321,0.034056760590594,-0.010803617911317));
#4126=CARTESIAN_POINT('',(0.000902944836327,0.034058470772901,-0.010804944993117));
#4127=CARTESIAN_POINT('',(0.000904486311572,0.034060170618709,-0.010806244689831));
#4128=CARTESIAN_POINT('',(0.000906049919712004,0.034061859532153,-0.010807517349838));
#4129=CARTESIAN_POINT('',(0.000909155743062003,0.034065145342464,-0.010809958061672));
#4130=CARTESIAN_POINT('',(0.000910696193343,0.034066743166865,-0.010811128262086));
#4131=CARTESIAN_POINT('',(0.000912256594782002,0.034068329898343,-0.010812274246949));
#4132=CARTESIAN_POINT('',(0.000913836744863002,0.034069905042039,-0.010813396335993));
#4133=CARTESIAN_POINT('',(0.000915436433797,0.034071468117875,-0.010814494853574));
#4134=CARTESIAN_POINT('',(0.000917055444522002,0.034073018660548,-0.010815570128668));
#4135=CARTESIAN_POINT('',(0.000920278206214001,0.034076043604971,-0.010817640520322));
#4136=CARTESIAN_POINT('',(0.000921880731612,0.034077518840145,-0.010818637106791));
#4137=CARTESIAN_POINT('',(0.000923500925944998,0.034078981517432,-0.010819612556223));
#4138=CARTESIAN_POINT('',(0.000925138581144999,0.03408043124168,-0.010820567172146));
#4139=CARTESIAN_POINT('',(0.000926793484031001,0.034081867630215,-0.010821501259672));
#4140=CARTESIAN_POINT('',(0.000928465416304002,0.034083290312841,-0.010822415125502));
#4141=CARTESIAN_POINT('',(0.000931798494407002,0.034086070517022,-0.010824179527563));
#4142=CARTESIAN_POINT('',(0.000933458768561001,0.034087428768134,-0.010825031096462));
#4143=CARTESIAN_POINT('',(0.000935134770900001,0.034088773355069,-0.010825864069165));
#4144=CARTESIAN_POINT('',(0.000936826291769003,0.03409010395822,-0.010826678729686));
#4145=CARTESIAN_POINT('',(0.000938533117978001,0.034091420268481,-0.010827475361515));
#4146=CARTESIAN_POINT('',(0.000940255032794001,0.034092721987245,-0.010828254247611));
#4147=CARTESIAN_POINT('',(0.000943691352980003,0.034095268068696,-0.010829760764135));
#4148=CARTESIAN_POINT('',(0.000945405127784002,0.034096513062484,-0.010830489135035));
#4149=CARTESIAN_POINT('',(0.000947132934091002,0.034097743537883,-0.010831201047695));
#4150=CARTESIAN_POINT('',(0.000948874563233001,0.034098959233819,-0.010831896764678));
#4151=CARTESIAN_POINT('',(0.000950629804141002,0.034100159898023,-0.010832576546517));
#4152=CARTESIAN_POINT('',(0.000952398443345999,0.034101345287036,-0.010833240651715));
#4153=CARTESIAN_POINT('',(0.000955930588011002,0.034103664364543,-0.010834526554487));
#4154=CARTESIAN_POINT('',(0.000957693631749003,0.034104798596277,-0.010835148892022));
#4155=CARTESIAN_POINT('',(0.000959469191695001,0.034105917639032,-0.010835756592416));
#4156=CARTESIAN_POINT('',(0.000961257061745002,0.034107021277792,-0.01083634989562));
#4157=CARTESIAN_POINT('',(0.000963057034194002,0.034108109304907,-0.010836929038477));
#4158=CARTESIAN_POINT('',(0.000964868899731002,0.034109181520087,-0.010837494254721));
#4159=CARTESIAN_POINT('',(0.000968489171922,0.034111278404537,-0.010838589182712));
#4160=CARTESIAN_POINT('',(0.000970297237572002,0.034112303540917,-0.010839119294088));
#4161=CARTESIAN_POINT('',(0.000972116442770003,0.034113312955031,-0.010839636329656));
#4162=CARTESIAN_POINT('',(0.000973946584794001,0.034114306468496,-0.010840140506067));
#4163=CARTESIAN_POINT('',(0.000975787459835002,0.034115283909055,-0.010840632036078));
#4164=CARTESIAN_POINT('',(0.000977638862989003,0.034116245110579,-0.010841111128542));
#4165=CARTESIAN_POINT('',(0.000981339329780003,0.034118123051584,-0.010842039084715));
#4166=CARTESIAN_POINT('',(0.000983188140180002,0.034119040193212,-0.010842488248327));
#4167=CARTESIAN_POINT('',(0.000985046821116001,0.034119941183811,-0.010842925676676));
#4168=CARTESIAN_POINT('',(0.000986915173400001,0.034120825874319,-0.010843351562704));
#4169=CARTESIAN_POINT('',(0.000988792997006001,0.034121694120753,-0.010843766094868));
#4170=CARTESIAN_POINT('',(0.000990680091067002,0.03412254578421,-0.010844169457145));
#4171=CARTESIAN_POINT('',(0.000994452617087003,0.034124206959067,-0.010844950103795));
#4172=CARTESIAN_POINT('',(0.000996337860590002,0.034125016817515,-0.010845327616275));
#4173=CARTESIAN_POINT('',(0.000998231789047004,0.034125810176526,-0.010845694540369));
#4174=CARTESIAN_POINT('',(0.001000134206266,0.034126586910616,-0.010846051045064));
#4175=CARTESIAN_POINT('',(0.001002044915205,0.034127346898509,-0.010846397294426));
#4176=CARTESIAN_POINT('',(0.001003963717971,0.034128090023129,-0.010846733447609));
#4177=CARTESIAN_POINT('',(0.001007799994239,0.034129535867981,-0.010847382971584));
#4178=CARTESIAN_POINT('',(0.001009717327872,0.03413023888834,-0.010847696518088));
#4179=CARTESIAN_POINT('',(0.001011642223347,0.034130925122766,-0.010848000448499));
#4180=CARTESIAN_POINT('',(0.001013574486128,0.034131594464846,-0.010848294907715));
#4181=CARTESIAN_POINT('',(0.001015513920511,0.03413224681168,-0.010848580035402));
#4182=CARTESIAN_POINT('',(0.001017460329624,0.034132882063869,-0.01084885596599));
#4183=CARTESIAN_POINT('',(0.001021351900422,0.034134113503645,-0.010849387669127));
#4184=CARTESIAN_POINT('',(0.001023296959425,0.034134709950613,-0.010849643578443));
#4185=CARTESIAN_POINT('',(0.00102524849901,0.034135289372649,-0.010849890682869));
#4186=CARTESIAN_POINT('',(0.001027206323894,0.034135851678998,-0.010850129103202));
#4187=CARTESIAN_POINT('',(0.001029170236938,0.034136396781931,-0.01085035895478));
#4188=CARTESIAN_POINT('',(0.001031140039148,0.034136924596742,-0.010850580347487));
#4189=CARTESIAN_POINT('',(0.001035078328287,0.034137942207309,-0.010851005055313));
#4190=CARTESIAN_POINT('',(0.001037046741784,0.034138432225456,-0.010851208477333));
#4191=CARTESIAN_POINT('',(0.001039020573298,0.034138905015983,-0.010851403754201));
#4192=CARTESIAN_POINT('',(0.001040999622982,0.034139360501515,-0.01085159098274));
#4193=CARTESIAN_POINT('',(0.00104298368801,0.034139798607518,-0.010851770254203));
#4194=CARTESIAN_POINT('',(0.001044972562571,0.034140219262293,-0.010851941654273));
#4195=CARTESIAN_POINT('',(0.001048948898364,0.034141023385064,-0.010852268000678));
#4196=CARTESIAN_POINT('',(0.001050936309997,0.034141407039203,-0.010852423029719));
#4197=CARTESIAN_POINT('',(0.001052928067339,0.03414177329148,-0.010852570428974));
#4198=CARTESIAN_POINT('',(0.001054923960502,0.034142122077063,-0.010852710271692));
#4199=CARTESIAN_POINT('',(0.001056923775157,0.034142453334202,-0.010852842625582));
#4200=CARTESIAN_POINT('',(0.001058927292525,0.034142767004225,-0.010852967552813));
#4201=CARTESIAN_POINT('',(0.001062932925929,0.034143357825741,-0.010853202177527));
#4202=CARTESIAN_POINT('',(0.00106493501248,0.034143635124172,-0.010853311936315));
#4203=CARTESIAN_POINT('',(0.001066940328255,0.034143894871764,-0.010853414442237));
#4204=CARTESIAN_POINT('',(0.001068948646867,0.034144137017333,-0.010853509745831));
#4205=CARTESIAN_POINT('',(0.00107095973633,0.034144361513581,-0.01085359789231));
#4206=CARTESIAN_POINT('',(0.001072973359053,0.0341445683171,-0.010853678921568));
#4207=CARTESIAN_POINT('',(0.001076999461383,0.034144945922858,-0.010853826604853));
#4208=CARTESIAN_POINT('',(0.001079011928357,0.034145116826061,-0.010853893299141));
#4209=CARTESIAN_POINT('',(0.001081026430709,0.034145270058735,-0.010853952985286));
#4210=CARTESIAN_POINT('',(0.001083042721449,0.034145405586745,-0.010854005692575));
#4211=CARTESIAN_POINT('',(0.001085060548657,0.034145523381068,-0.010854051445345));
#4212=CARTESIAN_POINT('',(0.001087079655481,0.034145623417791,-0.010854090262977));
#4213=CARTESIAN_POINT('',(0.001090655742463,0.034145769037541,-0.010854146727891));
#4214=CARTESIAN_POINT('',(0.001092212309282,0.034145821851254,-0.010854167190205));
#4215=CARTESIAN_POINT('',(0.001093769360943,0.034145864110677,-0.010854183553425));
#4216=CARTESIAN_POINT('',(0.001095326777137,0.034145895809421,-0.010854195822501));
#4217=CARTESIAN_POINT('',(0.001096884436899,0.034145916943278,-0.010854204000759));
#4218=CARTESIAN_POINT('',(0.001098442218612,0.034145927510218,-0.010854208089889));
#4219=CARTESIAN_POINT('',(0.0011,0.034145927510392,-0.010854208089957));
#4220=CARTESIAN_POINT('',(0.0011,0.033971020861761,-0.010349563800059));
#4221=CARTESIAN_POINT('',(0.0011,0.034145927510392,-0.010854208089957));
#4222=CARTESIAN_POINT('',(0.004,0.033971020861761,-0.010349563800059));
#4223=CARTESIAN_POINT('',(0.004,0.034145927510392,-0.010854208089957));
#4224=CARTESIAN_POINT('',(0.0038,0.031077795786903,-0.008977759353256));
#4225=CARTESIAN_POINT('',(0.0038,0.0319,-0.01135));
#4226=CARTESIAN_POINT('',(0.0038,0.0335605060983911,-0.0097585479909198));
#4227=CARTESIAN_POINT('',(0.0038,0.033882795868008,-0.0101844441043819));
#4228=CARTESIAN_POINT('',(0.0038,0.033902059850613,-0.009834974650818));
#4229=CARTESIAN_POINT('',(0.0038,0.033902059850613,-0.009834974650818));
#4230=CARTESIAN_POINT('',(0.0011,0.033560506098391,-0.00975854799092));
#4231=CARTESIAN_POINT('',(0.001097672372115,0.03356050609833,-0.009758547991192));
#4232=CARTESIAN_POINT('',(0.001095344742998,0.03356050041665,-0.009758573382855));
#4233=CARTESIAN_POINT('',(0.001093017424427,0.033560489053308,-0.009758624166069));
#4234=CARTESIAN_POINT('',(0.001090690723985,0.033560472022069,-0.009758700345768));
#4235=CARTESIAN_POINT('',(0.001088364945059,0.033560449350503,-0.009758801931655));
#4236=CARTESIAN_POINT('',(0.00108368606538,0.033560392447503,-0.009759057570932));
#4237=CARTESIAN_POINT('',(0.001081332994635,0.033560358071661,-0.009759212280053));
#4238=CARTESIAN_POINT('',(0.001078981483877,0.033560317995417,-0.00975939308061));
#4239=CARTESIAN_POINT('',(0.001076631832916,0.033560272275774,-0.009759599995228));
#4240=CARTESIAN_POINT('',(0.001074284332101,0.033560220983784,-0.009759833054117));
#4241=CARTESIAN_POINT('',(0.001069592458282,0.03356010738332,-0.009760351727754));
#4242=CARTESIAN_POINT('',(0.001067248089199,0.033560045066682,-0.009760637381733));
#4243=CARTESIAN_POINT('',(0.001064906435297,0.033559977339817,-0.009760949295068));
#4244=CARTESIAN_POINT('',(0.001062567768605,0.033559904301739,-0.009761287516009));
#4245=CARTESIAN_POINT('',(0.001060232352954,0.033559826065285,-0.009761652103001));
#4246=CARTESIAN_POINT('',(0.001055566592126,0.03355965937955,-0.009762434472155));
#4247=CARTESIAN_POINT('',(0.001053236254078,0.033559570921893,-0.009762852298605));
#4248=CARTESIAN_POINT('',(0.001050909685758,0.033559477510987,-0.009763296673139));
#4249=CARTESIAN_POINT('',(0.001048587139331,0.033559379287859,-0.009763767676549));
#4250=CARTESIAN_POINT('',(0.001046268863198,0.033559276407729,-0.009764265401314));
#4251=CARTESIAN_POINT('',(0.001041639489226,0.033559061586372,-0.009765314921653));
#4252=CARTESIAN_POINT('',(0.001039328400004,0.033558949638173,-0.009765866760116));
#4253=CARTESIAN_POINT('',(0.001037022079661,0.033558833365096,-0.009766445571645));
#4254=CARTESIAN_POINT('',(0.001034720774463,0.033558712952032,-0.009767051472815));
#4255=CARTESIAN_POINT('',(0.001032424731614,0.033558588599072,-0.009767684592117));
#4256=CARTESIAN_POINT('',(0.001027841927702,0.033558332346713,-0.009769006049308));
#4257=CARTESIAN_POINT('',(0.001025555176205,0.033558200441983,-0.009769694428479));
#4258=CARTESIAN_POINT('',(0.001023274193646,0.033558065023003,-0.009770410348401));
#4259=CARTESIAN_POINT('',(0.001020999233854,0.033557926322235,-0.009771153961112));
#4260=CARTESIAN_POINT('',(0.0010187305556,0.033557784588936,-0.00977192542976));
#4261=CARTESIAN_POINT('',(0.001014204409432,0.033557495469269,-0.009773525091946));
#4262=CARTESIAN_POINT('',(0.001011946953396,0.033557348078724,-0.009774353331622));
#4263=CARTESIAN_POINT('',(0.001009696319004,0.033557198184134,-0.009775209822525));
#4264=CARTESIAN_POINT('',(0.001007452779033,0.03355704607098,-0.0097760947489));
#4265=CARTESIAN_POINT('',(0.001005216614525,0.033556892043615,-0.009777008304344));
#4266=CARTESIAN_POINT('',(0.001000757093633,0.03355658063083,-0.009778894145516));
#4267=CARTESIAN_POINT('',(0.000998533755458005,0.033556423242307,-0.009779866495819));
#4268=CARTESIAN_POINT('',(0.000996318390659001,0.03355626458394,-0.009780867946602));
#4269=CARTESIAN_POINT('',(0.000994111300745001,0.033556105001336,-0.009781898708252));
#4270=CARTESIAN_POINT('',(0.000991912798342001,0.033555944861465,-0.009782958997653));
#4271=CARTESIAN_POINT('',(0.000987529719459,0.033555623958555,-0.009785141018543));
#4272=CARTESIAN_POINT('',(0.000985345175486003,0.033555463195461,-0.009786262855008));
#4273=CARTESIAN_POINT('',(0.000983169900855001,0.033555302653749,-0.009787414772498));
#4274=CARTESIAN_POINT('',(0.000981004234792002,0.033555142747953,-0.009788596998124));
#4275=CARTESIAN_POINT('',(0.000978848530160004,0.033554983916762,-0.009789809761194));
#4276=CARTESIAN_POINT('',(0.000974551527195,0.033554668871072,-0.009792300447682));
#4277=CARTESIAN_POINT('',(0.000972410289789002,0.03355451266608,-0.0097935785492));
#4278=CARTESIAN_POINT('',(0.000970279811145003,0.033554358475001,-0.009794887831746));
#4279=CARTESIAN_POINT('',(0.000968160477000001,0.033554206791848,-0.009796228525173));
#4280=CARTESIAN_POINT('',(0.000966052688931001,0.033554058137695,-0.009797600855206));
#4281=CARTESIAN_POINT('',(0.000961851179460002,0.033553767301102,-0.009800415838014));
#4282=CARTESIAN_POINT('',(0.000959757571412003,0.033553625152836,-0.009801858789286));
#4283=CARTESIAN_POINT('',(0.000957676463876001,0.033553487171978,-0.009803334122559));
#4284=CARTESIAN_POINT('',(0.000955608298038001,0.033553353944342,-0.009804842049852));
#4285=CARTESIAN_POINT('',(0.000953553532601001,0.03355322608545,-0.009806382769898));
#4286=CARTESIAN_POINT('',(0.000949456680675,0.033552981495656,-0.009809541789951));
#4287=CARTESIAN_POINT('',(0.000947414800176002,0.033552864854093,-0.00981116057624));
#4288=CARTESIAN_POINT('',(0.000945387489744001,0.033552754975915,-0.009812813017233));
#4289=CARTESIAN_POINT('',(0.000943375255041002,0.033552652552641,-0.009814499276806));
#4290=CARTESIAN_POINT('',(0.000941378619943003,0.033552558307235,-0.009816219492492));
#4291=CARTESIAN_POINT('',(0.000937395291063001,0.033552386718568,-0.009819747848635));
#4292=CARTESIAN_POINT('',(0.000935408963264002,0.03355230957761,-0.009821556758561));
#4293=CARTESIAN_POINT('',(0.000933439704815003,0.033552242352277,-0.009823400620792));
#4294=CARTESIAN_POINT('',(0.000931488094416004,0.033552185854708,-0.009825279506239));
#4295=CARTESIAN_POINT('',(0.000929554727790004,0.033552140928146,-0.00982719344119));
#4296=CARTESIAN_POINT('',(0.000925693428129003,0.033552075418079,-0.009831124233813));
#4297=CARTESIAN_POINT('',(0.000923766135170003,0.033552055256461,-0.009833142278452));
#4298=CARTESIAN_POINT('',(0.000921858984780002,0.03355204888274,-0.009835196521997));
#4299=CARTESIAN_POINT('',(0.000919972635311,0.033552057244223,-0.009837286875684));
#4300=CARTESIAN_POINT('',(0.000918107757490003,0.033552081314867,-0.009839413181211));
#4301=CARTESIAN_POINT('',(0.000914376540714003,0.033552163888617,-0.009843790942017));
#4302=CARTESIAN_POINT('',(0.000912511313431005,0.033552223229233,-0.00984604418939));
#4303=CARTESIAN_POINT('',(0.000910670090499999,0.03355230119618,-0.009848334706321));
#4304=CARTESIAN_POINT('',(0.000908853611445,0.033552398883163,-0.009850662144145));
#4305=CARTESIAN_POINT('',(0.000907062617377004,0.033552517398535,-0.009853026052067));
#4306=CARTESIAN_POINT('',(0.000903468919968002,0.033552803439255,-0.00985791295683));
#4307=CARTESIAN_POINT('',(0.000901668153746,0.033552972584604,-0.009860438609337));
#4308=CARTESIAN_POINT('',(0.000899896382752001,0.033553166554008,-0.009863002214952));
#4309=CARTESIAN_POINT('',(0.000898154417635001,0.033553386589472,-0.009865603012119));
#4310=CARTESIAN_POINT('',(0.000896443049277003,0.03355363392234,-0.009868240097452));
#4311=CARTESIAN_POINT('',(0.000892993350701001,0.033554200352329,-0.009873727433404));
#4312=CARTESIAN_POINT('',(0.000891258451775002,0.033554522567564,-0.009876581548459));
#4313=CARTESIAN_POINT('',(0.000889559257622002,0.033554877848441,-0.009879473539126));
#4314=CARTESIAN_POINT('',(0.000887896614969002,0.033555267565441,-0.009882401990307));
#4315=CARTESIAN_POINT('',(0.000886271311660004,0.033555693030086,-0.00988536530359));
#4316=CARTESIAN_POINT('',(0.000882970297796,0.033556654830251,-0.009891596981282));
#4317=CARTESIAN_POINT('',(0.000881300888789002,0.033557197289198,-0.009894870842729));
#4318=CARTESIAN_POINT('',(0.000879676769360002,0.033557784448535,-0.009898181019135));
#4319=CARTESIAN_POINT('',(0.000878098732097002,0.033558417737851,-0.009901525039611));
#4320=CARTESIAN_POINT('',(0.000876567442452,0.033559098439578,-0.009904900224828));
#4321=CARTESIAN_POINT('',(0.000873415426528003,0.033560647361408,-0.009912129160236));
#4322=CARTESIAN_POINT('',(0.000871807144499002,0.033561528356442,-0.00991599039606));
#4323=CARTESIAN_POINT('',(0.000870259347408999,0.033562472276673,-0.009919883262846));
#4324=CARTESIAN_POINT('',(0.000868772547940003,0.033563480415499,-0.009923803468358));
#4325=CARTESIAN_POINT('',(0.000867347016695004,0.033564553757134,-0.009927746559764));
#4326=CARTESIAN_POINT('',(0.000864328684612999,0.033567074249536,-0.009936510970659));
#4327=CARTESIAN_POINT('',(0.000862764715032001,0.033568552378425,-0.009941340974979));
#4328=CARTESIAN_POINT('',(0.000861290863788004,0.033570128526019,-0.009946189696925));
#4329=CARTESIAN_POINT('',(0.000859906697055005,0.033571803211555,-0.009951049076005));
#4330=CARTESIAN_POINT('',(0.000858611356843002,0.03357357631076,-0.009955911230902));
#4331=CARTESIAN_POINT('',(0.000855587538389002,0.033578259878415,-0.009968071711116));
#4332=CARTESIAN_POINT('',(0.000853969474542003,0.033581293523143,-0.009975364034175));
#4333=CARTESIAN_POINT('',(0.000852545206669001,0.033584545550357,-0.009982619680363));
#4334=CARTESIAN_POINT('',(0.000851309045430002,0.033588010899814,-0.009989815728462));
#4335=CARTESIAN_POINT('',(0.000850254912689002,0.0335916826388,-0.009996932184829));
#4336=CARTESIAN_POINT('',(0.000847273788365004,0.033604831401808,-0.010020782646254));
#4337=CARTESIAN_POINT('',(0.000846186928637003,0.033615245289614,-0.010037049248571));
#4338=CARTESIAN_POINT('',(0.000846036894128002,0.033626694771902,-0.010052543825434));
#4339=CARTESIAN_POINT('',(0.000846779968066001,0.033639038812071,-0.010067119866784));
#4340=CARTESIAN_POINT('',(0.000848430984238001,0.033652114584264,-0.010080674906065));
#4341=CARTESIAN_POINT('',(0.000852033988699003,0.03367099349097,-0.010097955719449));
#4342=CARTESIAN_POINT('',(0.000853177303853002,0.033676326672448,-0.010102601772515));
#4343=CARTESIAN_POINT('',(0.000854463589041,0.0336817290602,-0.010107081663866));
#4344=CARTESIAN_POINT('',(0.000855895303586002,0.03368718816395,-0.010111391720364));
#4345=CARTESIAN_POINT('',(0.000857474825414002,0.033692690561714,-0.010115529106384));
#4346=CARTESIAN_POINT('',(0.000860455881142003,0.03370222664711,-0.010122361079428));
#4347=CARTESIAN_POINT('',(0.000861786188804004,0.033706246536643,-0.010125138701574));
#4348=CARTESIAN_POINT('',(0.000863195661183001,0.033710276217408,-0.010127824175285));
#4349=CARTESIAN_POINT('',(0.000864684820221003,0.033714310125944,-0.010130417132888));
#4350=CARTESIAN_POINT('',(0.000866253972402,0.033718342599405,-0.010132917554664));
#4351=CARTESIAN_POINT('',(0.000869296178679001,0.033725767684554,-0.010137359782894));
#4352=CARTESIAN_POINT('',(0.000870746268967004,0.033729162385751,-0.010139328024934));
#4353=CARTESIAN_POINT('',(0.000872253516925003,0.033732548507498,-0.010141230700173));
#4354=CARTESIAN_POINT('',(0.000873817809778001,0.033735922632923,-0.010143068211625));
#4355=CARTESIAN_POINT('',(0.000875438884676002,0.033739281399929,-0.010144841160108));
#4356=CARTESIAN_POINT('',(0.000878621957805002,0.033745619487208,-0.010148084462444));
#4357=CARTESIAN_POINT('',(0.000880173001155001,0.033748602450485,-0.010149567208462));
#4358=CARTESIAN_POINT('',(0.000881769154801999,0.03375156800562,-0.010150999163826));
#4359=CARTESIAN_POINT('',(0.000883410019052004,0.033754513860356,-0.010152381026908));
#4360=CARTESIAN_POINT('',(0.000885095098455999,0.033757437815584,-0.010153713612929));
#4361=CARTESIAN_POINT('',(0.000888428318053001,0.033763029387622,-0.010156189837282));
#4362=CARTESIAN_POINT('',(0.000890070419320002,0.033765700336935,-0.010157340168594));
#4363=CARTESIAN_POINT('',(0.000891749631951003,0.033768348935013,-0.01015844959473));
#4364=CARTESIAN_POINT('',(0.000893465424716002,0.033770973599173,-0.010159518928908));
#4365=CARTESIAN_POINT('',(0.00089521720882,0.033773572842312,-0.010160549050724));
#4366=CARTESIAN_POINT('',(0.000898698667206002,0.033778584125589,-0.010162481257764));
#4367=CARTESIAN_POINT('',(0.000900424769881,0.033780998880817,-0.010163387210129));
#4368=CARTESIAN_POINT('',(0.000902182095842002,0.033783388356823,-0.010164259569598));
#4369=CARTESIAN_POINT('',(0.000903970063438002,0.033785751457124,-0.010165099176102));
#4370=CARTESIAN_POINT('',(0.000905788059454002,0.033788087170531,-0.01016590690316));
#4371=CARTESIAN_POINT('',(0.000909412426902002,0.033792614051431,-0.010167430815415));
#4372=CARTESIAN_POINT('',(0.000911216604881002,0.033794807335746,-0.010168149312754));
#4373=CARTESIAN_POINT('',(0.000913047400428,0.033796973602593,-0.010168839956804));
#4374=CARTESIAN_POINT('',(0.000914904226681001,0.033799112101523,-0.010169503566655));
#4375=CARTESIAN_POINT('',(0.000916786482531004,0.03380122215313,-0.010170140973578));
#4376=CARTESIAN_POINT('',(0.000920546941106,0.033805325567575,-0.010171347840106));
#4377=CARTESIAN_POINT('',(0.000922423768824003,0.033807320542152,-0.010171918704848));
#4378=CARTESIAN_POINT('',(0.000924323472182,0.033809287515807,-0.010172466388855));
#4379=CARTESIAN_POINT('',(0.000926245484540001,0.033811225988096,-0.01017299166416));
#4380=CARTESIAN_POINT('',(0.000928189236213,0.033813135515113,-0.010173495301224));
#4381=CARTESIAN_POINT('',(0.000932078138516004,0.03381685673466,-0.010174450779376));
#4382=CARTESIAN_POINT('',(0.000934022417979002,0.033818669635052,-0.010174903479207));
#4383=CARTESIAN_POINT('',(0.000935986456246003,0.033820454047705,-0.010175336889656));
#4384=CARTESIAN_POINT('',(0.000937969720580002,0.03382220965298,-0.010175751721837));
#4385=CARTESIAN_POINT('',(0.000939971682116,0.033823936174559,-0.010176148676747));
#4386=CARTESIAN_POINT('',(0.000943980828155003,0.033827304437791,-0.010176902363214));
#4387=CARTESIAN_POINT('',(0.000945987457992001,0.033828947074078,-0.010177259619099));
#4388=CARTESIAN_POINT('',(0.000948011205116003,0.033830561066161,-0.010177600871857));
#4389=CARTESIAN_POINT('',(0.000950051577085002,0.033832146223851,-0.010177926765299));
#4390=CARTESIAN_POINT('',(0.000952108089279001,0.033833702388916,-0.010178237928109));
#4391=CARTESIAN_POINT('',(0.000956228864280002,0.033836739107226,-0.010178828639937));
#4392=CARTESIAN_POINT('',(0.000958292773143004,0.033838220317691,-0.010179108507685));
#4393=CARTESIAN_POINT('',(0.000960371531400002,0.033839672944451,-0.010179375169556));
#4394=CARTESIAN_POINT('',(0.000962464688677001,0.033841096888009,-0.01017962920024));
#4395=CARTESIAN_POINT('',(0.000964571804313002,0.033842492071389,-0.010179871156651));
#4396=CARTESIAN_POINT('',(0.000968795258674,0.033845213319571,-0.01018033006168));
#4397=CARTESIAN_POINT('',(0.000970911370951004,0.033846539865488,-0.010180547203116));
#4398=CARTESIAN_POINT('',(0.000973040364479004,0.033847838024665,-0.010180753527618));
#4399=CARTESIAN_POINT('',(0.000975181829728,0.033849107758763,-0.010180949541674));
#4400=CARTESIAN_POINT('',(0.00097733536735,0.033850349044317,-0.010181135732883));
#4401=CARTESIAN_POINT('',(0.000981652270187001,0.033852767117529,-0.010181488301287));
#4402=CARTESIAN_POINT('',(0.000983815489569002,0.033853944258734,-0.010181654794958));
#4403=CARTESIAN_POINT('',(0.000985989864748002,0.03385509328776,-0.010181812510756));
#4404=CARTESIAN_POINT('',(0.000988175023780003,0.03385621420481,-0.010181961889426));
#4405=CARTESIAN_POINT('',(0.000990370604354002,0.033857307018892,-0.010182103352661));
#4406=CARTESIAN_POINT('',(0.000994771484335001,0.033859431447251,-0.010182370620805));
#4407=CARTESIAN_POINT('',(0.000996976688432002,0.033860463325232,-0.010182496496517));
#4408=CARTESIAN_POINT('',(0.000999191518640002,0.033861467399131,-0.010182615327104));
#4409=CARTESIAN_POINT('',(0.001001415635799,0.033862443690384,-0.010182727490769));
#4410=CARTESIAN_POINT('',(0.001003648709028,0.033863392224492,-0.010182833347062));
#4411=CARTESIAN_POINT('',(0.001008123889072,0.033865230455602,-0.010183032759811));
#4412=CARTESIAN_POINT('',(0.00101036593196,0.033866120355104,-0.01018312636008));
#4413=CARTESIAN_POINT('',(0.001012616225573,0.033866982758578,-0.010183214374783));
#4414=CARTESIAN_POINT('',(0.001014874457276,0.033867817695551,-0.010183297123029));
#4415=CARTESIAN_POINT('',(0.00101714032062,0.033868625196021,-0.010183374905932));
#4416=CARTESIAN_POINT('',(0.001021679949968,0.033870183065034,-0.010183520889912));
#4417=CARTESIAN_POINT('',(0.001023953671563,0.033870933595725,-0.010183589118891));
#4418=CARTESIAN_POINT('',(0.001026234382776,0.033871656912541,-0.01018365297415));
#4419=CARTESIAN_POINT('',(0.001028521789521,0.033872353043414,-0.010183712719035));
#4420=CARTESIAN_POINT('',(0.001030815600976,0.033873022014206,-0.010183768599644));
#4421=CARTESIAN_POINT('',(0.001035409686327,0.03387430407248,-0.0101838729589));
#4422=CARTESIAN_POINT('',(0.001037709928412,0.033874917295591,-0.010183921455866));
#4423=CARTESIAN_POINT('',(0.001040015970673,0.033875503541421,-0.010183966562874));
#4424=CARTESIAN_POINT('',(0.001042327527342,0.03387606282982,-0.010184008490521));
#4425=CARTESIAN_POINT('',(0.001044644312041,0.033876595177104,-0.010184047432852));
#4426=CARTESIAN_POINT('',(0.001049282747079,0.033877604922985,-0.010184119623803));
#4427=CARTESIAN_POINT('',(0.001051604374728,0.033878082437688,-0.010184152884622));
#4428=CARTESIAN_POINT('',(0.00105393063568,0.033878533152569,-0.010184183526198));
#4429=CARTESIAN_POINT('',(0.001056261239649,0.033878957076331,-0.010184211708934));
#4430=CARTESIAN_POINT('',(0.001058595891107,0.033879354213982,-0.010184237577261));
#4431=CARTESIAN_POINT('',(0.001063268478023,0.033880094253001,-0.010184284899377));
#4432=CARTESIAN_POINT('',(0.001065606398862,0.033880437250926,-0.010184306361089));
#4433=CARTESIAN_POINT('',(0.001067947752145,0.033880753561565,-0.010184325772564));
#4434=CARTESIAN_POINT('',(0.001070292228994,0.033881043183557,-0.010184343246052));
#4435=CARTESIAN_POINT('',(0.001072639511305,0.033881306113221,-0.010184358878255));
#4436=CARTESIAN_POINT('',(0.001077335958602,0.033881778266894,-0.010184386604267));
#4437=CARTESIAN_POINT('',(0.001079685117166,0.033881987561195,-0.010184398702717));
#4438=CARTESIAN_POINT('',(0.001082036419898,0.03388217022134,-0.010184409126548));
#4439=CARTESIAN_POINT('',(0.00108438953008,0.033882326241441,-0.010184417941359));
#4440=CARTESIAN_POINT('',(0.001086744101817,0.033882455615841,-0.010184425197482));
#4441=CARTESIAN_POINT('',(0.00109091538386,0.033882637511546,-0.010184435348226));
#4442=CARTESIAN_POINT('',(0.001092731645666,0.033882700852648,-0.010184438861403));
#4443=CARTESIAN_POINT('',(0.001094548402775,0.033882748359941,-0.010184441485571));
#4444=CARTESIAN_POINT('',(0.00109636549123,0.033882780031866,-0.010184443231438));
#4445=CARTESIAN_POINT('',(0.001098182745805,0.03388279586779,-0.01018444410437));
#4446=CARTESIAN_POINT('',(0.0011,0.033882795868008,-0.010184444104382));
#4447=CARTESIAN_POINT('',(0.0011,0.033560506098391,-0.009758547990919));
#4448=CARTESIAN_POINT('',(0.0011,0.033882795868008,-0.010184444104382));
#4449=CARTESIAN_POINT('',(0.004,0.033560506098391,-0.00975854799092));
#4450=CARTESIAN_POINT('',(0.004,0.033882795868008,-0.010184444104382));
#4451=CARTESIAN_POINT('',(0.0038,0.031077795786903,-0.008977759353256));
#4452=CARTESIAN_POINT('',(0.0038,0.0319,-0.01135));
#4453=CARTESIAN_POINT('',(0.0038,0.0329874494286847,-0.00932331459272692));
#4454=CARTESIAN_POINT('',(0.0038,0.0334255743511121,-0.00962877285077512));
#4455=CARTESIAN_POINT('',(0.0038,0.033335903487132,-0.009290454751713));
#4456=CARTESIAN_POINT('',(0.0038,0.033335903487132,-0.009290454751713));
#4457=CARTESIAN_POINT('',(0.0011,0.032987449428685,-0.009323314592727));
#4458=CARTESIAN_POINT('',(0.001097672212818,0.032987449428711,-0.009323314593005));
#4459=CARTESIAN_POINT('',(0.001095344424359,0.032987451871897,-0.009323340501191));
#4460=CARTESIAN_POINT('',(0.001093016994335,0.032987456758265,-0.009323392317457));
#4461=CARTESIAN_POINT('',(0.001090690278114,0.032987464102097,-0.009323470038695));
#4462=CARTESIAN_POINT('',(0.001088364626721,0.032987473931932,-0.009323573658518));
#4463=CARTESIAN_POINT('',(0.001083685408454,0.032987498812644,-0.009323834388778));
#4464=CARTESIAN_POINT('',(0.001081331877634,0.032987513930902,-0.009323992189113));
#4465=CARTESIAN_POINT('',(0.001078980153403,0.032987531689858,-0.009324176558236));
#4466=CARTESIAN_POINT('',(0.001076630584905,0.032987552149258,-0.0093243874852));
#4467=CARTESIAN_POINT('',(0.001074283511412,0.032987575384084,-0.009324624958139));
#4468=CARTESIAN_POINT('',(0.001069591298298,0.032987627626369,-0.009325153388766));
#4469=CARTESIAN_POINT('',(0.001067246167913,0.03298765664297,-0.009325444431068));
#4470=CARTESIAN_POINT('',(0.001064904200815,0.03298768862498,-0.009325762078553));
#4471=CARTESIAN_POINT('',(0.001062565717871,0.032987723678626,-0.009326106320068));
#4472=CARTESIAN_POINT('',(0.00106023103116,0.032987761925734,-0.009326477145923));
#4473=CARTESIAN_POINT('',(0.001055564919899,0.032987845169796,-0.009327272791684));
#4474=CARTESIAN_POINT('',(0.001053233513976,0.032987890180931,-0.009327697724433));
#4475=CARTESIAN_POINT('',(0.001050906531102,0.032987938675421,-0.009328149338223));
#4476=CARTESIAN_POINT('',(0.001048584271655,0.032987990807597,-0.009328627627615));
#4477=CARTESIAN_POINT('',(0.001046267031504,0.032988046747828,-0.009329132589654));
#4478=CARTESIAN_POINT('',(0.001041637291743,0.03298816676968,-0.009330197210376));
#4479=CARTESIAN_POINT('',(0.0010393248205,0.032988230871705,-0.009330757004721));
#4480=CARTESIAN_POINT('',(0.001037017982008,0.032988299176432,-0.009331343606719));
#4481=CARTESIAN_POINT('',(0.001034717069925,0.032988371888241,-0.009331957018172));
#4482=CARTESIAN_POINT('',(0.001032422377838,0.032988449228065,-0.009332597242875));
#4483=CARTESIAN_POINT('',(0.001027839189305,0.032988613884137,-0.009333933321806));
#4484=CARTESIAN_POINT('',(0.001025550732869,0.032988701229536,-0.009334629335962));
#4485=CARTESIAN_POINT('',(0.001023269126359,0.032988793709207,-0.009335352335128));
#4486=CARTESIAN_POINT('',(0.00102099466966,0.032988891579874,-0.009336102325628));
#4487=CARTESIAN_POINT('',(0.00101872766613,0.032988995115361,-0.00933687931405));
#4488=CARTESIAN_POINT('',(0.00101420111417,0.032989214488684,-0.009338490170496));
#4489=CARTESIAN_POINT('',(0.001011941622016,0.032989330369158,-0.00933932423102));
#4490=CARTESIAN_POINT('',(0.001009690256528,0.032989452542098,-0.009340185495936));
#4491=CARTESIAN_POINT('',(0.00100744733415,0.032989581319204,-0.009341073969874));
#4492=CARTESIAN_POINT('',(0.001005213177384,0.032989717029793,-0.009341989654975));
#4493=CARTESIAN_POINT('',(0.001000753228812,0.03299000364309,-0.009343879609587));
#4494=CARTESIAN_POINT('',(0.000998527518008999,0.032990154610215,-0.00934485411907));
#4495=CARTESIAN_POINT('',(0.000996311315563003,0.032990313273791,-0.009345856079168));
#4496=CARTESIAN_POINT('',(0.000994104962458001,0.032990480003396,-0.009346885483461));
#4497=CARTESIAN_POINT('',(0.000991908807473001,0.032990655186572,-0.009347942319295));
#4498=CARTESIAN_POINT('',(0.000987525280585998,0.032991024309031,-0.009350116931183));
#4499=CARTESIAN_POINT('',(0.000985338028372001,0.032991218348421,-0.009351235016308));
#4500=CARTESIAN_POINT('',(0.000983161813484002,0.032991421759522,-0.00935238080409));
#4501=CARTESIAN_POINT('',(0.000980997007612002,0.032991634972799,-0.009353554264399));
#4502=CARTESIAN_POINT('',(0.000978843991205004,0.032991858436656,-0.009354755356026));
#4503=CARTESIAN_POINT('',(0.000974546524711,0.032992328525556,-0.009357221760141));
#4504=CARTESIAN_POINT('',(0.00097240225501,0.032992575309024,-0.00935848747979));
#4505=CARTESIAN_POINT('',(0.000970270742605004,0.032992833444779,-0.009359781132318));
#4506=CARTESIAN_POINT('',(0.000968152394592001,0.032993103427013,-0.009361102647265));
#4507=CARTESIAN_POINT('',(0.000966047626912998,0.032993385767176,-0.009362451937026));
#4508=CARTESIAN_POINT('',(0.000961845647799001,0.032993979108981,-0.009365219327522));
#4509=CARTESIAN_POINT('',(0.000959748711497,0.032994290363508,-0.009366637970934));
#4510=CARTESIAN_POINT('',(0.000957666493317001,0.032994615302215,-0.009368084719294));
#4511=CARTESIAN_POINT('',(0.000955599438966,0.032994954485273,-0.009369559440185));
#4512=CARTESIAN_POINT('',(0.000953548001995003,0.032995308488361,-0.009371061976575));
#4513=CARTESIAN_POINT('',(0.000949450690308998,0.032996052143971,-0.009374142311229));
#4514=CARTESIAN_POINT('',(0.000947405237920002,0.03299644220104,-0.009375720834885));
#4515=CARTESIAN_POINT('',(0.000945376766988002,0.032996848688929,-0.009377327528823));
#4516=CARTESIAN_POINT('',(0.000943365763209001,0.03299727223481,-0.009378962170441));
#4517=CARTESIAN_POINT('',(0.000941372717607004,0.032997713477979,-0.009380624503497));
#4518=CARTESIAN_POINT('',(0.000937388964301001,0.032998640708255,-0.009384033556609));
#4519=CARTESIAN_POINT('',(0.000935398907355001,0.032999127342194,-0.009385781243069));
#4520=CARTESIAN_POINT('',(0.000933428479431002,0.032999633658383,-0.009387556991725));
#4521=CARTESIAN_POINT('',(0.000931478204965999,0.033000160349826,-0.009389360452563));
#4522=CARTESIAN_POINT('',(0.000929548609101001,0.033000708115813,-0.009391191231315));
#4523=CARTESIAN_POINT('',(0.000925686959503,0.033001860598195,-0.009394950221612));
#4524=CARTESIAN_POINT('',(0.000923755912806003,0.033002466348856,-0.009396879710647));
#4525=CARTESIAN_POINT('',(0.000921847642453004,0.033003095670968,-0.009398836885509));
#4526=CARTESIAN_POINT('',(0.000919962706395001,0.033003749318474,-0.009400821218882));
#4527=CARTESIAN_POINT('',(0.000918101655673999,0.033004428042191,-0.009402832127192));
#4528=CARTESIAN_POINT('',(0.000914370222901001,0.033005859459839,-0.009406970347987));
#4529=CARTESIAN_POINT('',(0.000912501410914004,0.033006613813472,-0.009409099329369));
#4530=CARTESIAN_POINT('',(0.000910659197149999,0.033007396472241,-0.009411255210491));
#4531=CARTESIAN_POINT('',(0.000908844161558002,0.033008208239946,-0.00941343721812));
#4532=CARTESIAN_POINT('',(0.000907056865351002,0.033009049902651,-0.009415644510054));
#4533=CARTESIAN_POINT('',(0.000903463176792001,0.033010832075774,-0.009420203830001));
#4534=CARTESIAN_POINT('',(0.000901659266469002,0.033011775277415,-0.009422558000749));
#4535=CARTESIAN_POINT('',(0.000899886736634003,0.033012752705613,-0.009424937650623));
#4536=CARTESIAN_POINT('',(0.000898146167406001,0.033013765192443,-0.00942734166219));
#4537=CARTESIAN_POINT('',(0.000896438102411003,0.033014813530048,-0.009429768837326));
#4538=CARTESIAN_POINT('',(0.000892988781536,0.033017047672404,-0.009434812015218));
#4539=CARTESIAN_POINT('',(0.000891251548196002,0.033018237937749,-0.009437430691081));
#4540=CARTESIAN_POINT('',(0.000889551951800002,0.033019470160035,-0.009440072400496));
#4541=CARTESIAN_POINT('',(0.000887890532852001,0.033020745159162,-0.009442735531652));
#4542=CARTESIAN_POINT('',(0.000886267769323001,0.033022063681578,-0.009445418385235));
#4543=CARTESIAN_POINT('',(0.000882967749709002,0.033024903246681,-0.009451046154746));
#4544=CARTESIAN_POINT('',(0.000881297308684002,0.033026431998911,-0.00945399421003));
#4545=CARTESIAN_POINT('',(0.000879673280323002,0.033028013511236,-0.009456961059412));
#4546=CARTESIAN_POINT('',(0.000878096091375003,0.033029648513033,-0.009459944342018));
#4547=CARTESIAN_POINT('',(0.000876566068593002,0.033031337608787,-0.009462941616968));
#4548=CARTESIAN_POINT('',(0.000873416164358001,0.033035042101396,-0.00946933381461));
#4549=CARTESIAN_POINT('',(0.000871808823209003,0.033037071937837,-0.009472731792017));
#4550=CARTESIAN_POINT('',(0.000870261728404001,0.033039171463478,-0.009476140703728));
#4551=CARTESIAN_POINT('',(0.000868775041656,0.03304134114563,-0.00947955692558));
#4552=CARTESIAN_POINT('',(0.000867348773282001,0.033043581242853,-0.009482976801114));
#4553=CARTESIAN_POINT('',(0.000864335040416001,0.033048678945955,-0.00949052186181));
#4554=CARTESIAN_POINT('',(0.000862775027067001,0.033051568630411,-0.009494647068239));
#4555=CARTESIAN_POINT('',(0.000861302457357001,0.03305456093443,-0.009498765792426));
#4556=CARTESIAN_POINT('',(0.000859916846414,0.033057655558122,-0.00950287171861));
#4557=CARTESIAN_POINT('',(0.000858617509300001,0.033060851825611,-0.009506958683706));
#4558=CARTESIAN_POINT('',(0.00085560844832,0.033069023879618,-0.009517027305655));
#4559=CARTESIAN_POINT('',(0.000854000102457002,0.033074119039501,-0.00952297935209));
#4560=CARTESIAN_POINT('',(0.000852575797438002,0.033079430955696,-0.009528857651091));
#4561=CARTESIAN_POINT('',(0.000851332352584,0.033084954937142,-0.009534644273683));
#4562=CARTESIAN_POINT('',(0.000850266871203001,0.033090685119251,-0.009540322660663));
#4563=CARTESIAN_POINT('',(0.000847352944051003,0.033110112524514,-0.009558522896195));
#4564=CARTESIAN_POINT('',(0.000846241610838999,0.033124637682003,-0.009570523400791));
#4565=CARTESIAN_POINT('',(0.000846018256908002,0.033140124746906,-0.009581717057699));
#4566=CARTESIAN_POINT('',(0.000846691676548002,0.033156462941055,-0.009591948601344));
#4567=CARTESIAN_POINT('',(0.000848332893257003,0.033173482766937,-0.009601078302223));
#4568=CARTESIAN_POINT('',(0.000852023852246003,0.033197346402962,-0.009611938218139));
#4569=CARTESIAN_POINT('',(0.000853158881065002,0.033203818453562,-0.009614696378785));
#4570=CARTESIAN_POINT('',(0.000854440677502,0.033210332886584,-0.009617288204027));
#4571=CARTESIAN_POINT('',(0.000855873357790003,0.033216873778963,-0.009619709953061));
#4572=CARTESIAN_POINT('',(0.000857460412212002,0.033223423498026,-0.009621959395447));
#4573=CARTESIAN_POINT('',(0.000860451689704,0.033234642387026,-0.009625522350773));
#4574=CARTESIAN_POINT('',(0.000861779533502,0.033239316706206,-0.009626920119597));
#4575=CARTESIAN_POINT('',(0.000863188372711002,0.033243978739531,-0.009628229383817));
#4576=CARTESIAN_POINT('',(0.000864678643892003,0.033248621367906,-0.009629450590242));
#4577=CARTESIAN_POINT('',(0.000866250379681001,0.03325323745818,-0.009630584765041));
#4578=CARTESIAN_POINT('',(0.000869296115614,0.033261681643641,-0.009632517337275));
#4579=CARTESIAN_POINT('',(0.000870746614016,0.033265519562106,-0.009633340488202));
#4580=CARTESIAN_POINT('',(0.000872254456411002,0.033269329363429,-0.009634103946836));
#4581=CARTESIAN_POINT('',(0.000873819179018999,0.033273107010957,-0.009634808962333));
#4582=CARTESIAN_POINT('',(0.000875440101851002,0.0332768486865,-0.009635457052701));
#4583=CARTESIAN_POINT('',(0.000878624709968003,0.033283882191409,-0.009636583582829));
#4584=CARTESIAN_POINT('',(0.000880177884112002,0.033287181574236,-0.009637072500412));
#4585=CARTESIAN_POINT('',(0.000881775195302002,0.033290446340411,-0.009637518063331));
#4586=CARTESIAN_POINT('',(0.000883415881634,0.033293674120056,-0.009637921694392));
#4587=CARTESIAN_POINT('',(0.000885099075150001,0.033296862771813,-0.009638284933418));
#4588=CARTESIAN_POINT('',(0.000888432892106002,0.033302946958415,-0.009638912184331));
#4589=CARTESIAN_POINT('',(0.000890078142289003,0.033305847818387,-0.009639181205642));
#4590=CARTESIAN_POINT('',(0.000891758764916002,0.033308711424625,-0.009639417844776));
#4591=CARTESIAN_POINT('',(0.000893473928863003,0.033311536425038,-0.009639623482401));
#4592=CARTESIAN_POINT('',(0.000895222759346,0.033314321653579,-0.009639799536266));
#4593=CARTESIAN_POINT('',(0.000898704300645002,0.03331968487973,-0.009640088609549));
#4594=CARTESIAN_POINT('',(0.000900434086187001,0.033322266523664,-0.009640204139914));
#4595=CARTESIAN_POINT('',(0.000902192900892003,0.033324810218052,-0.009640295313167));
#4596=CARTESIAN_POINT('',(0.000903979941480001,0.033327315255688,-0.009640363385809));
#4597=CARTESIAN_POINT('',(0.000905794395063005,0.033329781066162,-0.009640409609974));
#4598=CARTESIAN_POINT('',(0.000909418550113002,0.033334557020623,-0.009640460050568));
#4599=CARTESIAN_POINT('',(0.000911226608224,0.033336869616699,-0.00964046553885));
#4600=CARTESIAN_POINT('',(0.000913058869576003,0.033339144612917,-0.009640452829288));
#4601=CARTESIAN_POINT('',(0.000914914598176001,0.033341381712417,-0.009640423028504));
#4602=CARTESIAN_POINT('',(0.000916793065932002,0.033343580712646,-0.009640377218733));
#4603=CARTESIAN_POINT('',(0.000920553145642999,0.033347855803202,-0.009640257004322));
#4604=CARTESIAN_POINT('',(0.000922433822090001,0.033349933515139,-0.009640183234069));
#4605=CARTESIAN_POINT('',(0.000924334909601001,0.03335197454027,-0.009640096136227));
#4606=CARTESIAN_POINT('',(0.000926255751778002,0.033353978839098,-0.009639996667404));
#4607=CARTESIAN_POINT('',(0.000928195708215,0.033355946433534,-0.009639885751644));
#4608=CARTESIAN_POINT('',(0.000932084145288004,0.033359780323914,-0.009639644574142));
#4609=CARTESIAN_POINT('',(0.000934032093197004,0.03336164767204,-0.009639514616145));
#4610=CARTESIAN_POINT('',(0.000935997402074,0.033363479530561,-0.009639375258472));
#4611=CARTESIAN_POINT('',(0.000937979494628,0.033365276016058,-0.009639227318776));
#4612=CARTESIAN_POINT('',(0.000939977812426003,0.033367037282394,-0.009639071580325));
#4613=CARTESIAN_POINT('',(0.000943986457431999,0.033370473163571,-0.009638747568668));
#4614=CARTESIAN_POINT('',(0.000945996484455001,0.033372148445326,-0.009638579430381));
#4615=CARTESIAN_POINT('',(0.000948021373646003,0.033373789550952,-0.009638405103989));
#4616=CARTESIAN_POINT('',(0.000950060620613001,0.033375396685596,-0.009638225283351));
#4617=CARTESIAN_POINT('',(0.000952113739887,0.033376970074575,-0.009638040629334));
#4618=CARTESIAN_POINT('',(0.000956234009625002,0.033380040328804,-0.009637664078278));
#4619=CARTESIAN_POINT('',(0.000958300994356003,0.033381537604651,-0.009637472233519));
#4620=CARTESIAN_POINT('',(0.000960380761644002,0.03338300203119,-0.009637276851517));
#4621=CARTESIAN_POINT('',(0.000962472871565999,0.033384433856991,-0.009637078518105));
#4622=CARTESIAN_POINT('',(0.000964576901754,0.033385833338923,-0.009636877788964));
#4623=CARTESIAN_POINT('',(0.000968799865639001,0.033388562892167,-0.009636473368619));
#4624=CARTESIAN_POINT('',(0.000970918710396,0.033389893207701,-0.009636269692352));
#4625=CARTESIAN_POINT('',(0.000973048581741003,0.033391191950307,-0.009636064680207));
#4626=CARTESIAN_POINT('',(0.000975189095226002,0.033392459381736,-0.009635858824737));
#4627=CARTESIAN_POINT('',(0.000977339881880004,0.033393695763934,-0.009635652591666));
#4628=CARTESIAN_POINT('',(0.000981656319655001,0.033396104178359,-0.009635240722804));
#4629=CARTESIAN_POINT('',(0.000983821924417001,0.033397276350943,-0.009635035087364));
#4630=CARTESIAN_POINT('',(0.000985997051567999,0.033398418136704,-0.009634829949435));
#4631=CARTESIAN_POINT('',(0.000988181363231002,0.0333995297903,-0.009634625721343));
#4632=CARTESIAN_POINT('',(0.000990374534575005,0.033400611561136,-0.009634422791869));
#4633=CARTESIAN_POINT('',(0.000994774979903003,0.033402714395261,-0.009634020534246));
#4634=CARTESIAN_POINT('',(0.000996982229859,0.033403735538215,-0.009633821202173));
#4635=CARTESIAN_POINT('',(0.000999197693269002,0.033404727365077,-0.009633623893843));
#4636=CARTESIAN_POINT('',(0.001001421070094,0.033405690109845,-0.009633428952515));
#4637=CARTESIAN_POINT('',(0.001003652070681,0.033406623997664,-0.00963323670089));
#4638=CARTESIAN_POINT('',(0.001008126847698,0.033408433718273,-0.009632858343109));
#4639=CARTESIAN_POINT('',(0.00101037061069,0.033409309599409,-0.009632672232364));
#4640=CARTESIAN_POINT('',(0.001012621426279,0.033410157103755,-0.009632489410351));
#4641=CARTESIAN_POINT('',(0.00101487902343,0.033410976435674,-0.009632310160549));
#4642=CARTESIAN_POINT('',(0.001017143138525,0.033411767788384,-0.009632134748443));
#4643=CARTESIAN_POINT('',(0.001021682395146,0.033413294396037,-0.009631792207586));
#4644=CARTESIAN_POINT('',(0.001023957527386,0.033414029687243,-0.009631625073877));
#4645=CARTESIAN_POINT('',(0.001026238656543,0.033414737399094,-0.009631462267522));
#4646=CARTESIAN_POINT('',(0.001028525531041,0.033415417700656,-0.009631304019712));
#4647=CARTESIAN_POINT('',(0.001030817903275,0.033416070748533,-0.009631150545715));
#4648=CARTESIAN_POINT('',(0.001035411643156,0.033417322213075,-0.0096308536418));
#4649=CARTESIAN_POINT('',(0.001037713002653,0.033417920665228,-0.009630710205653));
#4650=CARTESIAN_POINT('',(0.001040019365121,0.033418492186999,-0.009630571935507));
#4651=CARTESIAN_POINT('',(0.001042330487395,0.03341903690918,-0.009630439016017));
#4652=CARTESIAN_POINT('',(0.001044646126135,0.033419554949688,-0.009630311617416));
#4653=CARTESIAN_POINT('',(0.001049284238744,0.033420537515012,-0.00963006826337));
#4654=CARTESIAN_POINT('',(0.001051606704918,0.033421002079031,-0.009629952299743));
#4655=CARTESIAN_POINT('',(0.001053933193397,0.033421440210179,-0.009629842160251));
#4656=CARTESIAN_POINT('',(0.00105626345631,0.033421852000749,-0.00962973798695));
#4657=CARTESIAN_POINT('',(0.001058597240861,0.033422237530767,-0.009629639908335));
#4658=CARTESIAN_POINT('',(0.001063269523385,0.033422955926235,-0.009629456241674));
#4659=CARTESIAN_POINT('',(0.001065608015138,0.033423288832639,-0.009629370644029));
#4660=CARTESIAN_POINT('',(0.001067949506937,0.033423595654523,-0.00962929136123));
#4661=CARTESIAN_POINT('',(0.00107029373218,0.033423876448779,-0.0096292184947));
#4662=CARTESIAN_POINT('',(0.001072640415303,0.033424131261877,-0.00962915213245));
#4663=CARTESIAN_POINT('',(0.001077336570767,0.033424588846077,-0.009629032605373));
#4664=CARTESIAN_POINT('',(0.001079686040265,0.033424791652104,-0.009628979431739));
#4665=CARTESIAN_POINT('',(0.001082037394849,0.033424968583817,-0.009628932902734));
#4666=CARTESIAN_POINT('',(0.001084390340105,0.033425119669413,-0.009628893079084));
#4667=CARTESIAN_POINT('',(0.001086744572639,0.033425244929399,-0.009628860007692));
#4668=CARTESIAN_POINT('',(0.001090915513719,0.033425421044849,-0.009628813456565));
#4669=CARTESIAN_POINT('',(0.001092731827483,0.033425482371446,-0.009628797224316));
#4670=CARTESIAN_POINT('',(0.001094548578117,0.033425528362285,-0.009628785040066));
#4671=CARTESIAN_POINT('',(0.001096365621121,0.033425559021386,-0.009628776913903));
#4672=CARTESIAN_POINT('',(0.001098182810747,0.033425574350901,-0.009628772850831));
#4673=CARTESIAN_POINT('',(0.0011,0.033425574351112,-0.009628772850775));
#4674=CARTESIAN_POINT('',(0.0011,0.032987449428685,-0.009323314592727));
#4675=CARTESIAN_POINT('',(0.0011,0.033425574351112,-0.009628772850775));
#4676=CARTESIAN_POINT('',(0.004,0.032987449428685,-0.009323314592727));
#4677=CARTESIAN_POINT('',(0.004,0.033425574351112,-0.009628772850775));
#4678=CARTESIAN_POINT('',(0.0038,0.031077795786903,-0.008977759353256));
#4679=CARTESIAN_POINT('',(0.0038,0.0319,-0.01135));
#4680=CARTESIAN_POINT('',(0.0038,0.0323079456321928,-0.00908646728294584));
#4681=CARTESIAN_POINT('',(0.0038,0.032819018987428,-0.00924158730302924));
#4682=CARTESIAN_POINT('',(0.0038,0.032629190885803,-0.008947537491206));
#4683=CARTESIAN_POINT('',(0.0038,0.032629190885803,-0.008947537491206));
#4684=CARTESIAN_POINT('',(0.0011,0.032307945632193,-0.009086467282946));
#4685=CARTESIAN_POINT('',(0.00109800444294,0.032307945632288,-0.009086467283166));
#4686=CARTESIAN_POINT('',(0.001096008884738,0.032307953012942,-0.009086484349365));
#4687=CARTESIAN_POINT('',(0.001094013593726,0.032307967774204,-0.009086518481604));
#4688=CARTESIAN_POINT('',(0.00109201883591,0.032307989920116,-0.009086569673549));
#4689=CARTESIAN_POINT('',(0.001090024874973,0.032308019458713,-0.009086637912469));
#4690=CARTESIAN_POINT('',(0.001088031972272,0.032308056402021,-0.009086723179239));
#4691=CARTESIAN_POINT('',(0.001084020562439,0.03230814575914,-0.009086929167528));
#4692=CARTESIAN_POINT('',(0.001082002091398,0.032308198385037,-0.009087050375092));
#4693=CARTESIAN_POINT('',(0.001079985242932,0.032308258660483,-0.009087189044374));
#4694=CARTESIAN_POINT('',(0.001077970280633,0.032308326606813,-0.009087345143172));
#4695=CARTESIAN_POINT('',(0.00107595746247,0.032308402249962,-0.009087518633734));
#4696=CARTESIAN_POINT('',(0.00107394704079,0.032308485620468,-0.009087709472762));
#4697=CARTESIAN_POINT('',(0.001069924519867,0.03230866820257,-0.009088126471993));
#4698=CARTESIAN_POINT('',(0.001067912438828,0.032308767468216,-0.009088352752843));
#4699=CARTESIAN_POINT('',(0.001065903267655,0.032308874585972,-0.009088596404706));
#4700=CARTESIAN_POINT('',(0.001063897248897,0.032308989596398,-0.009088857374013));
#4701=CARTESIAN_POINT('',(0.001061894619194,0.032309112545048,-0.009089135602888));
#4702=CARTESIAN_POINT('',(0.001059895609279,0.032309243482472,-0.009089431029148));
#4703=CARTESIAN_POINT('',(0.001055895487211,0.032309522128025,-0.009090057677355));
#4704=CARTESIAN_POINT('',(0.00105389441348,0.032309669915326,-0.009090389068115));
#4705=CARTESIAN_POINT('',(0.001051897450683,0.032309825882563,-0.009090737691278));
#4706=CARTESIAN_POINT('',(0.001049904822011,0.032309990091378,-0.009091103476011));
#4707=CARTESIAN_POINT('',(0.001047916745945,0.032310162608612,-0.009091486347958));
#4708=CARTESIAN_POINT('',(0.001045933436255,0.032310343506299,-0.00909188622923));
#4709=CARTESIAN_POINT('',(0.001041964525517,0.032310723388806,-0.009092722426871));
#4710=CARTESIAN_POINT('',(0.001039978986916,0.032310922478563,-0.009093158953468));
#4711=CARTESIAN_POINT('',(0.001037998699219,0.032311130209677,-0.009093612535403));
#4712=CARTESIAN_POINT('',(0.001036023872058,0.032311346666079,-0.009094083086609));
#4713=CARTESIAN_POINT('',(0.001034054711674,0.032311571936901,-0.009094570517763));
#4714=CARTESIAN_POINT('',(0.001032091420919,0.032311806116471,-0.009095074736278));
#4715=CARTESIAN_POINT('',(0.001028162457343,0.032312294296324,-0.009096120420865));
#4716=CARTESIAN_POINT('',(0.001026196875415,0.032312548430648,-0.009096662135475));
#4717=CARTESIAN_POINT('',(0.001024237657536,0.032312811809083,-0.009097220692221));
#4718=CARTESIAN_POINT('',(0.001022285005339,0.032313084538485,-0.00909779598982));
#4719=CARTESIAN_POINT('',(0.001020339118016,0.032313366730765,-0.009098387923625));
#4720=CARTESIAN_POINT('',(0.001018400192328,0.032313658502896,-0.009098996385619));
#4721=CARTESIAN_POINT('',(0.001014519831591,0.032314264076062,-0.009100251584485));
#4722=CARTESIAN_POINT('',(0.001012578522024,0.032314578046641,-0.009100898608396));
#4723=CARTESIAN_POINT('',(0.001010644693467,0.032314902013915,-0.009101562221885));
#4724=CARTESIAN_POINT('',(0.001008718543604,0.032315236107972,-0.009102242306961));
#4725=CARTESIAN_POINT('',(0.001006800268239,0.032315580463719,-0.009102938741909));
#4726=CARTESIAN_POINT('',(0.001004890061287,0.032315935220881,-0.009103651401298));
#4727=CARTESIAN_POINT('',(0.001001066858463,0.032316669535917,-0.009105116309443));
#4728=CARTESIAN_POINT('',(0.000999154031334,0.032317049308831,-0.00910586888653));
#4729=CARTESIAN_POINT('',(0.000997249831446001,0.032317439991755,-0.009106637754127));
#4730=CARTESIAN_POINT('',(0.000995354455187,0.032317841738192,-0.009107422774873));
#4731=CARTESIAN_POINT('',(0.000993468097287002,0.032318254706133,-0.009108223807147));
#4732=CARTESIAN_POINT('',(0.000991590950815,0.032318679058062,-0.009109040705072));
#4733=CARTESIAN_POINT('',(0.000987833334975003,0.032319556028315,-0.009110715796558));
#4734=CARTESIAN_POINT('',(0.000985953089781003,0.032320008921748,-0.009111574364538));
#4735=CARTESIAN_POINT('',(0.000984082669991004,0.032320473814254,-0.009112448866927));
#4736=CARTESIAN_POINT('',(0.000982222272302002,0.032320950882902,-0.00911333914325));
#4737=CARTESIAN_POINT('',(0.000980372091722002,0.032321440308829,-0.009114245028076));
#4738=CARTESIAN_POINT('',(0.000978532321566004,0.03232194227724,-0.009115166351027));
#4739=CARTESIAN_POINT('',(0.000974848569589001,0.03232297882918,-0.009117052536104));
#4740=CARTESIAN_POINT('',(0.000973004884405,0.032323513768716,-0.009118017825126));
#4741=CARTESIAN_POINT('',(0.000971172297720004,0.032324061993312,-0.009118998621092));
#4742=CARTESIAN_POINT('',(0.00096935100741,0.032324623703784,-0.009119994735452));
#4743=CARTESIAN_POINT('',(0.000967541209406002,0.032325199104474,-0.009121005973851));
#4744=CARTESIAN_POINT('',(0.000965743097702004,0.032325788403238,-0.009122032136128));
#4745=CARTESIAN_POINT('',(0.000962141307404001,0.032327005125492,-0.00912413098405));
#4746=CARTESIAN_POINT('',(0.000960338021908001,0.032327633015723,-0.009125204156683));
#4747=CARTESIAN_POINT('',(0.000958547209623,0.032328275704145,-0.009126292317917));
#4748=CARTESIAN_POINT('',(0.000956769069907,0.032328933415554,-0.00912739524462));
#4749=CARTESIAN_POINT('',(0.000955003799721004,0.032329606377543,-0.009128512706816));
#4750=CARTESIAN_POINT('',(0.000953251593627004,0.032330294820509,-0.009129644467687));
#4751=CARTESIAN_POINT('',(0.000949739654649999,0.032331716918401,-0.009131958528382));
#4752=CARTESIAN_POINT('',(0.000947980445654001,0.032332451194157,-0.009133141383608));
#4753=CARTESIAN_POINT('',(0.000946235220567002,0.032333202052117,-0.009134338590972));
#4754=CARTESIAN_POINT('',(0.000944504180066003,0.032333969741312,-0.009135549884095));
#4755=CARTESIAN_POINT('',(0.000942787521740002,0.032334754512605,-0.009136774988502));
#4756=CARTESIAN_POINT('',(0.000941085440092002,0.032335556618688,-0.009138013621621));
#4757=CARTESIAN_POINT('',(0.000937670999541,0.032337215350811,-0.00914054690279));
#4758=CARTESIAN_POINT('',(0.000935959345569001,0.032338072816218,-0.0091418421827));
#4759=CARTESIAN_POINT('',(0.000934263370008005,0.032338948983324,-0.009143151020722));
#4760=CARTESIAN_POINT('',(0.000932583274190001,0.03233984412564,-0.009144473095437));
#4761=CARTESIAN_POINT('',(0.000930919255391002,0.032340758517165,-0.009145808075803));
#4762=CARTESIAN_POINT('',(0.000929271506833002,0.032341692432392,-0.009147155621153));
#4763=CARTESIAN_POINT('',(0.000925961923934002,0.032343627340889,-0.009149914321881));
#4764=CARTESIAN_POINT('',(0.000924301051518001,0.032344629490942,-0.009151326191094));
#4765=CARTESIAN_POINT('',(0.000922657806534003,0.032345652895962,-0.009152750607276));
#4766=CARTESIAN_POINT('',(0.000921032389696,0.032346697854046,-0.009154187177373));
#4767=CARTESIAN_POINT('',(0.000919424996332002,0.032347764661883,-0.009155635496833));
#4768=CARTESIAN_POINT('',(0.000917835816387002,0.032348853614756,-0.00915709514961));
#4769=CARTESIAN_POINT('',(0.00091463809398,0.032351116132715,-0.009160088841997));
#4770=CARTESIAN_POINT('',(0.000913030890241001,0.032352291330135,-0.009161623675176));
#4771=CARTESIAN_POINT('',(0.00091144362837,0.032353490925399,-0.00916316973246));
#4772=CARTESIAN_POINT('',(0.000909876506337001,0.032354715240937,-0.009164726524814));
#4773=CARTESIAN_POINT('',(0.000908329714915002,0.032355964595019,-0.009166293549405));
#4774=CARTESIAN_POINT('',(0.000906803437677,0.032357239301744,-0.009167870289598));
#4775=CARTESIAN_POINT('',(0.000903724101875,0.032359898911995,-0.009171113939944));
#4776=CARTESIAN_POINT('',(0.000902172958840004,0.032361286190705,-0.009172781700556));
#4777=CARTESIAN_POINT('',(0.000900644623375,0.032362701861191,-0.009174458890715));
#4778=CARTESIAN_POINT('',(0.000899139287300999,0.032364146269169,-0.009176144887701));
#4779=CARTESIAN_POINT('',(0.000897657132785001,0.032365619752057,-0.009177839052159));
#4780=CARTESIAN_POINT('',(0.000896198332330001,0.032367122638978,-0.009179540728097));
#4781=CARTESIAN_POINT('',(0.000893243183814001,0.03237027817954,-0.009183058440656));
#4782=CARTESIAN_POINT('',(0.000891749688919002,0.032371934438431,-0.009184875307302));
#4783=CARTESIAN_POINT('',(0.000890282757340002,0.032373624408372,-0.009186699043646));
#4784=CARTESIAN_POINT('',(0.000888842569394002,0.032375348455582,-0.009188528830384));
#4785=CARTESIAN_POINT('',(0.000887429292472004,0.032377106931557,-0.009190363828084));
#4786=CARTESIAN_POINT('',(0.000886043081043002,0.032378900173074,-0.009192203177188));
#4787=CARTESIAN_POINT('',(0.000883216579237001,0.032382702791797,-0.009196035936245));
#4788=CARTESIAN_POINT('',(0.000881780806610999,0.032384717993203,-0.009198029923491));
#4789=CARTESIAN_POINT('',(0.000880376936284,0.032386774511774,-0.009200026851354));
#4790=CARTESIAN_POINT('',(0.000879005128926001,0.032388872727507,-0.009202025586984));
#4791=CARTESIAN_POINT('',(0.000877665528363002,0.032391012995029,-0.009204024973075));
#4792=CARTESIAN_POINT('',(0.000876358261584002,0.032393195643589,-0.009206023827864));
#4793=CARTESIAN_POINT('',(0.000873661609306999,0.032397902925544,-0.00921024836058));
#4794=CARTESIAN_POINT('',(0.000872280140276002,0.032400437968685,-0.009212473616581));
#4795=CARTESIAN_POINT('',(0.000870939181634001,0.032403026528082,-0.009214695038827));
#4796=CARTESIAN_POINT('',(0.000869638864268999,0.032405668979599,-0.009216910922627));
#4797=CARTESIAN_POINT('',(0.000868379299969004,0.032408365653368,-0.009219119532911));
#4798=CARTESIAN_POINT('',(0.000867160581418003,0.032411116833796,-0.009221319104226));
#4799=CARTESIAN_POINT('',(0.000864583266728003,0.032417256890245,-0.009226108598638));
#4800=CARTESIAN_POINT('',(0.000863241539150003,0.032420668310275,-0.00922869406064));
#4801=CARTESIAN_POINT('',(0.000861957709852999,0.032424157425635,-0.009231261215744));
#4802=CARTESIAN_POINT('',(0.00086073188859,0.032427724538594,-0.009233807008862));
#4803=CARTESIAN_POINT('',(0.000859564184477003,0.032431369847689,-0.009236328340824));
#4804=CARTESIAN_POINT('',(0.000858454705998001,0.032435093447735,-0.009238822068373));
#4805=CARTESIAN_POINT('',(0.000855891982742999,0.032444362551126,-0.009244826780261));
#4806=CARTESIAN_POINT('',(0.000854501079153001,0.032449991539829,-0.009248304816084));
#4807=CARTESIAN_POINT('',(0.000853231198278001,0.03245578241235,-0.009251709769802));
#4808=CARTESIAN_POINT('',(0.000852082850254003,0.03246173464399,-0.009255032008642));
#4809=CARTESIAN_POINT('',(0.000851056847463002,0.032467847031483,-0.009258261691701));
#4810=CARTESIAN_POINT('',(0.000850154444690002,0.032474117655552,-0.009261388852756));
#4811=CARTESIAN_POINT('',(0.000847709005476,0.03249434359039,-0.009270877171065));
#4812=CARTESIAN_POINT('',(0.000846618768088999,0.032508862924973,-0.009276832975199));
#4813=CARTESIAN_POINT('',(0.000846124640396004,0.032524080181228,-0.009282173529317));
#4814=CARTESIAN_POINT('',(0.000846263366761003,0.032539931966935,-0.00928678686639));
#4815=CARTESIAN_POINT('',(0.000847082731560003,0.032556302331085,-0.009290561968912));
#4816=CARTESIAN_POINT('',(0.000848658365392,0.032573004808212,-0.009293409303217));
#4817=CARTESIAN_POINT('',(0.000851884549301001,0.032595775893079,-0.009295991436943));
#4818=CARTESIAN_POINT('',(0.000852840429987001,0.032601801655763,-0.009296551569238));
#4819=CARTESIAN_POINT('',(0.000853900899674003,0.032607818538131,-0.009296988157314));
#4820=CARTESIAN_POINT('',(0.000855067232705002,0.032613812464401,-0.009297301697511));
#4821=CARTESIAN_POINT('',(0.000856340096969003,0.032619769436027,-0.00929749409261));
#4822=CARTESIAN_POINT('',(0.000857719377623002,0.032625675668352,-0.009297568596119));
#4823=CARTESIAN_POINT('',(0.000860282421353002,0.032635761360517,-0.009297501543762));
#4824=CARTESIAN_POINT('',(0.000861416488830001,0.032639971372265,-0.009297413489573));
#4825=CARTESIAN_POINT('',(0.000862605839286001,0.032644142805981,-0.009297267397751));
#4826=CARTESIAN_POINT('',(0.000863849949250001,0.03264827114377,-0.009297065306725));
#4827=CARTESIAN_POINT('',(0.000865148135739003,0.032652352306359,-0.009296809489602));
#4828=CARTESIAN_POINT('',(0.000866499556248002,0.03265638265309,-0.009296502454162));
#4829=CARTESIAN_POINT('',(0.000869107289215,0.032663769954218,-0.009295841978347));
#4830=CARTESIAN_POINT('',(0.000870349827328001,0.032667141205327,-0.009295501302419));
#4831=CARTESIAN_POINT('',(0.000871630204630002,0.032670470781942,-0.009295126625522));
#4832=CARTESIAN_POINT('',(0.000872947762435003,0.032673756984236,-0.009294719684261));
#4833=CARTESIAN_POINT('',(0.000874301801835002,0.032676998365865,-0.009294282241394));
#4834=CARTESIAN_POINT('',(0.000875691583704003,0.032680193733962,-0.009293816085836));
#4835=CARTESIAN_POINT('',(0.000878418428678002,0.032686219542202,-0.009292872422526));
#4836=CARTESIAN_POINT('',(0.000879749741020001,0.03268905770685,-0.009292399330128));
#4837=CARTESIAN_POINT('',(0.000881109680016999,0.032691855940535,-0.009291905128335));
#4838=CARTESIAN_POINT('',(0.000882497654632001,0.032694613675417,-0.00929139116625));
#4839=CARTESIAN_POINT('',(0.000883913068495001,0.032697330478368,-0.00929085876921));
#4840=CARTESIAN_POINT('',(0.000885355319902002,0.032700006050976,-0.009290309238787));
#4841=CARTESIAN_POINT('',(0.000888210490216999,0.032705127686021,-0.009289209958425));
#4842=CARTESIAN_POINT('',(0.000889620571867002,0.032707578218289,-0.009288661920399));
#4843=CARTESIAN_POINT('',(0.000891053540151999,0.032709991689819,-0.009288100808834));
#4844=CARTESIAN_POINT('',(0.000892508893902001,0.032712368033895,-0.009287527660819));
#4845=CARTESIAN_POINT('',(0.000893986137389002,0.032714707253611,-0.009286943480405));
#4846=CARTESIAN_POINT('',(0.000895484780336003,0.032717009421872,-0.009286349238601));
#4847=CARTESIAN_POINT('',(0.000898467037545002,0.032721455180731,-0.009285165084531));
#4848=CARTESIAN_POINT('',(0.000899949116843005,0.032723601472427,-0.009284575841377));
#4849=CARTESIAN_POINT('',(0.000901450145502001,0.032725713682405,-0.00928397897804));
#4850=CARTESIAN_POINT('',(0.000902969701547001,0.032727791971328,-0.009283375297623));
#4851=CARTESIAN_POINT('',(0.000904507371328002,0.032729836534594,-0.009282765572203));
#4852=CARTESIAN_POINT('',(0.000906062749517003,0.032731847602339,-0.009282150542838));
#4853=CARTESIAN_POINT('',(0.000909167662370002,0.032735752385484,-0.009280927239603));
#4854=CARTESIAN_POINT('',(0.000910716317536999,0.032737647783033,-0.009280319199792));
#4855=CARTESIAN_POINT('',(0.000912281038455,0.03273951187555,-0.009279707455823));
#4856=CARTESIAN_POINT('',(0.000913861467431002,0.032741344922083,-0.009279092637089));
#4857=CARTESIAN_POINT('',(0.000915457255226002,0.032743147197263,-0.009278475346687));
#4858=CARTESIAN_POINT('',(0.000917068061064001,0.0327449189913,-0.009277856161418));
#4859=CARTESIAN_POINT('',(0.000920289828136002,0.032748370925379,-0.009276626255349));
#4860=CARTESIAN_POINT('',(0.000921900265754002,0.032750052136746,-0.009276015583577));
#4861=CARTESIAN_POINT('',(0.000923524551214003,0.032751704532576,-0.00927540413754));
#4862=CARTESIAN_POINT('',(0.000925162377915002,0.03275332840638,-0.009274792416819));
#4863=CARTESIAN_POINT('',(0.000926813446925003,0.032754924056686,-0.009274180899509));
#4864=CARTESIAN_POINT('',(0.000928477466976999,0.032756491787044,-0.009273570042218));
#4865=CARTESIAN_POINT('',(0.000931809538351005,0.032759552456586,-0.009272358265416));
#4866=CARTESIAN_POINT('',(0.000933477269273002,0.032761046090763,-0.009271757319406));
#4867=CARTESIAN_POINT('',(0.000935157074515001,0.032762513104769,-0.009271157860766));
#4868=CARTESIAN_POINT('',(0.000936848687973002,0.032763953794011,-0.009270560290902));
#4869=CARTESIAN_POINT('',(0.000938551850159001,0.032765368453085,-0.009269964993886));
#4870=CARTESIAN_POINT('',(0.000940266308207,0.032766757375774,-0.009269372336463));
#4871=CARTESIAN_POINT('',(0.00094370164506,0.032769471945354,-0.009268198357535));
#4872=CARTESIAN_POINT('',(0.000945422323436002,0.032770798051217,-0.009267616982978));
#4873=CARTESIAN_POINT('',(0.000947153611487003,0.032772099457234,-0.00926703888444));
#4874=CARTESIAN_POINT('',(0.000948895275264001,0.032773376444009,-0.009266464388044));
#4875=CARTESIAN_POINT('',(0.000950647086379999,0.032774629288153,-0.009265893805969));
#4876=CARTESIAN_POINT('',(0.000952408822011998,0.032775858262288,-0.009265327436452));
#4877=CARTESIAN_POINT('',(0.000955940024068,0.032778261057648,-0.009264207397002));
#4878=CARTESIAN_POINT('',(0.000957709362364004,0.032779435188422,-0.009263653668796));
#4879=CARTESIAN_POINT('',(0.000959488066826004,0.032780586290429,-0.009263104657987));
#4880=CARTESIAN_POINT('',(0.000961275929075002,0.032781714621061,-0.00926256063214));
#4881=CARTESIAN_POINT('',(0.000963072745303002,0.03278282043204,-0.009262021847565));
#4882=CARTESIAN_POINT('',(0.000964878316283002,0.032783903969413,-0.009261488549318));
#4883=CARTESIAN_POINT('',(0.000968497694385,0.032786021779365,-0.009260435976702));
#4884=CARTESIAN_POINT('',(0.000970311417412002,0.032787056266785,-0.009259916647133));
#4885=CARTESIAN_POINT('',(0.000972133424650003,0.032788069172512,-0.009259403212985));
#4886=CARTESIAN_POINT('',(0.000973963527971002,0.032789060726736,-0.009258895895601));
#4887=CARTESIAN_POINT('',(0.000975801542918004,0.032790031153141,-0.009258394907178));
#4888=CARTESIAN_POINT('',(0.000977647288695004,0.032790980668906,-0.00925790045076));
#4889=CARTESIAN_POINT('',(0.000981346912430001,0.032792834804736,-0.009256926825391));
#4890=CARTESIAN_POINT('',(0.000983200733201,0.032793739580088,-0.00925644760645));
#4891=CARTESIAN_POINT('',(0.000985061875371,0.032794624018971,-0.009255975255238));
#4892=CARTESIAN_POINT('',(0.000986930166623004,0.032795488322735,-0.009255509956053));
#4893=CARTESIAN_POINT('',(0.000988805437448004,0.032796332685866,-0.009255051885681));
#4894=CARTESIAN_POINT('',(0.000990687521138001,0.032797157295991,-0.009254601213392));
#4895=CARTESIAN_POINT('',(0.000994459254512001,0.032798764928631,-0.009253716333251));
#4896=CARTESIAN_POINT('',(0.000996348863464003,0.032799548069634,-0.009253282080009));
#4897=CARTESIAN_POINT('',(0.000998244918257001,0.032800311935958,-0.009252855501591));
#4898=CARTESIAN_POINT('',(0.001000147258437,0.032801056699723,-0.009252436752111));
#4899=CARTESIAN_POINT('',(0.00100205572548,0.032801782526096,-0.009252025979424));
#4900=CARTESIAN_POINT('',(0.001003970162797,0.032802489573288,-0.009251623325123));
#4901=CARTESIAN_POINT('',(0.001007805694162,0.032803864628454,-0.009250835545674));
#4902=CARTESIAN_POINT('',(0.001009726757639,0.032804532732752,-0.009250450378144));
#4903=CARTESIAN_POINT('',(0.001011653452751,0.032805182455511,-0.009250073556316));
#4904=CARTESIAN_POINT('',(0.001013585627061,0.032805813939896,-0.009249705209231));
#4905=CARTESIAN_POINT('',(0.001015523129101,0.032806427322178,-0.009249345460608));
#4906=CARTESIAN_POINT('',(0.001017465808371,0.032807022731735,-0.009248994428843));
#4907=CARTESIAN_POINT('',(0.001021356677877,0.032808176502794,-0.009248310823612));
#4908=CARTESIAN_POINT('',(0.001023304844101,0.032808734947477,-0.009247978209225));
#4909=CARTESIAN_POINT('',(0.001025257865608,0.032809275746701,-0.009247654496212));
#4910=CARTESIAN_POINT('',(0.001027215593802,0.032809799015348,-0.009247339792266));
#4911=CARTESIAN_POINT('',(0.001029177879887,0.03281030486158,-0.009247034200411));
#4912=CARTESIAN_POINT('',(0.001031144574875,0.032810793386839,-0.009246737819002));
#4913=CARTESIAN_POINT('',(0.001035082201028,0.032811734960639,-0.009246164288323));
#4914=CARTESIAN_POINT('',(0.001037053112971,0.032812188084,-0.009245887098797));
#4915=CARTESIAN_POINT('',(0.001039028117295,0.032812624149992,-0.009245619266314));
#4916=CARTESIAN_POINT('',(0.001041007064217,0.03281304324627,-0.009245360879729));
#4917=CARTESIAN_POINT('',(0.001042989802292,0.032813445454082,-0.009245112023591));
#4918=CARTESIAN_POINT('',(0.001044976178407,0.032813830848277,-0.009244872778141));
#4919=CARTESIAN_POINT('',(0.001048951883216,0.032814567402674,-0.00924441412355));
#4920=CARTESIAN_POINT('',(0.001050941197028,0.032814918630484,-0.009244194675394));
#4921=CARTESIAN_POINT('',(0.001052933825395,0.032815253248666,-0.009243984950428));
#4922=CARTESIAN_POINT('',(0.001054929611105,0.032815571319309,-0.009243785019948));
#4923=CARTESIAN_POINT('',(0.001056928393552,0.032815872898651,-0.009243594950961));
#4924=CARTESIAN_POINT('',(0.001058930008742,0.032816158037082,-0.009243414806186));
#4925=CARTESIAN_POINT('',(0.00106293503603,0.032816695047368,-0.009243074781944));
#4926=CARTESIAN_POINT('',(0.001064938438075,0.032816946977248,-0.00924291486719));
#4927=CARTESIAN_POINT('',(0.001066944328608,0.032817182612966,-0.009242764958034));
#4928=CARTESIAN_POINT('',(0.001068952536027,0.032817401993762,-0.009242625108054));
#4929=CARTESIAN_POINT('',(0.001070962883941,0.032817605153927,-0.009242495366164));
#4930=CARTESIAN_POINT('',(0.001072975191171,0.032817792122807,-0.009242375776613));
#4931=CARTESIAN_POINT('',(0.001077000704556,0.032818133502246,-0.009242157125183));
#4932=CARTESIAN_POINT('',(0.001079013906265,0.032818287955657,-0.009242058036296));
#4933=CARTESIAN_POINT('',(0.001081028690772,0.032818426309303,-0.009241969151803));
#4934=CARTESIAN_POINT('',(0.001083044867552,0.032818548583661,-0.009241890505848));
#4935=CARTESIAN_POINT('',(0.001085062241664,0.03281865479541,-0.009241822127244));
#4936=CARTESIAN_POINT('',(0.001087080613752,0.032818744957429,-0.009241764039476));
#4937=CARTESIAN_POINT('',(0.001090656006927,0.032818876206178,-0.009241679436283));
#4938=CARTESIAN_POINT('',(0.001092212706163,0.032818923805277,-0.009241648735492));
#4939=CARTESIAN_POINT('',(0.001093769784417,0.032818961880275,-0.009241624166627));
#4940=CARTESIAN_POINT('',(0.001095327147756,0.032818990434337,-0.00924160573589));
#4941=CARTESIAN_POINT('',(0.001096884701651,0.03281900946962,-0.009241593447388));
#4942=CARTESIAN_POINT('',(0.001098442350974,0.032819018987271,-0.009241587303131));
#4943=CARTESIAN_POINT('',(0.0011,0.032819018987428,-0.009241587303029));
#4944=CARTESIAN_POINT('',(0.0011,0.032307945632193,-0.009086467282946));
#4945=CARTESIAN_POINT('',(0.0011,0.032819018987428,-0.009241587303029));
#4946=CARTESIAN_POINT('',(0.004,0.032307945632193,-0.009086467282946));
#4947=CARTESIAN_POINT('',(0.004,0.032819018987428,-0.009241587303029));
#4948=CARTESIAN_POINT('',(0.0038,0.031077795786903,-0.008977759353256));
#4949=CARTESIAN_POINT('',(0.0038,0.0319,-0.01135));
#4950=CARTESIAN_POINT('',(0.0038,0.0315885092748979,-0.0090711903264698));
#4951=CARTESIAN_POINT('',(0.0038,0.0321225036420727,-0.0090607878802381));
#4952=CARTESIAN_POINT('',(0.0038,0.0318511,-0.00883979));
#4953=CARTESIAN_POINT('',(0.0038,0.0318511,-0.00883979));
#4954=CARTESIAN_POINT('',(0.0011,0.031588509274898,-0.00907119032647));
#4955=CARTESIAN_POINT('',(0.001098003931422,0.031588509275056,-0.00907119032665));
#4956=CARTESIAN_POINT('',(0.001096007860976,0.031588521574551,-0.009071204284026));
#4957=CARTESIAN_POINT('',(0.001094012161228,0.031588546173394,-0.009071232198536));
#4958=CARTESIAN_POINT('',(0.001092017200924,0.031588583069673,-0.009071274058584));
#4959=CARTESIAN_POINT('',(0.001090023344991,0.031588632259555,-0.009071329841042));
#4960=CARTESIAN_POINT('',(0.001088030954535,0.031588693737279,-0.009071399511246));
#4961=CARTESIAN_POINT('',(0.001084018492088,0.031588842413834,-0.009071567849043));
#4962=CARTESIAN_POINT('',(0.00108199847502,0.031588930002671,-0.009071666956397));
#4963=CARTESIAN_POINT('',(0.001079980708761,0.031589030253543,-0.00907178029642));
#4964=CARTESIAN_POINT('',(0.001077965556376,0.031589143157411,-0.009071907809992));
#4965=CARTESIAN_POINT('',(0.001075953370877,0.031589268704334,-0.009072049427513));
#4966=CARTESIAN_POINT('',(0.001073944495224,0.031589406883464,-0.009072205068904));
#4967=CARTESIAN_POINT('',(0.001069921021719,0.031589709460847,-0.009072545318323));
#4968=CARTESIAN_POINT('',(0.001067906470117,0.031589874023861,-0.009072730108549));
#4969=CARTESIAN_POINT('',(0.001065895945612,0.031590051360148,-0.00907292892193));
#4970=CARTESIAN_POINT('',(0.001063889773827,0.03159024145827,-0.009073141657844));
#4971=CARTESIAN_POINT('',(0.001061888267917,0.031590444307289,-0.009073368207407));
#4972=CARTESIAN_POINT('',(0.001059891728565,0.031590659896768,-0.009073608453467));
#4973=CARTESIAN_POINT('',(0.001055890780665,0.031591118644072,-0.00907411843038));
#4974=CARTESIAN_POINT('',(0.001053886469604,0.031591362038389,-0.00907438841371));
#4975=CARTESIAN_POINT('',(0.001051887806327,0.031591618389639,-0.00907467209181));
#4976=CARTESIAN_POINT('',(0.001049895073801,0.031591887689501,-0.009074969329769));
#4977=CARTESIAN_POINT('',(0.001047908542435,0.031592169931416,-0.009075279986553));
#4978=CARTESIAN_POINT('',(0.001045928470074,0.031592465110584,-0.009075603915008));
#4979=CARTESIAN_POINT('',(0.001041958895702,0.031593084903216,-0.00907628190942));
#4980=CARTESIAN_POINT('',(0.001039969550306,0.031593409818087,-0.00907663628146));
#4981=CARTESIAN_POINT('',(0.001037987319345,0.031593747965562,-0.009077003919483));
#4982=CARTESIAN_POINT('',(0.001036012444599,0.031594099345403,-0.009077384660707));
#4983=CARTESIAN_POINT('',(0.001034045156102,0.03159446396015,-0.009077778338068));
#4984=CARTESIAN_POINT('',(0.001032085672143,0.031594841815122,-0.009078184780212));
#4985=CARTESIAN_POINT('',(0.001028156232063,0.031595629331559,-0.009079028531798));
#4986=CARTESIAN_POINT('',(0.001026186495653,0.031596039355397,-0.009079466185936));
#4987=CARTESIAN_POINT('',(0.00102422520487,0.031596462998468,-0.009079916591197));
#4988=CARTESIAN_POINT('',(0.001022272563922,0.031596900272929,-0.009080379562077));
#4989=CARTESIAN_POINT('',(0.001020328766377,0.031597351194549,-0.009080854910281));
#4990=CARTESIAN_POINT('',(0.001018393995171,0.03159781578272,-0.009081342444727));
#4991=CARTESIAN_POINT('',(0.001014513360434,0.031598779662863,-0.009082349148468));
#4992=CARTESIAN_POINT('',(0.001012567781589,0.031599279377476,-0.009082868688289));
#4993=CARTESIAN_POINT('',(0.001010631866249,0.031599793228448,-0.009083400388261));
#4994=CARTESIAN_POINT('',(0.001008705785201,0.03160032124429,-0.009083944044006));
#4995=CARTESIAN_POINT('',(0.001006789699841,0.031600863457861,-0.009084499449508));
#4996=CARTESIAN_POINT('',(0.001004883762168,0.031601419906371,-0.009085066397113));
#4997=CARTESIAN_POINT('',(0.001001060495691,0.031602570982146,-0.009086232711142));
#4998=CARTESIAN_POINT('',(0.000999143517743002,0.031603166095115,-0.009086832463307));
#4999=CARTESIAN_POINT('',(0.000997237330785002,0.03160377601404,-0.009087443714137));
#5000=CARTESIAN_POINT('',(0.000995342076588,0.031604400787711,-0.009088066242896));
#5001=CARTESIAN_POINT('',(0.00099345788885,0.031605040469947,-0.009088699828004));
#5002=CARTESIAN_POINT('',(0.000991584893199001,0.031605695119601,-0.009089344247034));
#5003=CARTESIAN_POINT('',(0.000987827427119,0.03160704674574,-0.009090666302303));
#5004=CARTESIAN_POINT('',(0.000985943375559,0.03160774427785,-0.009091344330823));
#5005=CARTESIAN_POINT('',(0.000984071176588001,0.031608457464387,-0.009092033126669));
#5006=CARTESIAN_POINT('',(0.000982210947578999,0.031609186378569,-0.009092732453799));
#5007=CARTESIAN_POINT('',(0.000980362799198001,0.031609931099338,-0.009093442075731));
#5008=CARTESIAN_POINT('',(0.000978526835409003,0.031610691711351,-0.009094161755542));
#5009=CARTESIAN_POINT('',(0.000974843448007003,0.031612260238822,-0.00909563516615));
#5010=CARTESIAN_POINT('',(0.000972996515234002,0.031613068791895,-0.009096389288674));
#5011=CARTESIAN_POINT('',(0.000971162458268001,0.03161389406007,-0.009097153371891));
#5012=CARTESIAN_POINT('',(0.000969341374900002,0.031614736145684,-0.009097927163796));
#5013=CARTESIAN_POINT('',(0.000967533357592001,0.031615595157542,-0.009098710411935));
#5014=CARTESIAN_POINT('',(0.000965738493476,0.031616471210925,-0.009099502863404));
#5015=CARTESIAN_POINT('',(0.000962137285628002,0.03161827667022,-0.00910112273655));
#5016=CARTESIAN_POINT('',(0.000960331512552003,0.03161920681508,-0.009101950543317));
#5017=CARTESIAN_POINT('',(0.000958539632287002,0.031620154991865,-0.009102787415406));
#5018=CARTESIAN_POINT('',(0.000956761728027999,0.03162112133763,-0.009103633082142));
#5019=CARTESIAN_POINT('',(0.000954997879005999,0.031622105996791,-0.00910448727192));
#5020=CARTESIAN_POINT('',(0.000953248160492002,0.031623109121119,-0.0091053497122));
#5021=CARTESIAN_POINT('',(0.000949737030183001,0.031625176224581,-0.009107110656714));
#5022=CARTESIAN_POINT('',(0.000947976283019,0.031626241074217,-0.009108009533361));
#5023=CARTESIAN_POINT('',(0.000946230478694004,0.031627325589048,-0.009108916466746));
#5024=CARTESIAN_POINT('',(0.000944499690998999,0.031628429947927,-0.009109831162176));
#5025=CARTESIAN_POINT('',(0.000942783991119002,0.031629554338166,-0.009110753322979));
#5026=CARTESIAN_POINT('',(0.000941083447639001,0.03163069895554,-0.009111682650504));
#5027=CARTESIAN_POINT('',(0.000937670059963001,0.031633058602623,-0.009113578782782));
#5028=CARTESIAN_POINT('',(0.000935957998580001,0.031634274681863,-0.009114545939565));
#5029=CARTESIAN_POINT('',(0.000934262013546003,0.031635512462127,-0.009115519990551));
#5030=CARTESIAN_POINT('',(0.000932582174807,0.031636772173423,-0.009116500608049));
#5031=CARTESIAN_POINT('',(0.000930918551100002,0.031638054055637,-0.009117487460592));
#5032=CARTESIAN_POINT('',(0.000929271209953002,0.03163935835854,-0.009118480212935));
#5033=CARTESIAN_POINT('',(0.000925962957792001,0.031642049968588,-0.009120505159099));
#5034=CARTESIAN_POINT('',(0.000924302988399,0.031643438580699,-0.009121537671877));
#5035=CARTESIAN_POINT('',(0.000922660381631,0.031644851460438,-0.00912257569593));
#5036=CARTESIAN_POINT('',(0.000921035209929002,0.031646288901878,-0.009123618856144));
#5037=CARTESIAN_POINT('',(0.000919427546055,0.031647751210838,-0.009124666770752));
#5038=CARTESIAN_POINT('',(0.000917837463088,0.031649238704885,-0.009125719051333));
#5039=CARTESIAN_POINT('',(0.000914641408138999,0.03165231398471,-0.0091278659454));
#5040=CARTESIAN_POINT('',(0.000913036605573,0.031653903458833,-0.009128960820163));
#5041=CARTESIAN_POINT('',(0.000911450707460001,0.03165552049821,-0.009130059492534));
#5042=CARTESIAN_POINT('',(0.000909883796728999,0.031657165479552,-0.009131161516702));
#5043=CARTESIAN_POINT('',(0.000908335958501004,0.031658838793776,-0.009132266435611));
#5044=CARTESIAN_POINT('',(0.000906807280091002,0.031660540846006,-0.009133373780964));
#5045=CARTESIAN_POINT('',(0.000903730049427003,0.0316640702143,-0.009135635263912));
#5046=CARTESIAN_POINT('',(0.000902183016203002,0.03166589982859,-0.009136789552652));
#5047=CARTESIAN_POINT('',(0.000900656851404003,0.031667761368416,-0.009137945402713));
#5048=CARTESIAN_POINT('',(0.000899151659982004,0.031669655321097,-0.009139102258557));
#5049=CARTESIAN_POINT('',(0.000897667551778003,0.031671582191295,-0.009140259545836));
#5050=CARTESIAN_POINT('',(0.000896204641512001,0.031673542501018,-0.009141416671387));
#5051=CARTESIAN_POINT('',(0.000893252212121002,0.031677626869775,-0.009143784918073));
#5052=CARTESIAN_POINT('',(0.000891764792299001,0.031679754269874,-0.009144995959212));
#5053=CARTESIAN_POINT('',(0.000890300926382003,0.031681919611394,-0.009146205443397));
#5054=CARTESIAN_POINT('',(0.000888860760962004,0.031684123536606,-0.009147412635236));
#5055=CARTESIAN_POINT('',(0.000887444452170001,0.031686366708564,-0.0091486167672));
#5056=CARTESIAN_POINT('',(0.000886052165668002,0.031688649811107,-0.009149817039627));
#5057=CARTESIAN_POINT('',(0.000883229321771002,0.031693444491046,-0.009152283939627));
#5058=CARTESIAN_POINT('',(0.000881801931407002,0.031695961374804,-0.009153549946914));
#5059=CARTESIAN_POINT('',(0.000880402114502001,0.031698525050236,-0.009154809645067));
#5060=CARTESIAN_POINT('',(0.00087903009938,0.031701136388822,-0.009156061978424));
#5061=CARTESIAN_POINT('',(0.000877686133749001,0.031703796283422,-0.00915730583317));
#5062=CARTESIAN_POINT('',(0.000876370484708001,0.031706505648273,-0.009158540037339));
#5063=CARTESIAN_POINT('',(0.000873679088428999,0.031712276721587,-0.009161098180814));
#5064=CARTESIAN_POINT('',(0.000872308802437001,0.031715348017192,-0.009162420031554));
#5065=CARTESIAN_POINT('',(0.000870972947899,0.031718480536099,-0.0091637273211));
#5066=CARTESIAN_POINT('',(0.000869671937527003,0.031721675506404,-0.009165018339802));
#5067=CARTESIAN_POINT('',(0.000868406229611003,0.031724934154006,-0.009166291260292));
#5068=CARTESIAN_POINT('',(0.000867176328021004,0.031728257702609,-0.009167544137486));
#5069=CARTESIAN_POINT('',(0.000864607450837003,0.031735553315946,-0.009170193134905));
#5070=CARTESIAN_POINT('',(0.000863280420501,0.031739546948381,-0.009171581974698));
#5071=CARTESIAN_POINT('',(0.000862002517971,0.0317436302436,-0.009172938280423));
#5072=CARTESIAN_POINT('',(0.000860774708295001,0.031747804935357,-0.00917425861412));
#5073=CARTESIAN_POINT('',(0.000859598094797,0.031752072518578,-0.009175539247405));
#5074=CARTESIAN_POINT('',(0.000858473919076001,0.031756434249369,-0.009176776161474));
#5075=CARTESIAN_POINT('',(0.000855928269088004,0.031767034156689,-0.009179603707476));
#5076=CARTESIAN_POINT('',(0.000854555397957001,0.031773357183265,-0.009181150894869));
#5077=CARTESIAN_POINT('',(0.000853288307798003,0.031779863359827,-0.009182595732454));
#5078=CARTESIAN_POINT('',(0.000852131528486001,0.031786552579184,-0.009183925341126));
#5079=CARTESIAN_POINT('',(0.000851090358614002,0.031793420370447,-0.009185125694746));
#5080=CARTESIAN_POINT('',(0.000850170464511999,0.0318004567776128,-0.009186182475391));
#5081=CARTESIAN_POINT('',(0.000847635929951001,0.0318234324911973,-0.009189057302244));
#5082=CARTESIAN_POINT('',(0.000846485665478,0.031840140802588,-0.009190297598381));
#5083=CARTESIAN_POINT('',(0.000846058569445002,0.0318572115724425,-0.009190574200292));
#5084=CARTESIAN_POINT('',(0.000846348212513001,0.0318741802183933,-0.009189834121141));
#5085=CARTESIAN_POINT('',(0.000847323507984003,0.0318906649012642,-0.009188162439482));
#5086=CARTESIAN_POINT('',(0.000848920298707999,0.0319063672106496,-0.009185724171188));
#5087=CARTESIAN_POINT('',(0.000851926782935004,0.0319272925940183,-0.0091814552283));
#5088=CARTESIAN_POINT('',(0.000852918681607001,0.0319333712483513,-0.009180077550028));
#5089=CARTESIAN_POINT('',(0.000854003254154002,0.031939295454258,-0.009178603790502));
#5090=CARTESIAN_POINT('',(0.000855176912690003,0.031945064975937,-0.009177043828975));
#5091=CARTESIAN_POINT('',(0.000856436541635003,0.0319506812629734,-0.009175406803939));
#5092=CARTESIAN_POINT('',(0.000857779562868002,0.0319561471432568,-0.009173700942705));
#5093=CARTESIAN_POINT('',(0.000860305295258004,0.031965579151962,-0.009170566820615));
#5094=CARTESIAN_POINT('',(0.000861455184847003,0.0319696039474178,-0.009169163471819));
#5095=CARTESIAN_POINT('',(0.000862652701179002,0.0319735425256107,-0.009167726729181));
#5096=CARTESIAN_POINT('',(0.000863896977049004,0.0319773965594123,-0.009166259757494));
#5097=CARTESIAN_POINT('',(0.000865187246519,0.0319811677712213,-0.009164765501759));
#5098=CARTESIAN_POINT('',(0.000866522844918002,0.0319848579329631,-0.00916324668718));
#5099=CARTESIAN_POINT('',(0.000869117321894999,0.0319916448988501,-0.009160350533116));
#5100=CARTESIAN_POINT('',(0.000870366049919004,0.0319947595984866,-0.009158978209147));
#5101=CARTESIAN_POINT('',(0.000871648999810001,0.0319978141725923,-0.009157590562436));
#5102=CARTESIAN_POINT('',(0.000872965811970002,0.032000809804622,-0.009156189219017));
#5103=CARTESIAN_POINT('',(0.000874316160317003,0.032003747653895,-0.00915477571578));
#5104=CARTESIAN_POINT('',(0.000875699752275,0.032006628855591,-0.009153351500477));
#5105=CARTESIAN_POINT('',(0.000878420243372001,0.032012055457602,-0.009150598376282));
#5106=CARTESIAN_POINT('',(0.000879752098421002,0.03201460933236,-0.009149270905748));
#5107=CARTESIAN_POINT('',(0.000881111688832002,0.032017117006512,-0.009147936583631));
#5108=CARTESIAN_POINT('',(0.000882498823786,0.032019579316734,-0.009146596429016));
#5109=CARTESIAN_POINT('',(0.000883913326743001,0.032021997074891,-0.009145251416559));
#5110=CARTESIAN_POINT('',(0.000885355035443004,0.032024371068042,-0.00914390247648));
#5111=CARTESIAN_POINT('',(0.000888206792088002,0.032028896918474,-0.009141277468706));
#5112=CARTESIAN_POINT('',(0.000889613769134,0.032031053649661,-0.009140001750816));
#5113=CARTESIAN_POINT('',(0.000891044608460002,0.032033172887426,-0.009138724082027));
#5114=CARTESIAN_POINT('',(0.00089249919237,0.032035255247366,-0.009137445178936));
#5115=CARTESIAN_POINT('',(0.000893977410059001,0.032037301325241,-0.009136165733612));
#5116=CARTESIAN_POINT('',(0.000895479157611002,0.032039311696976,-0.009134886413595));
#5117=CARTESIAN_POINT('',(0.000898459487377001,0.032043171444989,-0.009132388016879));
#5118=CARTESIAN_POINT('',(0.000899935965472002,0.032045023974393,-0.009131168874062));
#5119=CARTESIAN_POINT('',(0.000901433687647002,0.0320468449897,-0.009129950992667));
#5120=CARTESIAN_POINT('',(0.000902952572544004,0.032048634958111,-0.009128734917783));
#5121=CARTESIAN_POINT('',(0.000904492542087,0.032050394331197,-0.009127521180364));
#5122=CARTESIAN_POINT('',(0.000906053521481001,0.032052123544901,-0.009126310297237));
#5123=CARTESIAN_POINT('',(0.000909157347009002,0.032055458024734,-0.009123941052363));
#5124=CARTESIAN_POINT('',(0.000910698633572002,0.032057065504103,-0.009122782442533));
#5125=CARTESIAN_POINT('',(0.000912259235099001,0.032058645831964,-0.009121627389648));
#5126=CARTESIAN_POINT('',(0.000913839088871,0.032060199370077,-0.009120476333619));
#5127=CARTESIAN_POINT('',(0.000915438133253999,0.032061726467647,-0.00911932970623));
#5128=CARTESIAN_POINT('',(0.000917056307697003,0.032063227461322,-0.009118187931131));
#5129=CARTESIAN_POINT('',(0.000920277508256,0.032066129873393,-0.009115951907907));
#5130=CARTESIAN_POINT('',(0.000921879312246004,0.032067532942538,-0.009114857323636));
#5131=CARTESIAN_POINT('',(0.000923498910835003,0.032068912176162,-0.009113768047535));
#5132=CARTESIAN_POINT('',(0.000925136249607002,0.032070267857454,-0.009112684451655));
#5133=CARTESIAN_POINT('',(0.000926791273594001,0.032071600259256,-0.009111606903592));
#5134=CARTESIAN_POINT('',(0.000928463927275001,0.032072909644066,-0.009110535766482));
#5135=CARTESIAN_POINT('',(0.000931795785278001,0.032075445891729,-0.009108437633722));
#5136=CARTESIAN_POINT('',(0.000933453992772001,0.032076674044738,-0.009107410255211));
#5137=CARTESIAN_POINT('',(0.000935128725716002,0.032077880954146,-0.009106389592284));
#5138=CARTESIAN_POINT('',(0.000936819930791002,0.032079066842298,-0.009105375971591));
#5139=CARTESIAN_POINT('',(0.000938527552701001,0.032080231922804,-0.009104369717634));
#5140=CARTESIAN_POINT('',(0.000940251534178,0.032081376400537,-0.009103371152763));
#5141=CARTESIAN_POINT('',(0.000943686920635001,0.032083595362223,-0.009101415756088));
#5142=CARTESIAN_POINT('',(0.000945397489495001,0.032084670891861,-0.009100458514408));
#5143=CARTESIAN_POINT('',(0.000947123467851002,0.032085727241848,-0.009099509168186));
#5144=CARTESIAN_POINT('',(0.000948864797651001,0.03208676458594,-0.009098568012733));
#5145=CARTESIAN_POINT('',(0.000950621417497001,0.032087783090354,-0.009097635342619));
#5146=CARTESIAN_POINT('',(0.000952393262646005,0.03208878291377,-0.009096711451678));
#5147=CARTESIAN_POINT('',(0.000955924729705002,0.032090722142248,-0.009094903590599));
#5148=CARTESIAN_POINT('',(0.000957683637783004,0.032091662418924,-0.009094019194055));
#5149=CARTESIAN_POINT('',(0.000959456925937002,0.032092585177973,-0.009093143716163));
#5150=CARTESIAN_POINT('',(0.000961244526128002,0.032093490553392,-0.009092277429749));
#5151=CARTESIAN_POINT('',(0.000963046365579,0.03209437867256,-0.009091420607665));
#5152=CARTESIAN_POINT('',(0.000964862366778001,0.032095249656238,-0.009090573522794));
#5153=CARTESIAN_POINT('',(0.00096848220229,0.032096938763803,-0.009088917818267));
#5154=CARTESIAN_POINT('',(0.000970285422107,0.032097757629514,-0.009088108762515));
#5155=CARTESIAN_POINT('',(0.000972102030013001,0.03209856032245,-0.0090873095362));
#5156=CARTESIAN_POINT('',(0.000973931942923001,0.032099346943485,-0.009086520395015));
#5157=CARTESIAN_POINT('',(0.000975775071585003,0.032100117587615,-0.009085741594935));
#5158=CARTESIAN_POINT('',(0.000977631320573002,0.03210087234396,-0.009084973392218));
#5159=CARTESIAN_POINT('',(0.000981331585484004,0.032102335118603,-0.009083474200209));
#5160=CARTESIAN_POINT('',(0.000983175072910999,0.032103043777403,-0.009082742771057));
#5161=CARTESIAN_POINT('',(0.000985030955078001,0.032103737350366,-0.009082021997214));
#5162=CARTESIAN_POINT('',(0.000986899128850003,0.03210441591046,-0.009081312120029));
#5163=CARTESIAN_POINT('',(0.000988779483456003,0.032105079525423,-0.009080613380942));
#5164=CARTESIAN_POINT('',(0.000990671900490001,0.032105728257756,-0.00907992602148));
#5165=CARTESIAN_POINT('',(0.000994444457943999,0.032106984038564,-0.009078587372235));
#5166=CARTESIAN_POINT('',(0.000996324148621004,0.032107591644552,-0.009077935645305));
#5167=CARTESIAN_POINT('',(0.000998215206873002,0.03210818503671,-0.009077295330754));
#5168=CARTESIAN_POINT('',(0.001000117504535,0.032108764264434,-0.009076666656347));
#5169=CARTESIAN_POINT('',(0.001002030904342,0.032109329372496,-0.009076049849325));
#5170=CARTESIAN_POINT('',(0.001003955259934,0.032109880401047,-0.009075445136408));
#5171=CARTESIAN_POINT('',(0.001007791800333,0.032110944998979,-0.00907427068933));
#5172=CARTESIAN_POINT('',(0.001009703610604,0.032111459054319,-0.009073700528608));
#5173=CARTESIAN_POINT('',(0.001011625699075,0.032111959585264,-0.009073142476366));
#5174=CARTESIAN_POINT('',(0.001013557907652,0.032112446621454,-0.009072596745813));
#5175=CARTESIAN_POINT('',(0.001015500067733,0.032112920188541,-0.00907206354863));
#5176=CARTESIAN_POINT('',(0.001017452000208,0.03211338030819,-0.009071543094964));
#5177=CARTESIAN_POINT('',(0.001021344064548,0.032114266636135,-0.009070536103753));
#5178=CARTESIAN_POINT('',(0.001023283895427,0.032114693265231,-0.009070049160029));
#5179=CARTESIAN_POINT('',(0.001025232827131,0.032115106902129,-0.009069574961338));
#5180=CARTESIAN_POINT('',(0.00102719066689,0.032115507560313,-0.009069113703839));
#5181=CARTESIAN_POINT('',(0.001029157210126,0.03211589524999,-0.009068665580767));
#5182=CARTESIAN_POINT('',(0.001031132240458,0.032116269978088,-0.009068230782438));
#5183=CARTESIAN_POINT('',(0.001035071243225,0.032116988488364,-0.009067394067626));
#5184=CARTESIAN_POINT('',(0.001037034986887,0.032117332628573,-0.009066991777392));
#5185=CARTESIAN_POINT('',(0.001039006541609,0.032117664172276,-0.009066602805411));
#5186=CARTESIAN_POINT('',(0.001040985675407,0.03211798312043,-0.009066227326876));
#5187=CARTESIAN_POINT('',(0.001042972143398,0.032118289471557,-0.009065865512299));
#5188=CARTESIAN_POINT('',(0.001044965687794,0.032118583221748,-0.009065517527512));
#5189=CARTESIAN_POINT('',(0.00104894293899,0.032119142211882,-0.009064853455053));
#5190=CARTESIAN_POINT('',(0.001050926486708,0.032119407745975,-0.009064537040516));
#5191=CARTESIAN_POINT('',(0.001052916419312,0.032119660960683,-0.009064234445781));
#5192=CARTESIAN_POINT('',(0.001054912461502,0.032119901848366,-0.00906394581978));
#5193=CARTESIAN_POINT('',(0.001056914324434,0.032120130399995,-0.009063671304655));
#5194=CARTESIAN_POINT('',(0.001058921705717,0.032120346605155,-0.00906341103575));
#5195=CARTESIAN_POINT('',(0.00106292842688,0.032120752430582,-0.009062921501221));
#5196=CARTESIAN_POINT('',(0.001064927672037,0.032120942276774,-0.009062691972405));
#5197=CARTESIAN_POINT('',(0.001066931716654,0.032121119979014,-0.009062476680336));
#5198=CARTESIAN_POINT('',(0.001068940239549,0.032121285525598,-0.009062275740989));
#5199=CARTESIAN_POINT('',(0.001070952906594,0.03212143890472,-0.009062089261146));
#5200=CARTESIAN_POINT('',(0.001072969370712,0.032121580104472,-0.009061917338398));
#5201=CARTESIAN_POINT('',(0.001076996691745,0.032121837324056,-0.009061603755733));
#5202=CARTESIAN_POINT('',(0.001079007507948,0.032121953494564,-0.0090614619145));
#5203=CARTESIAN_POINT('',(0.001081021365619,0.032122057612579,-0.00906133462412));
#5204=CARTESIAN_POINT('',(0.001083037900362,0.032122149667564,-0.009061221959749));
#5205=CARTESIAN_POINT('',(0.001085056738254,0.032122229650236,-0.00906112398502));
#5206=CARTESIAN_POINT('',(0.001087077495848,0.032122297552568,-0.009061040752048));
#5207=CARTESIAN_POINT('',(0.001090655140193,0.032122396295853,-0.00906091965534));
#5208=CARTESIAN_POINT('',(0.00109221140469,0.032122432074224,-0.00906087575314));
#5209=CARTESIAN_POINT('',(0.001093768394998,0.032122460699874,-0.009060840613136));
#5210=CARTESIAN_POINT('',(0.00109532593128,0.032122482170559,-0.009060814249037));
#5211=CARTESIAN_POINT('',(0.001096883832526,0.032122496484815,-0.009060796669951));
#5212=CARTESIAN_POINT('',(0.001098441916551,0.032122503641954,-0.009060787880383));
#5213=CARTESIAN_POINT('',(0.0011,0.032122503642073,-0.009060787880238));
#5214=CARTESIAN_POINT('',(0.0011,0.031588509274898,-0.00907119032647));
#5215=CARTESIAN_POINT('',(0.0011,0.032122503642072,-0.009060787880238));
#5216=CARTESIAN_POINT('',(0.004,0.031588509274898,-0.00907119032647));
#5217=CARTESIAN_POINT('',(0.004,0.032122503642073,-0.009060787880238));
#5218=CARTESIAN_POINT('',(0.0038,0.031077795786903,-0.008977759353256));
#5219=CARTESIAN_POINT('',(0.0038,0.0319,-0.01135));
#5220=CARTESIAN_POINT('',(0.0038,0.030899563800059,-0.009278979138239));
#5221=CARTESIAN_POINT('',(0.0038,0.031404208089957,-0.009104072489608));
#5222=CARTESIAN_POINT('',(0.0038,0.031077795786903,-0.008977759353256));
#5223=CARTESIAN_POINT('',(0.0038,0.031077795786903,-0.008977759353256));
#5224=CARTESIAN_POINT('',(0.0011,0.030899563800059,-0.009278979138239));
#5225=CARTESIAN_POINT('',(0.001098004812768,0.030899563800265,-0.009278979138361));
#5226=CARTESIAN_POINT('',(0.001096009624572,0.03089957979667,-0.009278988603447));
#5227=CARTESIAN_POINT('',(0.001094014629313,0.030899611789345,-0.009279007533539));
#5228=CARTESIAN_POINT('',(0.001092020018928,0.030899659781397,-0.009279035923248));
#5229=CARTESIAN_POINT('',(0.001090025983382,0.030899723778962,-0.009279073761755));
#5230=CARTESIAN_POINT('',(0.001088032710675,0.030899803791206,-0.00927912103281));
#5231=CARTESIAN_POINT('',(0.001084022083121,0.030899997121802,-0.009279235135784));
#5232=CARTESIAN_POINT('',(0.001082004751979,0.030900110861263,-0.009279302214972));
#5233=CARTESIAN_POINT('',(0.00107998858591,0.030900241061376,-0.009279378929753));
#5234=CARTESIAN_POINT('',(0.00107797377284,0.03090038773903,-0.009279465252468));
#5235=CARTESIAN_POINT('',(0.001075960496124,0.030900550915346,-0.009279561150338));
#5236=CARTESIAN_POINT('',(0.001073948934545,0.030900730615671,-0.009279666585466));
#5237=CARTESIAN_POINT('',(0.001069927186181,0.030901123358248,-0.009279896581682));
#5238=CARTESIAN_POINT('',(0.001067917004002,0.030901336440488,-0.009280021165682));
#5239=CARTESIAN_POINT('',(0.001065908889867,0.030901566146049,-0.009280155223737));
#5240=CARTESIAN_POINT('',(0.001063903013531,0.030901812510048,-0.009280298708181));
#5241=CARTESIAN_POINT('',(0.001061899540425,0.03090207557297,-0.00928045156678));
#5242=CARTESIAN_POINT('',(0.001059898631649,0.030902355380671,-0.00928061374273));
#5243=CARTESIAN_POINT('',(0.001055899289497,0.030902949028465,-0.00928095686112));
#5244=CARTESIAN_POINT('',(0.001053900864992,0.030903262918695,-0.009281137831123));
#5245=CARTESIAN_POINT('',(0.001051905327727,0.03090359370664,-0.00928132802314));
#5246=CARTESIAN_POINT('',(0.00104991283227,0.030903941450062,-0.009281527371286));
#5247=CARTESIAN_POINT('',(0.001047923530494,0.030904306212914,-0.009281735805317));
#5248=CARTESIAN_POINT('',(0.001045937571576,0.03090468806534,-0.009281953250627));
#5249=CARTESIAN_POINT('',(0.001041969451562,0.030905486742234,-0.009282406369101));
#5250=CARTESIAN_POINT('',(0.001039987302537,0.03090590362192,-0.009282642070871));
#5251=CARTESIAN_POINT('',(0.001038008802167,0.030906337799518,-0.009282886654324));
#5252=CARTESIAN_POINT('',(0.001036034096756,0.030906789358476,-0.009283140035684));
#5253=CARTESIAN_POINT('',(0.001034063331672,0.030907258388903,-0.009283402126636));
#5254=CARTESIAN_POINT('',(0.001032096651341,0.030907744987569,-0.009283672834329));
#5255=CARTESIAN_POINT('',(0.001028168492262,0.030908754364623,-0.009284231751544));
#5256=CARTESIAN_POINT('',(0.001026207028279,0.030909277201684,-0.009284519989158));
#5257=CARTESIAN_POINT('',(0.00102424995161,0.030909817873084,-0.009284816676427));
#5258=CARTESIAN_POINT('',(0.001022297407087,0.030910376489719,-0.009285121710519));
#5259=CARTESIAN_POINT('',(0.001020349540068,0.030910953169382,-0.00928543498355));
#5260=CARTESIAN_POINT('',(0.001018406496435,0.030911548036766,-0.009285756382594));
#5261=CARTESIAN_POINT('',(0.001014526956134,0.030912775483553,-0.009286415773385));
#5262=CARTESIAN_POINT('',(0.001012590477469,0.030913408127097,-0.009286753792904));
#5263=CARTESIAN_POINT('',(0.001010659133859,0.030914059286417,-0.009287099729715));
#5264=CARTESIAN_POINT('',(0.001008733074265,0.03091472910081,-0.009287453459449));
#5265=CARTESIAN_POINT('',(0.001006812449354,0.030915417716556,-0.009287814851888));
#5266=CARTESIAN_POINT('',(0.001004897411499,0.03091612528691,-0.009288183770961));
#5267=CARTESIAN_POINT('',(0.001001075046153,0.030917580092909,-0.009288937121939));
#5268=CARTESIAN_POINT('',(0.000999167741874002,0.030918327404042,-0.009289321582664));
#5269=CARTESIAN_POINT('',(0.000997266356984002,0.03091909406674,-0.009289713314241));
#5270=CARTESIAN_POINT('',(0.000995371049240003,0.030919880249138,-0.009290112167034));
#5271=CARTESIAN_POINT('',(0.000993481979113,0.030920686126268,-0.009290517984456));
#5272=CARTESIAN_POINT('',(0.000991599309793,0.030921511880065,-0.009290930602963));
#5273=CARTESIAN_POINT('',(0.000987842548144002,0.030923205572873,-0.009291770119377));
#5274=CARTESIAN_POINT('',(0.000985968488226002,0.030924073609263,-0.009292197049036));
#5275=CARTESIAN_POINT('',(0.000984101194570999,0.030924961998824,-0.009292630469389));
#5276=CARTESIAN_POINT('',(0.000982240837976,0.030925870938437,-0.009293070200398));
#5277=CARTESIAN_POINT('',(0.000980387592903,0.03092680063157,-0.009293516053634));
#5278=CARTESIAN_POINT('',(0.000978541637471003,0.030927751288279,-0.009293967832277));
#5279=CARTESIAN_POINT('',(0.000974858753990001,0.030929698089092,-0.009294884301993));
#5280=CARTESIAN_POINT('',(0.000973021874582002,0.030930694369349,-0.009295349029317));
#5281=CARTESIAN_POINT('',(0.000971192698791,0.030931712184859,-0.009295819305994));
#5282=CARTESIAN_POINT('',(0.000969371414785002,0.030932751760382,-0.009296294914705));
#5283=CARTESIAN_POINT('',(0.000967558215346002,0.030933813326554,-0.009296775627907));
#5284=CARTESIAN_POINT('',(0.000965753297867002,0.030934897119892,-0.009297261207833));
#5285=CARTESIAN_POINT('',(0.000962152384759003,0.030937114600545,-0.009298243800713));
#5286=CARTESIAN_POINT('',(0.000960356465810001,0.030938248488961,-0.009298740854372));
#5287=CARTESIAN_POINT('',(0.000958569312263,0.030939405293936,-0.009299242316238));
#5288=CARTESIAN_POINT('',(0.000956791134491,0.030940585265857,-0.009299747922547));
#5289=CARTESIAN_POINT('',(0.000955022148481002,0.030941788659593,-0.009300257397004));
#5290=CARTESIAN_POINT('',(0.000953262575840001,0.0309430157345,-0.009300770450779));
#5291=CARTESIAN_POINT('',(0.000949751511921004,0.030945525781036,-0.009301806418846));
#5292=CARTESIAN_POINT('',(0.000948000144985001,0.030946809059078,-0.00930232937432));
#5293=CARTESIAN_POINT('',(0.000946258774653003,0.030948116857864,-0.009302855341841));
#5294=CARTESIAN_POINT('',(0.000944527639276004,0.030949449448632,-0.009303383998921));
#5295=CARTESIAN_POINT('',(0.000942806983881002,0.030950807104537,-0.009303915007679));
#5296=CARTESIAN_POINT('',(0.000941097060173004,0.030952190100651,-0.009304448014842));
#5297=CARTESIAN_POINT('',(0.000937683472882003,0.030955020360987,-0.009305522235569));
#5298=CARTESIAN_POINT('',(0.000935980014171001,0.030956468099686,-0.009306063478397));
#5299=CARTESIAN_POINT('',(0.000934288016173002,0.030957942215409,-0.009306606001251));
#5300=CARTESIAN_POINT('',(0.000932607752403003,0.030959442990857,-0.009307149406305));
#5301=CARTESIAN_POINT('',(0.000930939504113003,0.030960970706079,-0.009307693276891));
#5302=CARTESIAN_POINT('',(0.000929283560294002,0.030962525638468,-0.009308237177493));
#5303=CARTESIAN_POINT('',(0.000925974773576005,0.030965711769262,-0.009309331439277));
#5304=CARTESIAN_POINT('',(0.000924322272384002,0.030967343709204,-0.009309881787912));
#5305=CARTESIAN_POINT('',(0.000922683023321002,0.030969004169474,-0.00931043122654));
#5306=CARTESIAN_POINT('',(0.000921057344223,0.030970693426313,-0.009310979259256));
#5307=CARTESIAN_POINT('',(0.000919445561549003,0.030972411745322,-0.009311525367358));
#5308=CARTESIAN_POINT('',(0.000917848010381001,0.030974159381461,-0.009312069009352));
#5309=CARTESIAN_POINT('',(0.000914650963103003,0.030977748687212,-0.009313160852112));
#5310=CARTESIAN_POINT('',(0.000913052045445003,0.030979591524936,-0.009313708931867));
#5311=CARTESIAN_POINT('',(0.000911468646564002,0.030981465352454,-0.009314253261391));
#5312=CARTESIAN_POINT('',(0.000909901140432001,0.030983370405496,-0.009314793215117));
#5313=CARTESIAN_POINT('',(0.000908349909871001,0.030985306895299,-0.009315328140735));
#5314=CARTESIAN_POINT('',(0.000906815346553,0.030987275008603,-0.009315857359191));
#5315=CARTESIAN_POINT('',(0.000903736445499001,0.030991332675378,-0.009316918097984));
#5316=CARTESIAN_POINT('',(0.000902193109266002,0.030993424087684,-0.009317449242035));
#5317=CARTESIAN_POINT('',(0.000900668280232001,0.030995549322588,-0.009317972826336));
#5318=CARTESIAN_POINT('',(0.000899162403587003,0.030997708509617,-0.009318488051245));
#5319=CARTESIAN_POINT('',(0.000897675931781999,0.030999901729813,-0.009318994087979));
#5320=CARTESIAN_POINT('',(0.000896209324526002,0.031002129015732,-0.009319490078623));
#5321=CARTESIAN_POINT('',(0.000893254137400001,0.031006749621605,-0.009320481200609));
#5322=CARTESIAN_POINT('',(0.000891767354382001,0.03100914594421,-0.009320975367409));
#5323=CARTESIAN_POINT('',(0.000890303233442004,0.031011579301077,-0.009321456625263));
#5324=CARTESIAN_POINT('',(0.000888862309205003,0.031014049584125,-0.009321923937407));
#5325=CARTESIAN_POINT('',(0.000887445117207002,0.031016556595367,-0.009322376241571));
#5326=CARTESIAN_POINT('',(0.000886052193902,0.031019100046911,-0.009322812449981));
#5327=CARTESIAN_POINT('',(0.000883224692162,0.031024431154654,-0.009323678400227));
#5328=CARTESIAN_POINT('',(0.000881793527202003,0.031027223770847,-0.009324105779224));
#5329=CARTESIAN_POINT('',(0.000880391240946001,0.031030056943922,-0.009324512226562));
#5330=CARTESIAN_POINT('',(0.000879018474634001,0.031032930048208,-0.009324896379467));
#5331=CARTESIAN_POINT('',(0.000877675851571003,0.031035842297966,-0.009325256872177));
#5332=CARTESIAN_POINT('',(0.000876363977126,0.031038792747398,-0.009325592335941));
#5333=CARTESIAN_POINT('',(0.00087366421632,0.031045091388837,-0.009326243934046));
#5334=CARTESIAN_POINT('',(0.000872283469052,0.031048448051538,-0.009326554065917));
#5335=CARTESIAN_POINT('',(0.000870942009158,0.031051848738142,-0.009326829910947));
#5336=CARTESIAN_POINT('',(0.000869640577274001,0.031055291639599,-0.009327069663647));
#5337=CARTESIAN_POINT('',(0.000868379842446001,0.031058774678417,-0.009327271596729));
#5338=CARTESIAN_POINT('',(0.000867160402133003,0.031062295508659,-0.0093274340611));
#5339=CARTESIAN_POINT('',(0.000864574492328005,0.031070104067145,-0.00932770069509));
#5340=CARTESIAN_POINT('',(0.000863225980143,0.031074407018296,-0.00932778726831));
#5341=CARTESIAN_POINT('',(0.000861938151242001,0.031078755754145,-0.009327812506775));
#5342=CARTESIAN_POINT('',(0.000860711676380004,0.031083145307,-0.009327774079352));
#5343=CARTESIAN_POINT('',(0.000859546991473004,0.031087570356736,-0.009327670022523));
#5344=CARTESIAN_POINT('',(0.000858444297600999,0.031092025230794,-0.009327498740393));
#5345=CARTESIAN_POINT('',(0.000855848581989002,0.031103195552331,-0.009326900812228));
#5346=CARTESIAN_POINT('',(0.000854431788520002,0.03110994102311,-0.009326389842087));
#5347=CARTESIAN_POINT('',(0.000853153241172001,0.031116719782572,-0.00932572218449));
#5348=CARTESIAN_POINT('',(0.000852011441036003,0.031123512041001,-0.009324896194011));
#5349=CARTESIAN_POINT('',(0.000851003774325003,0.031130298937869,-0.009323912305222));
#5350=CARTESIAN_POINT('',(0.000850126956979003,0.031137062726785,-0.009322772848345));
#5351=CARTESIAN_POINT('',(0.000847511761252001,0.031160525982607,-0.009318268145468));
#5352=CARTESIAN_POINT('',(0.000846436339421001,0.031177008746156,-0.009314117522997));
#5353=CARTESIAN_POINT('',(0.000846090154238002,0.031193016646792,-0.009309087636434));
#5354=CARTESIAN_POINT('',(0.000846406555825002,0.031208413178315,-0.009303281157092));
#5355=CARTESIAN_POINT('',(0.000847348581199003,0.031223115653938,-0.009296809996798));
#5356=CARTESIAN_POINT('',(0.000848892055944003,0.031237083006613,-0.009289782677285));
#5357=CARTESIAN_POINT('',(0.000851904053336003,0.031255699128076,-0.009279237069497));
#5358=CARTESIAN_POINT('',(0.000852875508915999,0.031260967056988,-0.0092761057512));
#5359=CARTESIAN_POINT('',(0.000853945329976,0.031266108860457,-0.009272904771156));
#5360=CARTESIAN_POINT('',(0.000855113191547002,0.031271123459662,-0.009269641009327));
#5361=CARTESIAN_POINT('',(0.000856378950592002,0.031276010128029,-0.009266321329468));
#5362=CARTESIAN_POINT('',(0.000857742563039003,0.031280768492226,-0.009262952540978));
#5363=CARTESIAN_POINT('',(0.000860286013488004,0.031288826501923,-0.00925701580656));
#5364=CARTESIAN_POINT('',(0.000861421637723001,0.031292184109202,-0.009254467025755));
#5365=CARTESIAN_POINT('',(0.000862610872691003,0.031295471324518,-0.009251897771));
#5366=CARTESIAN_POINT('',(0.000863853697722999,0.031298688207227,-0.009249310769561));
#5367=CARTESIAN_POINT('',(0.000865150072300001,0.031301834906522,-0.009246708723305));
#5368=CARTESIAN_POINT('',(0.000866499936052003,0.031304911661436,-0.009244094308699));
#5369=CARTESIAN_POINT('',(0.000869102718350001,0.031310489286627,-0.009239227083674));
#5370=CARTESIAN_POINT('',(0.000870341246067,0.031313008904233,-0.009236976886673));
#5371=CARTESIAN_POINT('',(0.000871618735829003,0.03131547785822,-0.009234721241732));
#5372=CARTESIAN_POINT('',(0.000872935106841,0.031317896398628,-0.009232461779567));
#5373=CARTESIAN_POINT('',(0.000874290253592001,0.031320264820975,-0.009230200105683));
#5374=CARTESIAN_POINT('',(0.000875684045856005,0.031322583466254,-0.009227937800373));
#5375=CARTESIAN_POINT('',(0.000878409639067001,0.031326901792901,-0.009223634455867));
#5376=CARTESIAN_POINT('',(0.000879734331801003,0.031328910592554,-0.009221593243744));
#5377=CARTESIAN_POINT('',(0.000881090291156003,0.031330879404793,-0.009219553926368));
#5378=CARTESIAN_POINT('',(0.000882477382013001,0.031332808541064,-0.009217517624602));
#5379=CARTESIAN_POINT('',(0.000883895449882002,0.031334698339364,-0.009215485436159));
#5380=CARTESIAN_POINT('',(0.000885344320897003,0.03133654916424,-0.009213458435595));
#5381=CARTESIAN_POINT('',(0.000888199603813002,0.031340046651174,-0.009209558523756));
#5382=CARTESIAN_POINT('',(0.000889601875998004,0.031341698529938,-0.009207684767481));
#5383=CARTESIAN_POINT('',(0.000891030462517001,0.03134331735778,-0.009205817250227));
#5384=CARTESIAN_POINT('',(0.000892485193319002,0.031344903465221,-0.009203956796426));
#5385=CARTESIAN_POINT('',(0.000893965884151002,0.031346457198606,-0.00920210421021));
#5386=CARTESIAN_POINT('',(0.000895472336563005,0.031347978920101,-0.009200260275411));
#5387=CARTESIAN_POINT('',(0.000898455270266,0.031350880244258,-0.009196688313073));
#5388=CARTESIAN_POINT('',(0.000899929119614999,0.031352263105062,-0.009194959315015));
#5389=CARTESIAN_POINT('',(0.000901425705249002,0.031353617911253,-0.009193239409488));
#5390=CARTESIAN_POINT('',(0.000902944836255002,0.031354944993055,-0.00919152922718));
#5391=CARTESIAN_POINT('',(0.000904486311499,0.03135624468977,-0.009189829381371));
#5392=CARTESIAN_POINT('',(0.000906049919638004,0.031357517349779,-0.009188140467926));
#5393=CARTESIAN_POINT('',(0.000909155742988003,0.031359958061616,-0.009184854657613));
#5394=CARTESIAN_POINT('',(0.000910696193268001,0.03136112826203,-0.009183256833211));
#5395=CARTESIAN_POINT('',(0.000912256594707003,0.031362274246895,-0.009181670101732));
#5396=CARTESIAN_POINT('',(0.000913836744788,0.03136339633594,-0.009180094958035));
#5397=CARTESIAN_POINT('',(0.000915436433721002,0.031364494853522,-0.009178531882199));
#5398=CARTESIAN_POINT('',(0.000917055444445002,0.031365570128618,-0.009176981339524));
#5399=CARTESIAN_POINT('',(0.000920278206137,0.031367640520274,-0.0091739563951));
#5400=CARTESIAN_POINT('',(0.000921880731534,0.031368637106744,-0.009172481159925));
#5401=CARTESIAN_POINT('',(0.000923500925867002,0.031369612556177,-0.009171018482637));
#5402=CARTESIAN_POINT('',(0.000925138581066999,0.031370567172101,-0.009169568758389));
#5403=CARTESIAN_POINT('',(0.000926793483953001,0.031371501259628,-0.009168132369853));
#5404=CARTESIAN_POINT('',(0.000928465416225002,0.031372415125459,-0.009166709687226));
#5405=CARTESIAN_POINT('',(0.000931798494328,0.031374179527522,-0.009163929483043));
#5406=CARTESIAN_POINT('',(0.000933458768481003,0.031375031096422,-0.009162571231931));
#5407=CARTESIAN_POINT('',(0.000935134770819,0.031375864069125,-0.009161226644995));
#5408=CARTESIAN_POINT('',(0.000936826291688002,0.031376678729648,-0.009159896041843));
#5409=CARTESIAN_POINT('',(0.000938533117897,0.031377475361478,-0.009158579731581));
#5410=CARTESIAN_POINT('',(0.000940255032713003,0.031378254247575,-0.009157278012817));
#5411=CARTESIAN_POINT('',(0.000943691352898002,0.0313797607641,-0.009154731931364));
#5412=CARTESIAN_POINT('',(0.000945405127701002,0.031380489135,-0.009153486937575));
#5413=CARTESIAN_POINT('',(0.000947132934008003,0.031381201047662,-0.009152256462175));
#5414=CARTESIAN_POINT('',(0.000948874563150001,0.031381896764646,-0.009151040766238));
#5415=CARTESIAN_POINT('',(0.000950629804057003,0.031382576546485,-0.009149840102034));
#5416=CARTESIAN_POINT('',(0.000952398443262,0.031383240651683,-0.00914865471302));
#5417=CARTESIAN_POINT('',(0.000955930587927003,0.031384526554457,-0.009146335635511));
#5418=CARTESIAN_POINT('',(0.000957693631665001,0.031385148891993,-0.009145201403777));
#5419=CARTESIAN_POINT('',(0.00095946919161,0.031385756592387,-0.009144082361021));
#5420=CARTESIAN_POINT('',(0.00096125706166,0.031386349895592,-0.00914297872226));
#5421=CARTESIAN_POINT('',(0.000963057034108001,0.03138692903845,-0.009141890695144));
#5422=CARTESIAN_POINT('',(0.000964868899646001,0.031387494254694,-0.009140818479963));
#5423=CARTESIAN_POINT('',(0.000968489171836003,0.031388589182687,-0.009138721595512));
#5424=CARTESIAN_POINT('',(0.000970297237486002,0.031389119294063,-0.009137696459132));
#5425=CARTESIAN_POINT('',(0.000972116442683003,0.031389636329631,-0.009136687045016));
#5426=CARTESIAN_POINT('',(0.000973946584707001,0.031390140506044,-0.009135693531551));
#5427=CARTESIAN_POINT('',(0.000975787459747003,0.031390632036055,-0.009134716090991));
#5428=CARTESIAN_POINT('',(0.000977638862902003,0.03139111112852,-0.009133754889466));
#5429=CARTESIAN_POINT('',(0.000981339329692004,0.031392039084693,-0.00913187694846));
#5430=CARTESIAN_POINT('',(0.000983188140091001,0.031392488248306,-0.009130959806831));
#5431=CARTESIAN_POINT('',(0.000985046821027003,0.031392925676656,-0.009130058816231));
#5432=CARTESIAN_POINT('',(0.000986915173310999,0.031393351562684,-0.009129174125723));
#5433=CARTESIAN_POINT('',(0.000988792996917003,0.031393766094848,-0.009128305879288));
#5434=CARTESIAN_POINT('',(0.000990680090977001,0.031394169457126,-0.009127454215831));
#5435=CARTESIAN_POINT('',(0.000994452616997002,0.031394950103777,-0.009125793040972));
#5436=CARTESIAN_POINT('',(0.000996337860500001,0.031395327616257,-0.009124983182523));
#5437=CARTESIAN_POINT('',(0.000998231788956003,0.031395694540352,-0.009124189823512));
#5438=CARTESIAN_POINT('',(0.001000134206175,0.031396051045047,-0.00912341308942));
#5439=CARTESIAN_POINT('',(0.001002044915115,0.03139639729441,-0.009122653101527));
#5440=CARTESIAN_POINT('',(0.00100396371788,0.031396733447593,-0.009121909976907));
#5441=CARTESIAN_POINT('',(0.001007799994148,0.031397382971569,-0.009120464132053));
#5442=CARTESIAN_POINT('',(0.00100971732778,0.031397696518073,-0.009119761111693));
#5443=CARTESIAN_POINT('',(0.001011642223255,0.031398000448484,-0.009119074877267));
#5444=CARTESIAN_POINT('',(0.001013574486036,0.031398294907701,-0.009118405535185));
#5445=CARTESIAN_POINT('',(0.001015513920418,0.031398580035389,-0.009117753188351));
#5446=CARTESIAN_POINT('',(0.001017460329532,0.031398855965977,-0.009117117936161));
#5447=CARTESIAN_POINT('',(0.00102135190033,0.031399387669115,-0.009115886496383));
#5448=CARTESIAN_POINT('',(0.001023296959332,0.031399643578431,-0.009115290049415));
#5449=CARTESIAN_POINT('',(0.001025248498917,0.031399890682858,-0.009114710627378));
#5450=CARTESIAN_POINT('',(0.001027206323801,0.03140012910319,-0.009114148321028));
#5451=CARTESIAN_POINT('',(0.001029170236845,0.031400358954769,-0.009113603218095));
#5452=CARTESIAN_POINT('',(0.001031140039054,0.031400580347476,-0.009113075403283));
#5453=CARTESIAN_POINT('',(0.001035078328193,0.031401005055303,-0.009112057792715));
#5454=CARTESIAN_POINT('',(0.00103704674169,0.031401208477323,-0.009111567774566));
#5455=CARTESIAN_POINT('',(0.001039020573204,0.031401403754192,-0.009111094984039));
#5456=CARTESIAN_POINT('',(0.001040999622888,0.031401590982732,-0.009110639498506));
#5457=CARTESIAN_POINT('',(0.001042983687915,0.031401770254195,-0.009110201392503));
#5458=CARTESIAN_POINT('',(0.001044972562477,0.031401941654265,-0.009109780737727));
#5459=CARTESIAN_POINT('',(0.001048948898269,0.031402268000671,-0.009108976614954));
#5460=CARTESIAN_POINT('',(0.001050936309903,0.031402423029712,-0.009108592960815));
#5461=CARTESIAN_POINT('',(0.001052928067244,0.031402570428967,-0.009108226708537));
#5462=CARTESIAN_POINT('',(0.001054923960407,0.031402710271686,-0.009107877922953));
#5463=CARTESIAN_POINT('',(0.001056923775062,0.031402842625575,-0.009107546665814));
#5464=CARTESIAN_POINT('',(0.00105892729243,0.031402967552807,-0.00910723299579));
#5465=CARTESIAN_POINT('',(0.001062932925833,0.031403202177521,-0.009106642174272));
#5466=CARTESIAN_POINT('',(0.001064935012385,0.03140331193631,-0.009106364875841));
#5467=CARTESIAN_POINT('',(0.00106694032816,0.031403414442233,-0.009106105128248));
#5468=CARTESIAN_POINT('',(0.001068948646772,0.031403509745826,-0.009105862982679));
#5469=CARTESIAN_POINT('',(0.001070959736234,0.031403597892306,-0.00910563848643));
#5470=CARTESIAN_POINT('',(0.001072973358958,0.031403678921564,-0.00910543168291));
#5471=CARTESIAN_POINT('',(0.001076999461288,0.03140382660485,-0.00910505407715));
#5472=CARTESIAN_POINT('',(0.001079011928261,0.031403893299138,-0.009104883173946));
#5473=CARTESIAN_POINT('',(0.001081026430613,0.031403952985283,-0.009104729941272));
#5474=CARTESIAN_POINT('',(0.001083042721353,0.031404005692573,-0.009104594413261));
#5475=CARTESIAN_POINT('',(0.001085060548561,0.031404051445343,-0.009104476618937));
#5476=CARTESIAN_POINT('',(0.001087079655385,0.031404090262975,-0.009104376582214));
#5477=CARTESIAN_POINT('',(0.001090655742381,0.03140414672789,-0.009104230962462));
#5478=CARTESIAN_POINT('',(0.001092212309214,0.031404167190205,-0.009104178148748));
#5479=CARTESIAN_POINT('',(0.001093769360888,0.031404183553424,-0.009104135889324));
#5480=CARTESIAN_POINT('',(0.001095326777095,0.031404195822501,-0.009104104190579));
#5481=CARTESIAN_POINT('',(0.001096884436872,0.031404204000759,-0.009104083056722));
#5482=CARTESIAN_POINT('',(0.001098442218599,0.031404208089889,-0.009104072489782));
#5483=CARTESIAN_POINT('',(0.0011,0.031404208089957,-0.009104072489608));
#5484=CARTESIAN_POINT('',(0.0011,0.030899563800059,-0.009278979138239));
#5485=CARTESIAN_POINT('',(0.0011,0.031404208089957,-0.009104072489608));
#5486=CARTESIAN_POINT('',(0.004,0.030899563800059,-0.009278979138239));
#5487=CARTESIAN_POINT('',(0.004,0.031404208089957,-0.009104072489608));
#5488=CARTESIAN_POINT('',(0.0038,0.031077795786903,-0.008977759353256));
#5489=CARTESIAN_POINT('',(0.0038,0.0319,-0.01135));
#5490=CARTESIAN_POINT('',(0.0038,0.0303085479909198,-0.00968949390160886));
#5491=CARTESIAN_POINT('',(0.0038,0.030734444104382,-0.00936720413199196));
#5492=CARTESIAN_POINT('',(0.0038,0.030384974650818,-0.009347940149387));
#5493=CARTESIAN_POINT('',(0.0038,0.030384974650818,-0.009347940149387));
#5494=CARTESIAN_POINT('',(0.0011,0.03030854799092,-0.009689493901609));
#5495=CARTESIAN_POINT('',(0.001097672372116,0.030308547991192,-0.00968949390167));
#5496=CARTESIAN_POINT('',(0.001095344742998,0.030308573382855,-0.00968949958335));
#5497=CARTESIAN_POINT('',(0.001093017424427,0.030308624166069,-0.009689510946692));
#5498=CARTESIAN_POINT('',(0.001090690723986,0.030308700345768,-0.009689527977931));
#5499=CARTESIAN_POINT('',(0.00108836494506,0.030308801931655,-0.009689550649497));
#5500=CARTESIAN_POINT('',(0.001083686065381,0.030309057570932,-0.009689607552497));
#5501=CARTESIAN_POINT('',(0.001081332994636,0.030309212280053,-0.009689641928339));
#5502=CARTESIAN_POINT('',(0.001078981483878,0.03030939308061,-0.009689682004583));
#5503=CARTESIAN_POINT('',(0.001076631832917,0.030309599995228,-0.009689727724226));
#5504=CARTESIAN_POINT('',(0.001074284332102,0.030309833054117,-0.009689779016216));
#5505=CARTESIAN_POINT('',(0.001069592458283,0.030310351727754,-0.00968989261668));
#5506=CARTESIAN_POINT('',(0.0010672480892,0.030310637381733,-0.009689954933318));
#5507=CARTESIAN_POINT('',(0.001064906435298,0.030310949295068,-0.009690022660183));
#5508=CARTESIAN_POINT('',(0.001062567768606,0.030311287516009,-0.009690095698261));
#5509=CARTESIAN_POINT('',(0.001060232352955,0.030311652103001,-0.009690173934715));
#5510=CARTESIAN_POINT('',(0.001055566592127,0.030312434472155,-0.00969034062045));
#5511=CARTESIAN_POINT('',(0.001053236254079,0.030312852298605,-0.009690429078107));
#5512=CARTESIAN_POINT('',(0.001050909685759,0.030313296673139,-0.009690522489013));
#5513=CARTESIAN_POINT('',(0.001048587139332,0.030313767676549,-0.009690620712141));
#5514=CARTESIAN_POINT('',(0.001046268863199,0.030314265401314,-0.009690723592271));
#5515=CARTESIAN_POINT('',(0.001041639489226,0.030315314921653,-0.009690938413628));
#5516=CARTESIAN_POINT('',(0.001039328400005,0.030315866760116,-0.009691050361827));
#5517=CARTESIAN_POINT('',(0.001037022079662,0.030316445571645,-0.009691166634904));
#5518=CARTESIAN_POINT('',(0.001034720774464,0.030317051472814,-0.009691287047968));
#5519=CARTESIAN_POINT('',(0.001032424731615,0.030317684592117,-0.009691411400928));
#5520=CARTESIAN_POINT('',(0.001027841927703,0.030319006049308,-0.009691667653287));
#5521=CARTESIAN_POINT('',(0.001025555176205,0.030319694428479,-0.009691799558017));
#5522=CARTESIAN_POINT('',(0.001023274193647,0.030320410348401,-0.009691934976997));
#5523=CARTESIAN_POINT('',(0.001020999233855,0.030321153961112,-0.009692073677765));
#5524=CARTESIAN_POINT('',(0.001018730555601,0.030321925429759,-0.009692215411064));
#5525=CARTESIAN_POINT('',(0.001014204409433,0.030323525091946,-0.009692504530731));
#5526=CARTESIAN_POINT('',(0.001011946953397,0.030324353331622,-0.009692651921276));
#5527=CARTESIAN_POINT('',(0.001009696319005,0.030325209822525,-0.009692801815866));
#5528=CARTESIAN_POINT('',(0.001007452779034,0.0303260947489,-0.00969295392902));
#5529=CARTESIAN_POINT('',(0.001005216614526,0.030327008304344,-0.009693107956385));
#5530=CARTESIAN_POINT('',(0.001000757093633,0.030328894145516,-0.00969341936917));
#5531=CARTESIAN_POINT('',(0.000998533755459004,0.030329866495818,-0.009693576757693));
#5532=CARTESIAN_POINT('',(0.00099631839066,0.030330867946601,-0.00969373541606));
#5533=CARTESIAN_POINT('',(0.000994111300746,0.030331898708251,-0.009693894998664));
#5534=CARTESIAN_POINT('',(0.000991912798342001,0.030332958997652,-0.009694055138535));
#5535=CARTESIAN_POINT('',(0.000987529719459,0.030335141018543,-0.009694376041445));
#5536=CARTESIAN_POINT('',(0.000985345175487002,0.030336262855007,-0.009694536804539));
#5537=CARTESIAN_POINT('',(0.000983169900856003,0.030337414772497,-0.009694697346251));
#5538=CARTESIAN_POINT('',(0.000981004234792002,0.030338596998124,-0.009694857252047));
#5539=CARTESIAN_POINT('',(0.000978848530160004,0.030339809761193,-0.009695016083238));
#5540=CARTESIAN_POINT('',(0.000974551527195,0.030342300447681,-0.009695331128928));
#5541=CARTESIAN_POINT('',(0.000972410289790001,0.030343578549199,-0.009695487333919));
#5542=CARTESIAN_POINT('',(0.000970279811145003,0.030344887831745,-0.009695641524999));
#5543=CARTESIAN_POINT('',(0.000968160477001004,0.030346228525172,-0.009695793208151));
#5544=CARTESIAN_POINT('',(0.000966052688932,0.030347600855205,-0.009695941862305));
#5545=CARTESIAN_POINT('',(0.000961851179460002,0.030350415838013,-0.009696232698898));
#5546=CARTESIAN_POINT('',(0.000959757571412003,0.030351858789286,-0.009696374847164));
#5547=CARTESIAN_POINT('',(0.000957676463877,0.030353334122559,-0.009696512828022));
#5548=CARTESIAN_POINT('',(0.000955608298039,0.030354842049852,-0.009696646055658));
#5549=CARTESIAN_POINT('',(0.000953553532602,0.030356382769897,-0.00969677391455));
#5550=CARTESIAN_POINT('',(0.000949456680676,0.030359541789951,-0.009697018504344));
#5551=CARTESIAN_POINT('',(0.000947414800177002,0.03036116057624,-0.009697135145907));
#5552=CARTESIAN_POINT('',(0.000945387489744001,0.030362813017232,-0.009697245024085));
#5553=CARTESIAN_POINT('',(0.000943375255042001,0.030364499276805,-0.009697347447359));
#5554=CARTESIAN_POINT('',(0.000941378619944002,0.030366219492492,-0.009697441692765));
#5555=CARTESIAN_POINT('',(0.000937395291063001,0.030369747848634,-0.009697613281432));
#5556=CARTESIAN_POINT('',(0.000935408963264002,0.030371556758561,-0.00969769042239));
#5557=CARTESIAN_POINT('',(0.000933439704815003,0.030373400620792,-0.009697757647723));
#5558=CARTESIAN_POINT('',(0.000931488094417003,0.030375279506238,-0.009697814145292));
#5559=CARTESIAN_POINT('',(0.000929554727791004,0.030377193441189,-0.009697859071855));
#5560=CARTESIAN_POINT('',(0.000925693428130002,0.030381124233812,-0.009697924581921));
#5561=CARTESIAN_POINT('',(0.000923766135171002,0.030383142278451,-0.009697944743539));
#5562=CARTESIAN_POINT('',(0.000921858984781001,0.030385196521997,-0.00969795111726));
#5563=CARTESIAN_POINT('',(0.000919972635311999,0.030387286875684,-0.009697942755777));
#5564=CARTESIAN_POINT('',(0.000918107757491002,0.03038941318121,-0.009697918685133));
#5565=CARTESIAN_POINT('',(0.000914376540715002,0.030393790942016,-0.009697836111383));
#5566=CARTESIAN_POINT('',(0.000912511313431005,0.030396044189389,-0.009697776770767));
#5567=CARTESIAN_POINT('',(0.000910670090501001,0.03039833470632,-0.00969769880382));
#5568=CARTESIAN_POINT('',(0.000908853611445999,0.030400662144145,-0.009697601116837));
#5569=CARTESIAN_POINT('',(0.000907062617378003,0.030403026052066,-0.009697482601465));
#5570=CARTESIAN_POINT('',(0.000903468919968002,0.030407912956829,-0.009697196560745));
#5571=CARTESIAN_POINT('',(0.000901668153746,0.030410438609336,-0.009697027415396));
#5572=CARTESIAN_POINT('',(0.000899896382752001,0.030413002214951,-0.009696833445992));
#5573=CARTESIAN_POINT('',(0.000898154417636,0.030415603012118,-0.009696613410528));
#5574=CARTESIAN_POINT('',(0.000896443049278002,0.030418240097451,-0.00969636607766));
#5575=CARTESIAN_POINT('',(0.000892993350701001,0.030423727433403,-0.009695799647671));
#5576=CARTESIAN_POINT('',(0.000891258451775002,0.030426581548458,-0.009695477432436));
#5577=CARTESIAN_POINT('',(0.000889559257622002,0.030429473539125,-0.009695122151559));
#5578=CARTESIAN_POINT('',(0.000887896614970001,0.030432401990306,-0.009694732434559));
#5579=CARTESIAN_POINT('',(0.000886271311661004,0.030435365303589,-0.009694306969914));
#5580=CARTESIAN_POINT('',(0.000882970297796,0.030441596981281,-0.00969334516975));
#5581=CARTESIAN_POINT('',(0.000881300888790002,0.030444870842728,-0.009692802710802));
#5582=CARTESIAN_POINT('',(0.000879676769361005,0.030448181019134,-0.009692215551466));
#5583=CARTESIAN_POINT('',(0.000878098732098001,0.03045152503961,-0.00969158226215));
#5584=CARTESIAN_POINT('',(0.000876567442452,0.030454900224827,-0.009690901560422));
#5585=CARTESIAN_POINT('',(0.000873415426528003,0.030462129160234,-0.009689352638592));
#5586=CARTESIAN_POINT('',(0.000871807144499002,0.030465990396058,-0.009688471643558));
#5587=CARTESIAN_POINT('',(0.000870259347408999,0.030469883262844,-0.009687527723328));
#5588=CARTESIAN_POINT('',(0.000868772547940003,0.030473803468356,-0.009686519584501));
#5589=CARTESIAN_POINT('',(0.000867347016696003,0.030477746559762,-0.009685446242866));
#5590=CARTESIAN_POINT('',(0.000864328684613998,0.030486510970658,-0.009682925750464));
#5591=CARTESIAN_POINT('',(0.000862764715032001,0.030491340974978,-0.009681447621575));
#5592=CARTESIAN_POINT('',(0.000861290863789003,0.030496189696924,-0.009679871473982));
#5593=CARTESIAN_POINT('',(0.000859906697056004,0.030501049076003,-0.009678196788446));
#5594=CARTESIAN_POINT('',(0.000858611356844001,0.0305059112309,-0.009676423689241));
#5595=CARTESIAN_POINT('',(0.000855587538389002,0.030518071711114,-0.009671740121586));
#5596=CARTESIAN_POINT('',(0.000853969474542003,0.030525364034172,-0.009668706476858));
#5597=CARTESIAN_POINT('',(0.00085254520667,0.03053261968036,-0.009665454449644));
#5598=CARTESIAN_POINT('',(0.000851309045430002,0.030539815728459,-0.009661989100188));
#5599=CARTESIAN_POINT('',(0.000850254912689002,0.030546932184825,-0.009658317361202));
#5600=CARTESIAN_POINT('',(0.000847273788364002,0.030570782646261,-0.009645168598188));
#5601=CARTESIAN_POINT('',(0.000846186928636,0.03058704924859,-0.009634754710374));
#5602=CARTESIAN_POINT('',(0.000846036894128002,0.030602543825462,-0.009623305228077));
#5603=CARTESIAN_POINT('',(0.000846779968068003,0.03061711986682,-0.009610961187899));
#5604=CARTESIAN_POINT('',(0.000848430984243,0.030630674906108,-0.009597885415695));
#5605=CARTESIAN_POINT('',(0.000852033988709002,0.030647955719493,-0.00957900650898));
#5606=CARTESIAN_POINT('',(0.000853177303864004,0.030652601772554,-0.009573673327506));
#5607=CARTESIAN_POINT('',(0.000854463589052001,0.030657081663902,-0.009568270939756));
#5608=CARTESIAN_POINT('',(0.000855895303597001,0.030661391720396,-0.009562811836009));
#5609=CARTESIAN_POINT('',(0.000857474825425003,0.030665529106412,-0.009557309438249));
#5610=CARTESIAN_POINT('',(0.000860455881153001,0.030672361079451,-0.009547773352857));
#5611=CARTESIAN_POINT('',(0.000861786188815002,0.030675138701596,-0.009543753463325));
#5612=CARTESIAN_POINT('',(0.000863195661195002,0.030677824175305,-0.009539723782561));
#5613=CARTESIAN_POINT('',(0.000864684820232001,0.030680417132907,-0.009535689874026));
#5614=CARTESIAN_POINT('',(0.000866253972413002,0.030682917554682,-0.009531657400566));
#5615=CARTESIAN_POINT('',(0.000869296178690002,0.03068735978291,-0.009524232315419));
#5616=CARTESIAN_POINT('',(0.000870746268978002,0.030689328024949,-0.009520837614223));
#5617=CARTESIAN_POINT('',(0.000872253516936001,0.030691230700188,-0.009517451492476));
#5618=CARTESIAN_POINT('',(0.000873817809790001,0.030693068211639,-0.009514077367052));
#5619=CARTESIAN_POINT('',(0.000875438884687999,0.030694841160121,-0.009510718600047));
#5620=CARTESIAN_POINT('',(0.000878621957817002,0.030698084462456,-0.009504380512769));
#5621=CARTESIAN_POINT('',(0.000880173001167002,0.030699567208473,-0.009501397549493));
#5622=CARTESIAN_POINT('',(0.000881769154814999,0.030700999163837,-0.009498431994358));
#5623=CARTESIAN_POINT('',(0.000883410019064002,0.030702381026918,-0.009495486139622));
#5624=CARTESIAN_POINT('',(0.000885095098468999,0.030703713612939,-0.009492562184394));
#5625=CARTESIAN_POINT('',(0.000888428318066001,0.030706189837291,-0.009486970612358));
#5626=CARTESIAN_POINT('',(0.000890070419333002,0.030707340168603,-0.009484299663045));
#5627=CARTESIAN_POINT('',(0.000891749631964003,0.030708449594739,-0.009481651064967));
#5628=CARTESIAN_POINT('',(0.000893465424729002,0.030709518928916,-0.009479026400808));
#5629=CARTESIAN_POINT('',(0.000895217208833,0.030710549050732,-0.009476427157669));
#5630=CARTESIAN_POINT('',(0.000898698667219002,0.030712481257771,-0.009471415874392));
#5631=CARTESIAN_POINT('',(0.000900424769894,0.030713387210136,-0.009469001119165));
#5632=CARTESIAN_POINT('',(0.000902182095856002,0.030714259569604,-0.009466611643159));
#5633=CARTESIAN_POINT('',(0.000903970063452001,0.030715099176108,-0.009464248542858));
#5634=CARTESIAN_POINT('',(0.000905788059468001,0.030715906903166,-0.009461912829452));
#5635=CARTESIAN_POINT('',(0.000909412426916001,0.030717430815421,-0.009457385948552));
#5636=CARTESIAN_POINT('',(0.000911216604895002,0.03071814931276,-0.009455192664238));
#5637=CARTESIAN_POINT('',(0.000913047400441999,0.030718839956809,-0.00945302639739));
#5638=CARTESIAN_POINT('',(0.000914904226695001,0.03071950356666,-0.009450887898461));
#5639=CARTESIAN_POINT('',(0.000916786482545003,0.030720140973583,-0.009448777846854));
#5640=CARTESIAN_POINT('',(0.000920546941119999,0.03072134784011,-0.00944467443241));
#5641=CARTESIAN_POINT('',(0.000922423768838002,0.030721918704852,-0.009442679457833));
#5642=CARTESIAN_POINT('',(0.000924323472197001,0.030722466388859,-0.009440712484178));
#5643=CARTESIAN_POINT('',(0.000926245484555003,0.030722991664164,-0.00943877401189));
#5644=CARTESIAN_POINT('',(0.000928189236227998,0.030723495301228,-0.009436864484873));
#5645=CARTESIAN_POINT('',(0.000932078138531002,0.03072445077938,-0.009433143265326));
#5646=CARTESIAN_POINT('',(0.000934022417994004,0.03072490347921,-0.009431330364934));
#5647=CARTESIAN_POINT('',(0.000935986456261004,0.030725336889659,-0.009429545952281));
#5648=CARTESIAN_POINT('',(0.000937969720595001,0.03072575172184,-0.009427790347007));
#5649=CARTESIAN_POINT('',(0.000939971682130999,0.03072614867675,-0.009426063825428));
#5650=CARTESIAN_POINT('',(0.000943980828170002,0.030726902363217,-0.009422695562196));
#5651=CARTESIAN_POINT('',(0.000945987458007003,0.030727259619101,-0.00942105292591));
#5652=CARTESIAN_POINT('',(0.000948011205131001,0.03072760087186,-0.009419438933827));
#5653=CARTESIAN_POINT('',(0.0009500515771,0.030727926765302,-0.009417853776137));
#5654=CARTESIAN_POINT('',(0.000952108089294003,0.030728237928111,-0.009416297611072));
#5655=CARTESIAN_POINT('',(0.000956228864296003,0.030728828639939,-0.009413260892763));
#5656=CARTESIAN_POINT('',(0.000958292773159002,0.030729108507687,-0.009411779682298));
#5657=CARTESIAN_POINT('',(0.000960371531416003,0.030729375169558,-0.009410327055538));
#5658=CARTESIAN_POINT('',(0.000962464688693002,0.030729629200241,-0.00940890311198));
#5659=CARTESIAN_POINT('',(0.000964571804329004,0.030729871156653,-0.0094075079286));
#5660=CARTESIAN_POINT('',(0.000968795258690001,0.030730330061682,-0.009404786680419));
#5661=CARTESIAN_POINT('',(0.000970911370967002,0.030730547203118,-0.009403460134502));
#5662=CARTESIAN_POINT('',(0.000973040364495002,0.030730753527619,-0.009402161975325));
#5663=CARTESIAN_POINT('',(0.000975181829744001,0.030730949541675,-0.009400892241228));
#5664=CARTESIAN_POINT('',(0.000977335367366002,0.030731135732884,-0.009399650955674));
#5665=CARTESIAN_POINT('',(0.000981652270202998,0.030731488301289,-0.009397232882462));
#5666=CARTESIAN_POINT('',(0.000983815489585003,0.030731654794959,-0.009396055741257));
#5667=CARTESIAN_POINT('',(0.000985989864764,0.030731812510757,-0.009394906712232));
#5668=CARTESIAN_POINT('',(0.000988175023797003,0.030731961889427,-0.009393785795181));
#5669=CARTESIAN_POINT('',(0.000990370604371002,0.030732103352662,-0.009392692981099));
#5670=CARTESIAN_POINT('',(0.000994771484351002,0.030732370620806,-0.009390568552741));
#5671=CARTESIAN_POINT('',(0.000996976688449003,0.030732496496518,-0.00938953667476));
#5672=CARTESIAN_POINT('',(0.000999191518657003,0.030732615327105,-0.009388532600862));
#5673=CARTESIAN_POINT('',(0.001001415635816,0.03073272749077,-0.009387556309609));
#5674=CARTESIAN_POINT('',(0.001003648709045,0.030732833347063,-0.009386607775501));
#5675=CARTESIAN_POINT('',(0.001008123889089,0.030733032759812,-0.009384769544392));
#5676=CARTESIAN_POINT('',(0.001010365931977,0.030733126360081,-0.00938387964489));
#5677=CARTESIAN_POINT('',(0.00101261622559,0.030733214374784,-0.009383017241415));
#5678=CARTESIAN_POINT('',(0.001014874457293,0.030733297123029,-0.009382182304443));
#5679=CARTESIAN_POINT('',(0.001017140320637,0.030733374905932,-0.009381374803973));
#5680=CARTESIAN_POINT('',(0.001021679949985,0.030733520889912,-0.009379816934961));
#5681=CARTESIAN_POINT('',(0.00102395367158,0.030733589118892,-0.009379066404269));
#5682=CARTESIAN_POINT('',(0.001026234382793,0.03073365297415,-0.009378343087454));
#5683=CARTESIAN_POINT('',(0.001028521789539,0.030733712719035,-0.009377646956581));
#5684=CARTESIAN_POINT('',(0.001030815600993,0.030733768599645,-0.009376977985789));
#5685=CARTESIAN_POINT('',(0.001035409686345,0.030733872958901,-0.009375695927516));
#5686=CARTESIAN_POINT('',(0.001037709928429,0.030733921455866,-0.009375082704405));
#5687=CARTESIAN_POINT('',(0.00104001597069,0.030733966562874,-0.009374496458575));
#5688=CARTESIAN_POINT('',(0.001042327527359,0.030734008490521,-0.009373937170176));
#5689=CARTESIAN_POINT('',(0.001044644312059,0.030734047432853,-0.009373404822892));
#5690=CARTESIAN_POINT('',(0.001049282747097,0.030734119623803,-0.009372395077011));
#5691=CARTESIAN_POINT('',(0.001051604374745,0.030734152884622,-0.009371917562308));
#5692=CARTESIAN_POINT('',(0.001053930635698,0.030734183526198,-0.009371466847427));
#5693=CARTESIAN_POINT('',(0.001056261239667,0.030734211708934,-0.009371042923666));
#5694=CARTESIAN_POINT('',(0.001058595891125,0.030734237577261,-0.009370645786015));
#5695=CARTESIAN_POINT('',(0.001063268478041,0.030734284899377,-0.009369905746996));
#5696=CARTESIAN_POINT('',(0.001065606398879,0.030734306361089,-0.009369562749072));
#5697=CARTESIAN_POINT('',(0.001067947752163,0.030734325772564,-0.009369246438433));
#5698=CARTESIAN_POINT('',(0.001070292229012,0.030734343246052,-0.009368956816441));
#5699=CARTESIAN_POINT('',(0.001072639511323,0.030734358878255,-0.009368693886777));
#5700=CARTESIAN_POINT('',(0.00107733595862,0.030734386604267,-0.009368221733104));
#5701=CARTESIAN_POINT('',(0.001079685117183,0.030734398702717,-0.009368012438804));
#5702=CARTESIAN_POINT('',(0.001082036419916,0.030734409126548,-0.009367829778658));
#5703=CARTESIAN_POINT('',(0.001084389530098,0.030734417941359,-0.009367673758558));
#5704=CARTESIAN_POINT('',(0.001086744101835,0.030734425197482,-0.009367544384158));
#5705=CARTESIAN_POINT('',(0.001090915383875,0.030734435348226,-0.009367362488454));
#5706=CARTESIAN_POINT('',(0.001092731645678,0.030734438861403,-0.009367299147351));
#5707=CARTESIAN_POINT('',(0.001094548402784,0.030734441485571,-0.009367251640059));
#5708=CARTESIAN_POINT('',(0.001096365491236,0.030734443231438,-0.009367219968134));
#5709=CARTESIAN_POINT('',(0.001098182745808,0.03073444410437,-0.00936720413221));
#5710=CARTESIAN_POINT('',(0.0011,0.030734444104382,-0.009367204131992));
#5711=CARTESIAN_POINT('',(0.0011,0.03030854799092,-0.009689493901609));
#5712=CARTESIAN_POINT('',(0.0011,0.030734444104382,-0.009367204131992));
#5713=CARTESIAN_POINT('',(0.004,0.03030854799092,-0.009689493901609));
#5714=CARTESIAN_POINT('',(0.004,0.030734444104382,-0.009367204131992));
#5715=CARTESIAN_POINT('',(0.0038,0.031077795786903,-0.008977759353256));
#5716=CARTESIAN_POINT('',(0.0038,0.0319,-0.01135));
#5717=CARTESIAN_POINT('',(0.0038,0.029873314592727,-0.0102625505713153));
#5718=CARTESIAN_POINT('',(0.0038,0.0301787728507752,-0.00982442564888785));
#5719=CARTESIAN_POINT('',(0.0038,0.029840454751713,-0.009914096512868));
#5720=CARTESIAN_POINT('',(0.0038,0.029840454751713,-0.009914096512868));
#5721=CARTESIAN_POINT('',(0.0011,0.029873314592727,-0.010262550571315));
#5722=CARTESIAN_POINT('',(0.001097672212819,0.029873314593005,-0.010262550571289));
#5723=CARTESIAN_POINT('',(0.001095344424361,0.029873340501191,-0.010262548128103));
#5724=CARTESIAN_POINT('',(0.001093016994337,0.029873392317457,-0.010262543241735));
#5725=CARTESIAN_POINT('',(0.001090690278117,0.029873470038695,-0.010262535897903));
#5726=CARTESIAN_POINT('',(0.001088364626725,0.029873573658518,-0.010262526068068));
#5727=CARTESIAN_POINT('',(0.001083685408459,0.029873834388778,-0.010262501187356));
#5728=CARTESIAN_POINT('',(0.001081331877639,0.029873992189113,-0.010262486069098));
#5729=CARTESIAN_POINT('',(0.001078980153407,0.029874176558235,-0.010262468310142));
#5730=CARTESIAN_POINT('',(0.00107663058491,0.029874387485199,-0.010262447850742));
#5731=CARTESIAN_POINT('',(0.001074283511416,0.029874624958138,-0.010262424615916));
#5732=CARTESIAN_POINT('',(0.001069591298303,0.029875153388765,-0.010262372373631));
#5733=CARTESIAN_POINT('',(0.001067246167918,0.029875444431067,-0.01026234335703));
#5734=CARTESIAN_POINT('',(0.00106490420082,0.029875762078553,-0.01026231137502));
#5735=CARTESIAN_POINT('',(0.001062565717875,0.029876106320067,-0.010262276321374));
#5736=CARTESIAN_POINT('',(0.001060231031164,0.029876477145922,-0.010262238074266));
#5737=CARTESIAN_POINT('',(0.001055564919903,0.029877272791683,-0.010262154830204));
#5738=CARTESIAN_POINT('',(0.00105323351398,0.029877697724433,-0.010262109819069));
#5739=CARTESIAN_POINT('',(0.001050906531106,0.029878149338222,-0.010262061324579));
#5740=CARTESIAN_POINT('',(0.00104858427166,0.029878627627614,-0.010262009192403));
#5741=CARTESIAN_POINT('',(0.001046267031508,0.029879132589653,-0.010261953252172));
#5742=CARTESIAN_POINT('',(0.001041637291747,0.029880197210375,-0.01026183323032));
#5743=CARTESIAN_POINT('',(0.001039324820505,0.02988075700472,-0.010261769128295));
#5744=CARTESIAN_POINT('',(0.001037017982012,0.029881343606718,-0.010261700823568));
#5745=CARTESIAN_POINT('',(0.00103471706993,0.029881957018171,-0.010261628111759));
#5746=CARTESIAN_POINT('',(0.001032422377843,0.029882597242874,-0.010261550771935));
#5747=CARTESIAN_POINT('',(0.00102783918931,0.029883933321805,-0.010261386115864));
#5748=CARTESIAN_POINT('',(0.001025550732874,0.02988462933596,-0.010261298770464));
#5749=CARTESIAN_POINT('',(0.001023269126364,0.029885352335127,-0.010261206290793));
#5750=CARTESIAN_POINT('',(0.001020994669665,0.029886102325627,-0.010261108420126));
#5751=CARTESIAN_POINT('',(0.001018727666134,0.029886879314048,-0.01026100488464));
#5752=CARTESIAN_POINT('',(0.001014201114175,0.029888490170494,-0.010260785511316));
#5753=CARTESIAN_POINT('',(0.001011941622021,0.029889324231018,-0.010260669630843));
#5754=CARTESIAN_POINT('',(0.001009690256533,0.029890185495935,-0.010260547457903));
#5755=CARTESIAN_POINT('',(0.001007447334155,0.029891073969872,-0.010260418680796));
#5756=CARTESIAN_POINT('',(0.001005213177389,0.029891989654973,-0.010260282970207));
#5757=CARTESIAN_POINT('',(0.001000753228816,0.029893879609585,-0.010259996356911));
#5758=CARTESIAN_POINT('',(0.000998527518013999,0.029894854119068,-0.010259845389785));
#5759=CARTESIAN_POINT('',(0.000996311315568002,0.029895856079166,-0.01025968672621));
#5760=CARTESIAN_POINT('',(0.000994104962463001,0.029896885483459,-0.010259519996605));
#5761=CARTESIAN_POINT('',(0.000991908807478001,0.029897942319292,-0.010259344813429));
#5762=CARTESIAN_POINT('',(0.000987525280591001,0.029900116931181,-0.01025897569097));
#5763=CARTESIAN_POINT('',(0.000985338028377001,0.029901235016305,-0.010258781651579));
#5764=CARTESIAN_POINT('',(0.000983161813488002,0.029902380804088,-0.010258578240478));
#5765=CARTESIAN_POINT('',(0.000980997007616002,0.029903554264396,-0.010258365027202));
#5766=CARTESIAN_POINT('',(0.000978843991209004,0.029904755356024,-0.010258141563345));
#5767=CARTESIAN_POINT('',(0.000974546524716,0.029907221760138,-0.010257671474445));
#5768=CARTESIAN_POINT('',(0.000972402255014,0.029908487479787,-0.010257424690976));
#5769=CARTESIAN_POINT('',(0.000970270742609001,0.029909781132316,-0.010257166555221));
#5770=CARTESIAN_POINT('',(0.000968152394597001,0.029911102647263,-0.010256896572987));
#5771=CARTESIAN_POINT('',(0.000966047626916999,0.029912451937023,-0.010256614232825));
#5772=CARTESIAN_POINT('',(0.000961845647803002,0.029915219327519,-0.01025602089102));
#5773=CARTESIAN_POINT('',(0.000959748711501,0.029916637970932,-0.010255709636493));
#5774=CARTESIAN_POINT('',(0.000957666493321001,0.029918084719291,-0.010255384697786));
#5775=CARTESIAN_POINT('',(0.000955599438971,0.029919559440182,-0.010255045514728));
#5776=CARTESIAN_POINT('',(0.000953548001999004,0.029921061976572,-0.01025469151164));
#5777=CARTESIAN_POINT('',(0.000949450690312999,0.029924142311226,-0.01025394785603));
#5778=CARTESIAN_POINT('',(0.000947405237924002,0.029925720834882,-0.010253557798961));
#5779=CARTESIAN_POINT('',(0.000945376766992002,0.02992732752882,-0.010253151311072));
#5780=CARTESIAN_POINT('',(0.000943365763213001,0.029928962170438,-0.010252727765191));
#5781=CARTESIAN_POINT('',(0.000941372717611005,0.029930624503493,-0.010252286522022));
#5782=CARTESIAN_POINT('',(0.000937388964305001,0.029934033556606,-0.010251359291746));
#5783=CARTESIAN_POINT('',(0.000935398907359001,0.029935781243066,-0.010250872657807));
#5784=CARTESIAN_POINT('',(0.000933428479435002,0.029937556991721,-0.010250366341618));
#5785=CARTESIAN_POINT('',(0.000931478204969999,0.029939360452559,-0.010249839650175));
#5786=CARTESIAN_POINT('',(0.000929548609105001,0.029941191231311,-0.010249291884188));
#5787=CARTESIAN_POINT('',(0.000925686959507,0.029944950221608,-0.010248139401806));
#5788=CARTESIAN_POINT('',(0.000923755912810003,0.029946879710643,-0.010247533651145));
#5789=CARTESIAN_POINT('',(0.000921847642457001,0.029948836885505,-0.010246904329033));
#5790=CARTESIAN_POINT('',(0.000919962706399002,0.029950821218878,-0.010246250681527));
#5791=CARTESIAN_POINT('',(0.000918101655677999,0.029952832127188,-0.01024557195781));
#5792=CARTESIAN_POINT('',(0.000914370222905001,0.029956970347983,-0.010244140540162));
#5793=CARTESIAN_POINT('',(0.000912501410918004,0.029959099329365,-0.01024338618653));
#5794=CARTESIAN_POINT('',(0.000910659197153999,0.029961255210486,-0.010242603527761));
#5795=CARTESIAN_POINT('',(0.000908844161562002,0.029963437218115,-0.010241791760056));
#5796=CARTESIAN_POINT('',(0.000907056865354,0.029965644510049,-0.010240950097351));
#5797=CARTESIAN_POINT('',(0.000903463176796002,0.029970203829996,-0.010239167924228));
#5798=CARTESIAN_POINT('',(0.000901659266472003,0.029972558000744,-0.010238224722587));
#5799=CARTESIAN_POINT('',(0.000899886736638003,0.029974937650618,-0.010237247294389));
#5800=CARTESIAN_POINT('',(0.000898146167409002,0.029977341662185,-0.010236234807559));
#5801=CARTESIAN_POINT('',(0.000896438102414004,0.029979768837321,-0.010235186469954));
#5802=CARTESIAN_POINT('',(0.00089298878154,0.029984812015213,-0.010232952327599));
#5803=CARTESIAN_POINT('',(0.000891251548198999,0.029987430691076,-0.010231762062254));
#5804=CARTESIAN_POINT('',(0.000889551951804003,0.02999007240049,-0.010230529839968));
#5805=CARTESIAN_POINT('',(0.000887890532854999,0.029992735531646,-0.010229254840841));
#5806=CARTESIAN_POINT('',(0.000886267769325998,0.029995418385229,-0.010227936318425));
#5807=CARTESIAN_POINT('',(0.000882967749712003,0.03000104615474,-0.010225096753323));
#5808=CARTESIAN_POINT('',(0.000881297308687003,0.030003994210024,-0.010223568001092));
#5809=CARTESIAN_POINT('',(0.000879673280326003,0.030006961059406,-0.010221986488767));
#5810=CARTESIAN_POINT('',(0.000878096091378004,0.030009944342011,-0.010220351486971));
#5811=CARTESIAN_POINT('',(0.000876566068595999,0.030012941616962,-0.010218662391216));
#5812=CARTESIAN_POINT('',(0.000873416164361002,0.030019333814604,-0.010214957898608));
#5813=CARTESIAN_POINT('',(0.000871808823212004,0.03002273179201,-0.010212928062167));
#5814=CARTESIAN_POINT('',(0.000870261728407002,0.030026140703721,-0.010210828536526));
#5815=CARTESIAN_POINT('',(0.000868775041659001,0.030029556925573,-0.010208658854375));
#5816=CARTESIAN_POINT('',(0.000867348773285002,0.030032976801107,-0.010206418757152));
#5817=CARTESIAN_POINT('',(0.000864335040419002,0.030040521861802,-0.01020132105405));
#5818=CARTESIAN_POINT('',(0.000862775027070002,0.03004464706823,-0.010198431369595));
#5819=CARTESIAN_POINT('',(0.000861302457360002,0.030048765792418,-0.010195439065577));
#5820=CARTESIAN_POINT('',(0.000859916846417001,0.030052871718601,-0.010192344441885));
#5821=CARTESIAN_POINT('',(0.000858617509303002,0.030056958683697,-0.010189148174396));
#5822=CARTESIAN_POINT('',(0.000855608448323001,0.030067027305644,-0.010180976120391));
#5823=CARTESIAN_POINT('',(0.000854000102460003,0.030072979352078,-0.01017588096051));
#5824=CARTESIAN_POINT('',(0.000852575797441,0.030078857651078,-0.010170569044317));
#5825=CARTESIAN_POINT('',(0.000851332352587001,0.030084644273669,-0.010165045062872));
#5826=CARTESIAN_POINT('',(0.000850266871206002,0.030090322660648,-0.010159314880764));
#5827=CARTESIAN_POINT('',(0.000847352944046004,0.030108522896223,-0.010139887475457));
#5828=CARTESIAN_POINT('',(0.000846241610832001,0.03012052340086,-0.010125362317914));
#5829=CARTESIAN_POINT('',(0.000846018256905001,0.030131717057804,-0.010109875252951));
#5830=CARTESIAN_POINT('',(0.000846691676556002,0.030141948601475,-0.010093537058736));
#5831=CARTESIAN_POINT('',(0.000848332893284003,0.030151078302372,-0.010076517232785));
#5832=CARTESIAN_POINT('',(0.000852023852302004,0.030161938218279,-0.010052653596712));
#5833=CARTESIAN_POINT('',(0.000853158881124,0.030164696378908,-0.010046181546133));
#5834=CARTESIAN_POINT('',(0.000854440677561002,0.030167288204135,-0.010039667113133));
#5835=CARTESIAN_POINT('',(0.000855873357850003,0.030169709953154,-0.010033126220777));
#5836=CARTESIAN_POINT('',(0.000857460412271,0.030171959395527,-0.010026576501737));
#5837=CARTESIAN_POINT('',(0.000860451689761999,0.030175522350836,-0.010015357612768));
#5838=CARTESIAN_POINT('',(0.000861779533561001,0.030176920119654,-0.010010683293595));
#5839=CARTESIAN_POINT('',(0.000863188372770003,0.030178229383869,-0.010006021260278));
#5840=CARTESIAN_POINT('',(0.000864678643953003,0.030179450590289,-0.010001378631911));
#5841=CARTESIAN_POINT('',(0.000866250379741002,0.030180584765083,-0.009996762541645));
#5842=CARTESIAN_POINT('',(0.000869296115675003,0.03018251733731,-0.009988318356196));
#5843=CARTESIAN_POINT('',(0.000870746614078002,0.030183340488235,-0.009984480437735));
#5844=CARTESIAN_POINT('',(0.000872254456474004,0.030184103946866,-0.009980670636417));
#5845=CARTESIAN_POINT('',(0.000873819179082001,0.030184808962361,-0.009976892988892));
#5846=CARTESIAN_POINT('',(0.000875440101915002,0.030185457052726,-0.009973151313354));
#5847=CARTESIAN_POINT('',(0.000878624710032003,0.03018658358285,-0.009966117808453));
#5848=CARTESIAN_POINT('',(0.000880177884178001,0.030187072500431,-0.009962818425629));
#5849=CARTESIAN_POINT('',(0.000881775195368001,0.030187518063349,-0.009959553659457));
#5850=CARTESIAN_POINT('',(0.000883415881700999,0.030187921694408,-0.009956325879815));
#5851=CARTESIAN_POINT('',(0.000885099075217003,0.030188284933433,-0.009953137228061));
#5852=CARTESIAN_POINT('',(0.000888432892174003,0.030188912184342,-0.009947053041465));
#5853=CARTESIAN_POINT('',(0.000890078142357,0.030189181205652,-0.009944152181495));
#5854=CARTESIAN_POINT('',(0.000891758764985002,0.030189417844785,-0.009941288575259));
#5855=CARTESIAN_POINT('',(0.000893473928932003,0.030189623482409,-0.009938463574849));
#5856=CARTESIAN_POINT('',(0.000895222759416,0.030189799536273,-0.00993567834631));
#5857=CARTESIAN_POINT('',(0.000898704300716001,0.030190088609554,-0.009930315120164));
#5858=CARTESIAN_POINT('',(0.000900434086258999,0.030190204139918,-0.009927733476231));
#5859=CARTESIAN_POINT('',(0.000902192900964001,0.03019029531317,-0.009925189781846));
#5860=CARTESIAN_POINT('',(0.000903979941553001,0.030190363385812,-0.009922684744211));
#5861=CARTESIAN_POINT('',(0.000905794395136002,0.030190409609976,-0.009920218933739));
#5862=CARTESIAN_POINT('',(0.000909418550187002,0.030190460050568,-0.009915442979282));
#5863=CARTESIAN_POINT('',(0.000911226608298,0.03019046553885,-0.009913130383208));
#5864=CARTESIAN_POINT('',(0.000913058869650003,0.030190452829287,-0.009910855386992));
#5865=CARTESIAN_POINT('',(0.000914914598251,0.030190423028503,-0.009908618287493));
#5866=CARTESIAN_POINT('',(0.000916793066008,0.030190377218731,-0.009906419287266));
#5867=CARTESIAN_POINT('',(0.00092055314572,0.03019025700432,-0.009902144196713));
#5868=CARTESIAN_POINT('',(0.000922433822167001,0.030190183234065,-0.009900066484778));
#5869=CARTESIAN_POINT('',(0.000924334909679001,0.030190096136223,-0.009898025459648));
#5870=CARTESIAN_POINT('',(0.000926255751856002,0.0301899966674,-0.009896021160821));
#5871=CARTESIAN_POINT('',(0.000928195708293,0.03018988575164,-0.009894053566387));
#5872=CARTESIAN_POINT('',(0.000932084145367003,0.030189644574137,-0.00989021967601));
#5873=CARTESIAN_POINT('',(0.000934032093276003,0.030189514616139,-0.009888352327885));
#5874=CARTESIAN_POINT('',(0.000935997402154002,0.030189375258466,-0.009886520469365));
#5875=CARTESIAN_POINT('',(0.000937979494708002,0.03018922731877,-0.00988472398387));
#5876=CARTESIAN_POINT('',(0.000939977812506002,0.030189071580318,-0.009882962717536));
#5877=CARTESIAN_POINT('',(0.000943986457514,0.030188747568661,-0.00987952683636));
#5878=CARTESIAN_POINT('',(0.000945996484537002,0.030188579430374,-0.009877851554607));
#5879=CARTESIAN_POINT('',(0.000948021373729003,0.030188405103982,-0.009876210448982));
#5880=CARTESIAN_POINT('',(0.000950060620696001,0.030188225283344,-0.009874603314339));
#5881=CARTESIAN_POINT('',(0.000952113739970003,0.030188040629326,-0.009873029925361));
#5882=CARTESIAN_POINT('',(0.000956234009709001,0.03018766407827,-0.009869959671135));
#5883=CARTESIAN_POINT('',(0.000958300994440001,0.030187472233511,-0.009868462395289));
#5884=CARTESIAN_POINT('',(0.000960380761728,0.030187276851509,-0.009866997968751));
#5885=CARTESIAN_POINT('',(0.000962472871651,0.030187078518097,-0.009865566142951));
#5886=CARTESIAN_POINT('',(0.000964576901839001,0.030186877788956,-0.00986416666102));
#5887=CARTESIAN_POINT('',(0.000968799865725001,0.030186473368611,-0.009861437107778));
#5888=CARTESIAN_POINT('',(0.000970918710482001,0.030186269692344,-0.009860106792246));
#5889=CARTESIAN_POINT('',(0.000973048581827,0.030186064680199,-0.009858808049641));
#5890=CARTESIAN_POINT('',(0.000975189095312003,0.030185858824729,-0.009857540618213));
#5891=CARTESIAN_POINT('',(0.000977339881967004,0.030185652591658,-0.009856304236016));
#5892=CARTESIAN_POINT('',(0.000981656319742001,0.030185240722796,-0.009853895821593));
#5893=CARTESIAN_POINT('',(0.000983821924505003,0.030185035087355,-0.009852723649011));
#5894=CARTESIAN_POINT('',(0.000985997051656001,0.030184829949427,-0.00985158186325));
#5895=CARTESIAN_POINT('',(0.000988181363319005,0.030184625721335,-0.009850470209656));
#5896=CARTESIAN_POINT('',(0.000990374534664003,0.030184422791861,-0.009849388438821));
#5897=CARTESIAN_POINT('',(0.000994774979992005,0.030184020534238,-0.009847285604698));
#5898=CARTESIAN_POINT('',(0.000996982229949001,0.030183821202165,-0.009846264461745));
#5899=CARTESIAN_POINT('',(0.000999197693359002,0.030183623893835,-0.009845272634883));
#5900=CARTESIAN_POINT('',(0.001001421070185,0.030183428952507,-0.009844309890116));
#5901=CARTESIAN_POINT('',(0.001003652070772,0.030183236700882,-0.009843376002298));
#5902=CARTESIAN_POINT('',(0.001008126847789,0.030182858343102,-0.009841566281692));
#5903=CARTESIAN_POINT('',(0.001010370610782,0.030182672232356,-0.009840690400556));
#5904=CARTESIAN_POINT('',(0.001012621426371,0.030182489410344,-0.009839842896211));
#5905=CARTESIAN_POINT('',(0.001014879023521,0.030182310160542,-0.009839023564293));
#5906=CARTESIAN_POINT('',(0.001017143138617,0.030182134748436,-0.009838232211584));
#5907=CARTESIAN_POINT('',(0.001021682395238,0.030181792207579,-0.009836705603933));
#5908=CARTESIAN_POINT('',(0.001023957527478,0.03018162507387,-0.009835970312728));
#5909=CARTESIAN_POINT('',(0.001026238656636,0.030181462267515,-0.009835262600877));
#5910=CARTESIAN_POINT('',(0.001028525531134,0.030181304019706,-0.009834582299316));
#5911=CARTESIAN_POINT('',(0.001030817903368,0.030181150545709,-0.009833929251441));
#5912=CARTESIAN_POINT('',(0.001035411643249,0.030180853641794,-0.009832677786901));
#5913=CARTESIAN_POINT('',(0.001037713002747,0.030180710205647,-0.009832079334748));
#5914=CARTESIAN_POINT('',(0.001040019365214,0.030180571935502,-0.009831507812978));
#5915=CARTESIAN_POINT('',(0.001042330487489,0.030180439016012,-0.009830963090798));
#5916=CARTESIAN_POINT('',(0.001044646126229,0.030180311617411,-0.009830445050292));
#5917=CARTESIAN_POINT('',(0.001049284238838,0.030180068263365,-0.009829462484969));
#5918=CARTESIAN_POINT('',(0.001051606705012,0.030179952299739,-0.009828997920951));
#5919=CARTESIAN_POINT('',(0.001053933193491,0.030179842160247,-0.009828559789804));
#5920=CARTESIAN_POINT('',(0.001056263456405,0.030179737986945,-0.009828147999235));
#5921=CARTESIAN_POINT('',(0.001058597240955,0.030179639908331,-0.009827762469217));
#5922=CARTESIAN_POINT('',(0.001063269523479,0.030179456241671,-0.009827044073752));
#5923=CARTESIAN_POINT('',(0.001065608015233,0.030179370644025,-0.009826711167348));
#5924=CARTESIAN_POINT('',(0.001067949507032,0.030179291361227,-0.009826404345465));
#5925=CARTESIAN_POINT('',(0.001070293732275,0.030179218494697,-0.00982612355121));
#5926=CARTESIAN_POINT('',(0.001072640415398,0.030179152132447,-0.009825868738113));
#5927=CARTESIAN_POINT('',(0.001077336570862,0.030179032605371,-0.009825411153914));
#5928=CARTESIAN_POINT('',(0.001079686040361,0.030178979431737,-0.009825208347889));
#5929=CARTESIAN_POINT('',(0.001082037394944,0.030178932902733,-0.009825031416176));
#5930=CARTESIAN_POINT('',(0.0010843903402,0.030178893079082,-0.009824880330582));
#5931=CARTESIAN_POINT('',(0.001086744572734,0.030178860007691,-0.009824755070596));
#5932=CARTESIAN_POINT('',(0.001090915513799,0.030178813456564,-0.009824578955148));
#5933=CARTESIAN_POINT('',(0.001092731827547,0.030178797224316,-0.009824517628552));
#5934=CARTESIAN_POINT('',(0.001094548578165,0.030178785040066,-0.009824471637714));
#5935=CARTESIAN_POINT('',(0.001096365621152,0.030178776913903,-0.009824440978614));
#5936=CARTESIAN_POINT('',(0.001098182810763,0.030178772850831,-0.009824425649099));
#5937=CARTESIAN_POINT('',(0.0011,0.030178772850775,-0.009824425648888));
#5938=CARTESIAN_POINT('',(0.0011,0.029873314592727,-0.010262550571315));
#5939=CARTESIAN_POINT('',(0.0011,0.030178772850775,-0.009824425648888));
#5940=CARTESIAN_POINT('',(0.004,0.029873314592727,-0.010262550571315));
#5941=CARTESIAN_POINT('',(0.004,0.030178772850775,-0.009824425648888));
#5942=CARTESIAN_POINT('',(0.0038,0.031077795786903,-0.008977759353256));
#5943=CARTESIAN_POINT('',(0.0038,0.0319,-0.01135));
#5944=CARTESIAN_POINT('',(0.0038,0.0296364672829459,-0.0109420543678072));
#5945=CARTESIAN_POINT('',(0.0038,0.0297915873030292,-0.0104309810125719));
#5946=CARTESIAN_POINT('',(0.0038,0.029497537491206,-0.010620809114197));
#5947=CARTESIAN_POINT('',(0.0038,0.029497537491206,-0.010620809114197));
#5948=CARTESIAN_POINT('',(0.0011,0.029636467282946,-0.010942054367807));
#5949=CARTESIAN_POINT('',(0.00109800444294,0.029636467283166,-0.010942054367712));
#5950=CARTESIAN_POINT('',(0.001096008884739,0.029636484349365,-0.010942046987058));
#5951=CARTESIAN_POINT('',(0.001094013593727,0.029636518481604,-0.010942032225796));
#5952=CARTESIAN_POINT('',(0.001092018835912,0.029636569673549,-0.010942010079884));
#5953=CARTESIAN_POINT('',(0.001090024874975,0.029636637912469,-0.010941980541287));
#5954=CARTESIAN_POINT('',(0.001088031972274,0.029636723179239,-0.010941943597979));
#5955=CARTESIAN_POINT('',(0.001084020562442,0.029636929167528,-0.01094185424086));
#5956=CARTESIAN_POINT('',(0.001082002091401,0.029637050375092,-0.010941801614963));
#5957=CARTESIAN_POINT('',(0.001079985242934,0.029637189044374,-0.010941741339517));
#5958=CARTESIAN_POINT('',(0.001077970280635,0.029637345143172,-0.010941673393188));
#5959=CARTESIAN_POINT('',(0.001075957462472,0.029637518633733,-0.010941597750038));
#5960=CARTESIAN_POINT('',(0.001073947040793,0.029637709472762,-0.010941514379532));
#5961=CARTESIAN_POINT('',(0.001069924519869,0.029638126471993,-0.01094133179743));
#5962=CARTESIAN_POINT('',(0.00106791243883,0.029638352752843,-0.010941232531785));
#5963=CARTESIAN_POINT('',(0.001065903267658,0.029638596404706,-0.010941125414028));
#5964=CARTESIAN_POINT('',(0.0010638972489,0.029638857374013,-0.010941010403602));
#5965=CARTESIAN_POINT('',(0.001061894619197,0.029639135602888,-0.010940887454952));
#5966=CARTESIAN_POINT('',(0.001059895609281,0.029639431029148,-0.010940756517528));
#5967=CARTESIAN_POINT('',(0.001055895487214,0.029640057677354,-0.010940477871975));
#5968=CARTESIAN_POINT('',(0.001053894413482,0.029640389068115,-0.010940330084675));
#5969=CARTESIAN_POINT('',(0.001051897450685,0.029640737691277,-0.010940174117438));
#5970=CARTESIAN_POINT('',(0.001049904822014,0.029641103476011,-0.010940009908622));
#5971=CARTESIAN_POINT('',(0.001047916745948,0.029641486347957,-0.010939837391388));
#5972=CARTESIAN_POINT('',(0.001045933436257,0.029641886229229,-0.010939656493701));
#5973=CARTESIAN_POINT('',(0.001041964525519,0.02964272242687,-0.010939276611194));
#5974=CARTESIAN_POINT('',(0.001039978986918,0.029643158953468,-0.010939077521437));
#5975=CARTESIAN_POINT('',(0.001037998699221,0.029643612535402,-0.010938869790324));
#5976=CARTESIAN_POINT('',(0.00103602387206,0.029644083086609,-0.010938653333921));
#5977=CARTESIAN_POINT('',(0.001034054711676,0.029644570517763,-0.010938428063099));
#5978=CARTESIAN_POINT('',(0.001032091420922,0.029645074736278,-0.010938193883529));
#5979=CARTESIAN_POINT('',(0.001028162457345,0.029646120420865,-0.010937705703676));
#5980=CARTESIAN_POINT('',(0.001026196875417,0.029646662135475,-0.010937451569352));
#5981=CARTESIAN_POINT('',(0.001024237657539,0.02964722069222,-0.010937188190917));
#5982=CARTESIAN_POINT('',(0.001022285005341,0.029647795989819,-0.010936915461516));
#5983=CARTESIAN_POINT('',(0.001020339118018,0.029648387923624,-0.010936633269235));
#5984=CARTESIAN_POINT('',(0.00101840019233,0.029648996385619,-0.010936341497104));
#5985=CARTESIAN_POINT('',(0.001014519831594,0.029650251584484,-0.010935735923938));
#5986=CARTESIAN_POINT('',(0.001012578522027,0.029650898608395,-0.010935421953359));
#5987=CARTESIAN_POINT('',(0.001010644693469,0.029651562221884,-0.010935097986085));
#5988=CARTESIAN_POINT('',(0.001008718543606,0.02965224230696,-0.010934763892028));
#5989=CARTESIAN_POINT('',(0.001006800268241,0.029652938741909,-0.010934419536281));
#5990=CARTESIAN_POINT('',(0.001004890061289,0.029653651401297,-0.010934064779119));
#5991=CARTESIAN_POINT('',(0.001001066858465,0.029655116309442,-0.010933330464084));
#5992=CARTESIAN_POINT('',(0.000999154031337001,0.029655868886529,-0.010932950691169));
#5993=CARTESIAN_POINT('',(0.000997249831448999,0.029656637754126,-0.010932560008245));
#5994=CARTESIAN_POINT('',(0.000995354455189001,0.029657422774872,-0.010932158261809));
#5995=CARTESIAN_POINT('',(0.000993468097289001,0.029658223807146,-0.010931745293868));
#5996=CARTESIAN_POINT('',(0.000991590950818001,0.029659040705071,-0.010931320941939));
#5997=CARTESIAN_POINT('',(0.000987833334978001,0.029660715796557,-0.010930443971686));
#5998=CARTESIAN_POINT('',(0.000985953089784001,0.029661574364537,-0.010929991078253));
#5999=CARTESIAN_POINT('',(0.000984082669993003,0.029662448866926,-0.010929526185747));
#6000=CARTESIAN_POINT('',(0.000982222272304004,0.029663339143248,-0.010929049117099));
#6001=CARTESIAN_POINT('',(0.000980372091724,0.029664245028075,-0.010928559691171));
#6002=CARTESIAN_POINT('',(0.000978532321568002,0.029665166351026,-0.010928057722761));
#6003=CARTESIAN_POINT('',(0.000974848569591,0.029667052536103,-0.010927021170821));
#6004=CARTESIAN_POINT('',(0.000973004884407002,0.029668017825125,-0.010926486231284));
#6005=CARTESIAN_POINT('',(0.000971172297723002,0.029668998621091,-0.010925938006689));
#6006=CARTESIAN_POINT('',(0.000969351007412002,0.029669994735451,-0.010925376296216));
#6007=CARTESIAN_POINT('',(0.000967541209408004,0.02967100597385,-0.010924800895527));
#6008=CARTESIAN_POINT('',(0.000965743097704003,0.029672032136126,-0.010924211596763));
#6009=CARTESIAN_POINT('',(0.000962141307406003,0.029674130984049,-0.010922994874509));
#6010=CARTESIAN_POINT('',(0.000960338021910003,0.029675204156681,-0.010922366984277));
#6011=CARTESIAN_POINT('',(0.000958547209625002,0.029676292317916,-0.010921724295855));
#6012=CARTESIAN_POINT('',(0.000956769069909002,0.029677395244619,-0.010921066584447));
#6013=CARTESIAN_POINT('',(0.000955003799723003,0.029678512706815,-0.010920393622458));
#6014=CARTESIAN_POINT('',(0.000953251593629002,0.029679644467685,-0.010919705179492));
#6015=CARTESIAN_POINT('',(0.000949739654652001,0.02968195852838,-0.0109182830816));
#6016=CARTESIAN_POINT('',(0.000947980445655999,0.029683141383607,-0.010917548805844));
#6017=CARTESIAN_POINT('',(0.000946235220569001,0.029684338590971,-0.010916797947884));
#6018=CARTESIAN_POINT('',(0.000944504180068001,0.029685549884093,-0.010916030258689));
#6019=CARTESIAN_POINT('',(0.000942787521742001,0.0296867749885,-0.010915245487396));
#6020=CARTESIAN_POINT('',(0.000941085440094001,0.029688013621619,-0.010914443381313));
#6021=CARTESIAN_POINT('',(0.000937670999543002,0.029690546902789,-0.01091278464919));
#6022=CARTESIAN_POINT('',(0.000935959345571002,0.029691842182699,-0.010911927183783));
#6023=CARTESIAN_POINT('',(0.000934263370010003,0.02969315102072,-0.010911051016677));
#6024=CARTESIAN_POINT('',(0.000932583274192,0.029694473095435,-0.010910155874361));
#6025=CARTESIAN_POINT('',(0.000930919255393004,0.029695808075802,-0.010909241482836));
#6026=CARTESIAN_POINT('',(0.000929271506835,0.029697155621151,-0.010908307567609));
#6027=CARTESIAN_POINT('',(0.000925961923936004,0.029699914321879,-0.010906372659112));
#6028=CARTESIAN_POINT('',(0.000924301051519999,0.029701326191093,-0.010905370509059));
#6029=CARTESIAN_POINT('',(0.000922657806536002,0.029702750607274,-0.010904347104039));
#6030=CARTESIAN_POINT('',(0.000921032389696999,0.029704187177371,-0.010903302145955));
#6031=CARTESIAN_POINT('',(0.000919424996334,0.029705635496831,-0.010902235338118));
#6032=CARTESIAN_POINT('',(0.000917835816389,0.029707095149608,-0.010901146385246));
#6033=CARTESIAN_POINT('',(0.000914638093982002,0.029710088841996,-0.010898883867286));
#6034=CARTESIAN_POINT('',(0.000913030890243,0.029711623675174,-0.010897708669866));
#6035=CARTESIAN_POINT('',(0.000911443628370999,0.029713169732458,-0.010896509074603));
#6036=CARTESIAN_POINT('',(0.000909876506339002,0.029714726524812,-0.010895284759064));
#6037=CARTESIAN_POINT('',(0.000908329714917003,0.029716293549403,-0.010894035404983));
#6038=CARTESIAN_POINT('',(0.000906803437679002,0.029717870289596,-0.010892760698257));
#6039=CARTESIAN_POINT('',(0.000903724101877001,0.029721113939942,-0.010890101088007));
#6040=CARTESIAN_POINT('',(0.000902172958842002,0.029722781700554,-0.010888713809297));
#6041=CARTESIAN_POINT('',(0.000900644623377002,0.029724458890713,-0.01088729813881));
#6042=CARTESIAN_POINT('',(0.000899139287303001,0.029726144887699,-0.010885853730833));
#6043=CARTESIAN_POINT('',(0.000897657132786001,0.029727839052157,-0.010884380247945));
#6044=CARTESIAN_POINT('',(0.000896198332332003,0.029729540728095,-0.010882877361023));
#6045=CARTESIAN_POINT('',(0.000893243183816003,0.029733058440654,-0.010879721820462));
#6046=CARTESIAN_POINT('',(0.000891749688921004,0.0297348753073,-0.010878065561571));
#6047=CARTESIAN_POINT('',(0.000890282757342004,0.029736699043644,-0.01087637559163));
#6048=CARTESIAN_POINT('',(0.000888842569396003,0.029738528830382,-0.01087465154442));
#6049=CARTESIAN_POINT('',(0.000887429292473003,0.029740363828082,-0.010872893068445));
#6050=CARTESIAN_POINT('',(0.000886043081044001,0.029742203177186,-0.010871099826929));
#6051=CARTESIAN_POINT('',(0.000883216579238001,0.029746035936243,-0.010867297208205));
#6052=CARTESIAN_POINT('',(0.000881780806612002,0.029748029923488,-0.0108652820068));
#6053=CARTESIAN_POINT('',(0.000880376936286002,0.029750026851351,-0.010863225488229));
#6054=CARTESIAN_POINT('',(0.000879005128928002,0.029752025586981,-0.010861127272495));
#6055=CARTESIAN_POINT('',(0.000877665528365001,0.029754024973072,-0.010858987004974));
#6056=CARTESIAN_POINT('',(0.000876358261586,0.029756023827861,-0.010856804356413));
#6057=CARTESIAN_POINT('',(0.000873661609309,0.029760248360577,-0.010852097074458));
#6058=CARTESIAN_POINT('',(0.000872280140278001,0.029762473616579,-0.010849562031318));
#6059=CARTESIAN_POINT('',(0.000870939181635999,0.029764695038824,-0.010846973471921));
#6060=CARTESIAN_POINT('',(0.000869638864271001,0.029766910922624,-0.010844331020405));
#6061=CARTESIAN_POINT('',(0.000868379299971002,0.029769119532908,-0.010841634346635));
#6062=CARTESIAN_POINT('',(0.000867160581420005,0.029771319104223,-0.010838883166208));
#6063=CARTESIAN_POINT('',(0.000864583266729002,0.029776108598635,-0.010832743109759));
#6064=CARTESIAN_POINT('',(0.000863241539151002,0.029778694060637,-0.010829331689729));
#6065=CARTESIAN_POINT('',(0.000861957709855001,0.029781261215741,-0.010825842574369));
#6066=CARTESIAN_POINT('',(0.000860731888591003,0.029783807008859,-0.010822275461411));
#6067=CARTESIAN_POINT('',(0.000859564184478003,0.02978632834082,-0.010818630152316));
#6068=CARTESIAN_POINT('',(0.000858454705999,0.02978882206837,-0.010814906552269));
#6069=CARTESIAN_POINT('',(0.000855891982745001,0.029794826780258,-0.01080563744888));
#6070=CARTESIAN_POINT('',(0.000854501079155003,0.02979830481608,-0.010800008460177));
#6071=CARTESIAN_POINT('',(0.000853231198279004,0.029801709769798,-0.010794217587657));
#6072=CARTESIAN_POINT('',(0.000852082850255002,0.029805032008638,-0.010788265356018));
#6073=CARTESIAN_POINT('',(0.000851056847465,0.029808261691696,-0.010782152968526));
#6074=CARTESIAN_POINT('',(0.000850154444691002,0.029811388852751,-0.010775882344457));
#6075=CARTESIAN_POINT('',(0.000847709005473998,0.029820877171071,-0.010755656409598));
#6076=CARTESIAN_POINT('',(0.000846618768086001,0.029826832975215,-0.01074113707499));
#6077=CARTESIAN_POINT('',(0.000846124640394002,0.02983217352934,-0.010725919818707));
#6078=CARTESIAN_POINT('',(0.000846263366762003,0.029836786866418,-0.010710068032969));
#6079=CARTESIAN_POINT('',(0.000847082731566001,0.029840561968941,-0.010693697668789));
#6080=CARTESIAN_POINT('',(0.000848658365407002,0.029843409303244,-0.010676995191631));
#6081=CARTESIAN_POINT('',(0.000851884549328,0.02984599143696,-0.010654224106745));
#6082=CARTESIAN_POINT('',(0.000852840430015,0.02984655156925,-0.010648198344072));
#6083=CARTESIAN_POINT('',(0.000853900899703004,0.029846988157323,-0.010642181461714));
#6084=CARTESIAN_POINT('',(0.000855067232734003,0.029847301697517,-0.010636187535456));
#6085=CARTESIAN_POINT('',(0.000856340096998001,0.029847494092613,-0.01063023056384));
#6086=CARTESIAN_POINT('',(0.000857719377652003,0.02984756859612,-0.010624324331527));
#6087=CARTESIAN_POINT('',(0.000860282421381999,0.02984750154376,-0.010614238639376));
#6088=CARTESIAN_POINT('',(0.000861416488858999,0.02984741348957,-0.010610028627632));
#6089=CARTESIAN_POINT('',(0.000862605839315002,0.029847267397747,-0.01060585719392));
#6090=CARTESIAN_POINT('',(0.000863849949280002,0.02984706530672,-0.010601728856134));
#6091=CARTESIAN_POINT('',(0.000865148135768001,0.029846809489596,-0.010597647693549));
#6092=CARTESIAN_POINT('',(0.000866499556277999,0.029846502454155,-0.010593617346822));
#6093=CARTESIAN_POINT('',(0.000869107289245,0.029845841978339,-0.010586230045699));
#6094=CARTESIAN_POINT('',(0.000870349827358001,0.02984550130241,-0.010582858794593));
#6095=CARTESIAN_POINT('',(0.000871630204661002,0.029845126625513,-0.01057952921798));
#6096=CARTESIAN_POINT('',(0.000872947762466002,0.029844719684251,-0.010576243015688));
#6097=CARTESIAN_POINT('',(0.000874301801866002,0.029844282241384,-0.010573001634061));
#6098=CARTESIAN_POINT('',(0.000875691583735003,0.029843816085826,-0.010569806265966));
#6099=CARTESIAN_POINT('',(0.00087841842871,0.029842872422514,-0.01056378045773));
#6100=CARTESIAN_POINT('',(0.000879749741052004,0.029842399330116,-0.010560942293083));
#6101=CARTESIAN_POINT('',(0.000881109680049001,0.029841905128323,-0.010558144059399));
#6102=CARTESIAN_POINT('',(0.000882497654664003,0.029841391166238,-0.010555386324519));
#6103=CARTESIAN_POINT('',(0.000883913068527,0.029840858769198,-0.01055266952157));
#6104=CARTESIAN_POINT('',(0.000885355319935003,0.029840309238774,-0.010549993948963));
#6105=CARTESIAN_POINT('',(0.000888210490250001,0.029839209958412,-0.01054487231392));
#6106=CARTESIAN_POINT('',(0.000889620571901003,0.029838661920385,-0.010542421781653));
#6107=CARTESIAN_POINT('',(0.000891053540185999,0.02983810080882,-0.010540008310125));
#6108=CARTESIAN_POINT('',(0.000892508893936002,0.029837527660806,-0.01053763196605));
#6109=CARTESIAN_POINT('',(0.000893986137424002,0.029836943480391,-0.010535292746335));
#6110=CARTESIAN_POINT('',(0.000895484780370003,0.029836349238587,-0.010532990578075));
#6111=CARTESIAN_POINT('',(0.000898467037580002,0.029835165084517,-0.010528544819218));
#6112=CARTESIAN_POINT('',(0.000899949116878004,0.029834575841363,-0.010526398527523));
#6113=CARTESIAN_POINT('',(0.000901450145537001,0.029833978978026,-0.010524286317546));
#6114=CARTESIAN_POINT('',(0.000902969701582001,0.029833375297608,-0.010522208028624));
#6115=CARTESIAN_POINT('',(0.000904507371364001,0.029832765572188,-0.010520163465359));
#6116=CARTESIAN_POINT('',(0.000906062749553002,0.029832150542824,-0.010518152397614));
#6117=CARTESIAN_POINT('',(0.000909167662407,0.029830927239589,-0.010514247614471));
#6118=CARTESIAN_POINT('',(0.000910716317573002,0.029830319199778,-0.010512352216923));
#6119=CARTESIAN_POINT('',(0.000912281038492002,0.029829707455808,-0.010510488124407));
#6120=CARTESIAN_POINT('',(0.000913861467468,0.029829092637074,-0.010508655077874));
#6121=CARTESIAN_POINT('',(0.000915457255263003,0.029828475346673,-0.010506852802695));
#6122=CARTESIAN_POINT('',(0.000917068061101003,0.029827856161404,-0.01050508100866));
#6123=CARTESIAN_POINT('',(0.000920289828174003,0.029826626255334,-0.010501629074582));
#6124=CARTESIAN_POINT('',(0.000921900265791999,0.029826015583563,-0.010499947863215));
#6125=CARTESIAN_POINT('',(0.000923524551252004,0.029825404137525,-0.010498295467386));
#6126=CARTESIAN_POINT('',(0.000925162377953002,0.029824792416804,-0.010496671593583));
#6127=CARTESIAN_POINT('',(0.000926813446963003,0.029824180899495,-0.010495075943277));
#6128=CARTESIAN_POINT('',(0.000928477467015999,0.029823570042204,-0.01049350821292));
#6129=CARTESIAN_POINT('',(0.000931809538390005,0.029822358265402,-0.010490447543379));
#6130=CARTESIAN_POINT('',(0.000933477269312002,0.029821757319391,-0.010488953909202));
#6131=CARTESIAN_POINT('',(0.000935157074555,0.029821157860752,-0.010487486895197));
#6132=CARTESIAN_POINT('',(0.000936848688012002,0.029820560290888,-0.010486046205955));
#6133=CARTESIAN_POINT('',(0.000938551850199001,0.029819964993872,-0.010484631546883));
#6134=CARTESIAN_POINT('',(0.000940266308246999,0.029819372336449,-0.010483242624194));
#6135=CARTESIAN_POINT('',(0.000943701645099999,0.029818198357521,-0.010480528054615));
#6136=CARTESIAN_POINT('',(0.000945422323476004,0.029817616982964,-0.010479201948753));
#6137=CARTESIAN_POINT('',(0.000947153611527002,0.029817038884427,-0.010477900542736));
#6138=CARTESIAN_POINT('',(0.000948895275305003,0.029816464388031,-0.010476623555962));
#6139=CARTESIAN_POINT('',(0.000950647086421001,0.029815893805956,-0.010475370711818));
#6140=CARTESIAN_POINT('',(0.000952408822053,0.029815327436439,-0.010474141737684));
#6141=CARTESIAN_POINT('',(0.000955940024110001,0.029814207396989,-0.010471738942324));
#6142=CARTESIAN_POINT('',(0.000957709362405003,0.029813653668783,-0.010470564811551));
#6143=CARTESIAN_POINT('',(0.000959488066868002,0.029813104657974,-0.010469413709545));
#6144=CARTESIAN_POINT('',(0.000961275929116,0.029812560632127,-0.010468285378913));
#6145=CARTESIAN_POINT('',(0.000963072745345003,0.029812021847552,-0.010467179567934));
#6146=CARTESIAN_POINT('',(0.000964878316326002,0.029811488549305,-0.010466096030561));
#6147=CARTESIAN_POINT('',(0.000968497694428,0.02981043597669,-0.010463978220611));
#6148=CARTESIAN_POINT('',(0.000970311417455003,0.029809916647121,-0.010462943733191));
#6149=CARTESIAN_POINT('',(0.000972133424692004,0.029809403212973,-0.010461930827464));
#6150=CARTESIAN_POINT('',(0.000973963528014002,0.02980889589559,-0.010460939273241));
#6151=CARTESIAN_POINT('',(0.000975801542960002,0.029808394907166,-0.010459968846837));
#6152=CARTESIAN_POINT('',(0.000977647288738004,0.029807900450749,-0.010459019331072));
#6153=CARTESIAN_POINT('',(0.000981346912474,0.029806926825379,-0.010457165195243));
#6154=CARTESIAN_POINT('',(0.000983200733244999,0.029806447606439,-0.010456260419892));
#6155=CARTESIAN_POINT('',(0.000985061875414001,0.029805975255227,-0.010455375981009));
#6156=CARTESIAN_POINT('',(0.000986930166667004,0.029805509956042,-0.010454511677246));
#6157=CARTESIAN_POINT('',(0.000988805437492003,0.029805051885671,-0.010453667314115));
#6158=CARTESIAN_POINT('',(0.000990687521182001,0.029804601213382,-0.010452842703989));
#6159=CARTESIAN_POINT('',(0.000994459254556001,0.029803716333241,-0.010451235071351));
#6160=CARTESIAN_POINT('',(0.000996348863508002,0.029803282079999,-0.010450451930348));
#6161=CARTESIAN_POINT('',(0.000998244918302003,0.029802855501581,-0.010449688064024));
#6162=CARTESIAN_POINT('',(0.001000147258482,0.029802436752101,-0.01044894330026));
#6163=CARTESIAN_POINT('',(0.001002055725525,0.029802025979414,-0.010448217473888));
#6164=CARTESIAN_POINT('',(0.001003970162841,0.029801623325113,-0.010447510426695));
#6165=CARTESIAN_POINT('',(0.001007805694207,0.029800835545665,-0.010446135371531));
#6166=CARTESIAN_POINT('',(0.001009726757684,0.029800450378135,-0.010445467267233));
#6167=CARTESIAN_POINT('',(0.001011653452796,0.029800073556308,-0.010444817544474));
#6168=CARTESIAN_POINT('',(0.001013585627106,0.029799705209223,-0.010444186060089));
#6169=CARTESIAN_POINT('',(0.001015523129146,0.029799345460599,-0.010443572677808));
#6170=CARTESIAN_POINT('',(0.001017465808416,0.029798994428834,-0.010442977268251));
#6171=CARTESIAN_POINT('',(0.001021356677923,0.029798310823604,-0.010441823497193));
#6172=CARTESIAN_POINT('',(0.001023304844146,0.029797978209217,-0.01044126505251));
#6173=CARTESIAN_POINT('',(0.001025257865654,0.029797654496204,-0.010440724253286));
#6174=CARTESIAN_POINT('',(0.001027215593848,0.029797339792259,-0.01044020098464));
#6175=CARTESIAN_POINT('',(0.001029177879933,0.029797034200404,-0.010439695138408));
#6176=CARTESIAN_POINT('',(0.001031144574921,0.029796737818995,-0.010439206613149));
#6177=CARTESIAN_POINT('',(0.001035082201074,0.029796164288316,-0.01043826503935));
#6178=CARTESIAN_POINT('',(0.001037053113017,0.029795887098791,-0.01043781191599));
#6179=CARTESIAN_POINT('',(0.001039028117341,0.029795619266308,-0.010437375849998));
#6180=CARTESIAN_POINT('',(0.001041007064263,0.029795360879723,-0.010436956753721));
#6181=CARTESIAN_POINT('',(0.001042989802338,0.029795112023586,-0.010436554545908));
#6182=CARTESIAN_POINT('',(0.001044976178453,0.029794872778136,-0.010436169151714));
#6183=CARTESIAN_POINT('',(0.001048951883263,0.029794414123545,-0.010435432597318));
#6184=CARTESIAN_POINT('',(0.001050941197074,0.029794194675389,-0.010435081369508));
#6185=CARTESIAN_POINT('',(0.001052933825442,0.029793984950423,-0.010434746751326));
#6186=CARTESIAN_POINT('',(0.001054929611151,0.029793785019943,-0.010434428680684));
#6187=CARTESIAN_POINT('',(0.001056928393598,0.029793594950956,-0.010434127101342));
#6188=CARTESIAN_POINT('',(0.001058930008788,0.029793414806182,-0.010433841962912));
#6189=CARTESIAN_POINT('',(0.001062935036076,0.02979307478194,-0.010433304952626));
#6190=CARTESIAN_POINT('',(0.001064938438121,0.029792914867186,-0.010433053022746));
#6191=CARTESIAN_POINT('',(0.001066944328655,0.02979276495803,-0.010432817387028));
#6192=CARTESIAN_POINT('',(0.001068952536074,0.029792625108051,-0.010432598006233));
#6193=CARTESIAN_POINT('',(0.001070962883988,0.029792495366161,-0.010432394846068));
#6194=CARTESIAN_POINT('',(0.001072975191218,0.02979237577661,-0.010432207877189));
#6195=CARTESIAN_POINT('',(0.001077000704603,0.02979215712518,-0.01043186649775));
#6196=CARTESIAN_POINT('',(0.001079013906312,0.029792058036294,-0.01043171204434));
#6197=CARTESIAN_POINT('',(0.001081028690819,0.029791969151801,-0.010431573690694));
#6198=CARTESIAN_POINT('',(0.001083044867599,0.029791890505846,-0.010431451416336));
#6199=CARTESIAN_POINT('',(0.001085062241711,0.029791822127242,-0.010431345204588));
#6200=CARTESIAN_POINT('',(0.001087080613799,0.029791764039474,-0.010431255042569));
#6201=CARTESIAN_POINT('',(0.001090656006967,0.029791679436282,-0.010431123793821));
#6202=CARTESIAN_POINT('',(0.001092212706196,0.029791648735492,-0.010431076194722));
#6203=CARTESIAN_POINT('',(0.001093769784444,0.029791624166626,-0.010431038119724));
#6204=CARTESIAN_POINT('',(0.001095327147776,0.02979160573589,-0.010431009565663));
#6205=CARTESIAN_POINT('',(0.001096884701665,0.029791593447388,-0.01043099053038));
#6206=CARTESIAN_POINT('',(0.001098442350981,0.029791587303131,-0.010430981012729));
#6207=CARTESIAN_POINT('',(0.0011,0.029791587303029,-0.010430981012572));
#6208=CARTESIAN_POINT('',(0.0011,0.029636467282946,-0.010942054367807));
#6209=CARTESIAN_POINT('',(0.0011,0.029791587303029,-0.010430981012572));
#6210=CARTESIAN_POINT('',(0.004,0.029636467282946,-0.010942054367807));
#6211=CARTESIAN_POINT('',(0.004,0.029791587303029,-0.010430981012572));
#6212=CARTESIAN_POINT('',(0.0038,0.031077795786903,-0.008977759353256));
#6213=CARTESIAN_POINT('',(0.0038,0.0319,-0.01135));
#6214=CARTESIAN_POINT('',(0.0038,0.0296211903264698,-0.0116614907251021));
#6215=CARTESIAN_POINT('',(0.0038,0.0296107878802381,-0.0111274963579275));
#6216=CARTESIAN_POINT('',(0.0038,0.02938979,-0.0113989));
#6217=CARTESIAN_POINT('',(0.0038,0.02938979,-0.0113989));
#6218=CARTESIAN_POINT('',(0.0011,0.02962119032647,-0.011661490725102));
#6219=CARTESIAN_POINT('',(0.00109800393142,0.02962119032665,-0.011661490724944));
#6220=CARTESIAN_POINT('',(0.001096007860973,0.029621204284026,-0.011661478425449));
#6221=CARTESIAN_POINT('',(0.001094012161224,0.029621232198536,-0.011661453826606));
#6222=CARTESIAN_POINT('',(0.001092017200919,0.029621274058585,-0.011661416930327));
#6223=CARTESIAN_POINT('',(0.001090023344984,0.029621329841042,-0.011661367740445));
#6224=CARTESIAN_POINT('',(0.001088030954528,0.029621399511246,-0.01166130626272));
#6225=CARTESIAN_POINT('',(0.001084018492079,0.029621567849043,-0.011661157586165));
#6226=CARTESIAN_POINT('',(0.001081998475011,0.029621666956397,-0.011661069997329));
#6227=CARTESIAN_POINT('',(0.001079980708753,0.029621780296421,-0.011660969746457));
#6228=CARTESIAN_POINT('',(0.001077965556367,0.029621907809993,-0.011660856842588));
#6229=CARTESIAN_POINT('',(0.001075953370868,0.029622049427514,-0.011660731295665));
#6230=CARTESIAN_POINT('',(0.001073944495215,0.029622205068905,-0.011660593116536));
#6231=CARTESIAN_POINT('',(0.00106992102171,0.029622545318324,-0.011660290539152));
#6232=CARTESIAN_POINT('',(0.001067906470108,0.02962273010855,-0.011660125976138));
#6233=CARTESIAN_POINT('',(0.001065895945603,0.029622928921931,-0.011659948639851));
#6234=CARTESIAN_POINT('',(0.001063889773818,0.029623141657845,-0.011659758541729));
#6235=CARTESIAN_POINT('',(0.001061888267908,0.029623368207408,-0.01165955569271));
#6236=CARTESIAN_POINT('',(0.001059891728556,0.029623608453468,-0.011659340103231));
#6237=CARTESIAN_POINT('',(0.001055890780657,0.029624118430381,-0.011658881355927));
#6238=CARTESIAN_POINT('',(0.001053886469595,0.029624388413711,-0.01165863796161));
#6239=CARTESIAN_POINT('',(0.001051887806318,0.029624672091811,-0.01165838161036));
#6240=CARTESIAN_POINT('',(0.001049895073793,0.02962496932977,-0.011658112310498));
#6241=CARTESIAN_POINT('',(0.001047908542426,0.029625279986555,-0.011657830068583));
#6242=CARTESIAN_POINT('',(0.001045928470065,0.029625603915009,-0.011657534889415));
#6243=CARTESIAN_POINT('',(0.001041958895693,0.029626281909421,-0.011656915096782));
#6244=CARTESIAN_POINT('',(0.001039969550297,0.029626636281462,-0.011656590181911));
#6245=CARTESIAN_POINT('',(0.001037987319336,0.029627003919484,-0.011656252034436));
#6246=CARTESIAN_POINT('',(0.00103601244459,0.029627384660709,-0.011655900654595));
#6247=CARTESIAN_POINT('',(0.001034045156094,0.029627778338069,-0.011655536039849));
#6248=CARTESIAN_POINT('',(0.001032085672134,0.029628184780213,-0.011655158184876));
#6249=CARTESIAN_POINT('',(0.001028156232055,0.0296290285318,-0.011654370668439));
#6250=CARTESIAN_POINT('',(0.001026186495644,0.029629466185938,-0.011653960644602));
#6251=CARTESIAN_POINT('',(0.001024225204862,0.029629916591199,-0.01165353700153));
#6252=CARTESIAN_POINT('',(0.001022272563913,0.029630379562079,-0.011653099727069));
#6253=CARTESIAN_POINT('',(0.001020328766368,0.029630854910283,-0.011652648805449));
#6254=CARTESIAN_POINT('',(0.001018393995162,0.029631342444729,-0.011652184217278));
#6255=CARTESIAN_POINT('',(0.001014513360425,0.02963234914847,-0.011651220337135));
#6256=CARTESIAN_POINT('',(0.00101256778158,0.029632868688291,-0.011650720622522));
#6257=CARTESIAN_POINT('',(0.00101063186624,0.029633400388264,-0.01165020677155));
#6258=CARTESIAN_POINT('',(0.001008705785193,0.029633944044009,-0.011649678755708));
#6259=CARTESIAN_POINT('',(0.001006789699832,0.02963449944951,-0.011649136542136));
#6260=CARTESIAN_POINT('',(0.001004883762159,0.029635066397115,-0.011648580093627));
#6261=CARTESIAN_POINT('',(0.001001060495683,0.029636232711145,-0.011647429017851));
#6262=CARTESIAN_POINT('',(0.000999143517734002,0.02963683246331,-0.011646833904882));
#6263=CARTESIAN_POINT('',(0.000997237330777001,0.02963744371414,-0.011646223985957));
#6264=CARTESIAN_POINT('',(0.000995342076580003,0.029638066242899,-0.011645599212286));
#6265=CARTESIAN_POINT('',(0.000993457888842,0.029638699828007,-0.01164495953005));
#6266=CARTESIAN_POINT('',(0.000991584893191001,0.029639344247037,-0.011644304880396));
#6267=CARTESIAN_POINT('',(0.000987827427110999,0.029640666302306,-0.011642953254257));
#6268=CARTESIAN_POINT('',(0.000985943375551003,0.029641344330826,-0.011642255722147));
#6269=CARTESIAN_POINT('',(0.000984071176580004,0.029642033126672,-0.01164154253561));
#6270=CARTESIAN_POINT('',(0.000982210947571002,0.029642732453802,-0.011640813621427));
#6271=CARTESIAN_POINT('',(0.000980362799190001,0.029643442075734,-0.011640068900659));
#6272=CARTESIAN_POINT('',(0.000978526835401002,0.029644161755545,-0.011639308288645));
#6273=CARTESIAN_POINT('',(0.000974843447998003,0.029645635166153,-0.011637739761174));
#6274=CARTESIAN_POINT('',(0.000972996515226001,0.029646389288678,-0.011636931208101));
#6275=CARTESIAN_POINT('',(0.00097116245826,0.029647153371894,-0.011636105939926));
#6276=CARTESIAN_POINT('',(0.000969341374892001,0.029647927163799,-0.011635263854313));
#6277=CARTESIAN_POINT('',(0.000967533357584,0.029648710411939,-0.011634404842454));
#6278=CARTESIAN_POINT('',(0.000965738493468,0.029649502863408,-0.011633528789071));
#6279=CARTESIAN_POINT('',(0.000962137285621001,0.029651122736553,-0.011631723329776));
#6280=CARTESIAN_POINT('',(0.000960331512544002,0.029651950543321,-0.011630793184916));
#6281=CARTESIAN_POINT('',(0.000958539632279001,0.02965278741541,-0.011629845008131));
#6282=CARTESIAN_POINT('',(0.000956761728020002,0.029653633082146,-0.011628878662366));
#6283=CARTESIAN_POINT('',(0.000954997878998002,0.029654487271924,-0.011627894003205));
#6284=CARTESIAN_POINT('',(0.000953248160484001,0.029655349712204,-0.011626890878876));
#6285=CARTESIAN_POINT('',(0.000949737030175,0.029657110656718,-0.011624823775414));
#6286=CARTESIAN_POINT('',(0.000947976283011,0.029658009533365,-0.011623758925778));
#6287=CARTESIAN_POINT('',(0.000946230478687003,0.02965891646675,-0.011622674410947));
#6288=CARTESIAN_POINT('',(0.000944499690991002,0.02965983116218,-0.011621570052068));
#6289=CARTESIAN_POINT('',(0.000942783991112001,0.029660753322983,-0.011620445661829));
#6290=CARTESIAN_POINT('',(0.000941083447631001,0.029661682650508,-0.011619301044455));
#6291=CARTESIAN_POINT('',(0.000937670059956004,0.029663578782786,-0.011616941397372));
#6292=CARTESIAN_POINT('',(0.000935957998573,0.029664545939569,-0.011615725318131));
#6293=CARTESIAN_POINT('',(0.000934262013538002,0.029665519990555,-0.011614487537867));
#6294=CARTESIAN_POINT('',(0.000932582174798999,0.029666500608053,-0.011613227826572));
#6295=CARTESIAN_POINT('',(0.000930918551093,0.029667487460596,-0.011611945944357));
#6296=CARTESIAN_POINT('',(0.000929271209946004,0.029668480212939,-0.011610641641454));
#6297=CARTESIAN_POINT('',(0.000925962957785003,0.029670505159104,-0.011607950031406));
#6298=CARTESIAN_POINT('',(0.000924302988392002,0.029671537671882,-0.011606561419295));
#6299=CARTESIAN_POINT('',(0.000922660381624002,0.029672575695934,-0.011605148539555));
#6300=CARTESIAN_POINT('',(0.000921035209922001,0.029673618856148,-0.011603711098115));
#6301=CARTESIAN_POINT('',(0.000919427546048002,0.029674666770756,-0.011602248789156));
#6302=CARTESIAN_POINT('',(0.000917837463081002,0.029675719051338,-0.011600761295108));
#6303=CARTESIAN_POINT('',(0.000914641408132001,0.029677865945405,-0.011597686015283));
#6304=CARTESIAN_POINT('',(0.000913036605566003,0.029678960820168,-0.01159609654116));
#6305=CARTESIAN_POINT('',(0.000911450707453,0.029680059492539,-0.011594479501783));
#6306=CARTESIAN_POINT('',(0.000909883796722001,0.029681161516707,-0.011592834520441));
#6307=CARTESIAN_POINT('',(0.000908335958494003,0.029682266435616,-0.011591161206216));
#6308=CARTESIAN_POINT('',(0.000906807280084004,0.029683373780969,-0.011589459153986));
#6309=CARTESIAN_POINT('',(0.000903730049420005,0.029685635263917,-0.011585929785692));
#6310=CARTESIAN_POINT('',(0.000902183016197003,0.029686789552657,-0.011584100171402));
#6311=CARTESIAN_POINT('',(0.000900656851397001,0.029687945402718,-0.011582238631576));
#6312=CARTESIAN_POINT('',(0.000899151659976002,0.029689102258562,-0.011580344678895));
#6313=CARTESIAN_POINT('',(0.000897667551771002,0.029690259545841,-0.011578417808696));
#6314=CARTESIAN_POINT('',(0.000896204641505999,0.029691416671392,-0.011576457498974));
#6315=CARTESIAN_POINT('',(0.000893252212115,0.029693784918078,-0.011572373130215));
#6316=CARTESIAN_POINT('',(0.000891764792291999,0.029694995959218,-0.011570245730117));
#6317=CARTESIAN_POINT('',(0.000890300926375005,0.029696205443403,-0.011568080388597));
#6318=CARTESIAN_POINT('',(0.000888860760956001,0.029697412635241,-0.011565876463384));
#6319=CARTESIAN_POINT('',(0.000887444452162999,0.029698616767206,-0.011563633291426));
#6320=CARTESIAN_POINT('',(0.000886052165662,0.029699817039632,-0.011561350188883));
#6321=CARTESIAN_POINT('',(0.000883229321764,0.029702283939632,-0.011556555508943));
#6322=CARTESIAN_POINT('',(0.000881801931401,0.02970354994692,-0.011554038625185));
#6323=CARTESIAN_POINT('',(0.000880402114496002,0.029704809645072,-0.011551474949753));
#6324=CARTESIAN_POINT('',(0.000879030099374002,0.029706061978429,-0.011548863611166));
#6325=CARTESIAN_POINT('',(0.000877686133743002,0.029707305833175,-0.011546203716566));
#6326=CARTESIAN_POINT('',(0.000876370484703001,0.029708540037344,-0.011543494351715));
#6327=CARTESIAN_POINT('',(0.000873679088423,0.02971109818082,-0.0115377232784));
#6328=CARTESIAN_POINT('',(0.000872308802432002,0.02971242003156,-0.011534651982795));
#6329=CARTESIAN_POINT('',(0.000870972947893001,0.029713727321105,-0.011531519463888));
#6330=CARTESIAN_POINT('',(0.000869671937521001,0.029715018339807,-0.011528324493582));
#6331=CARTESIAN_POINT('',(0.000868406229605004,0.029716291260298,-0.011525065845979));
#6332=CARTESIAN_POINT('',(0.000867176328016004,0.029717544137492,-0.011521742297375));
#6333=CARTESIAN_POINT('',(0.000864607450832004,0.02972019313491,-0.011514446684037));
#6334=CARTESIAN_POINT('',(0.000863280420496,0.029721581974704,-0.011510453051601));
#6335=CARTESIAN_POINT('',(0.000862002517965001,0.029722938280429,-0.011506369756382));
#6336=CARTESIAN_POINT('',(0.000860774708289002,0.029724258614126,-0.011502195064624));
#6337=CARTESIAN_POINT('',(0.000859598094791001,0.029725539247411,-0.011497927481402));
#6338=CARTESIAN_POINT('',(0.000858473919071002,0.02972677616148,-0.01149356575061));
#6339=CARTESIAN_POINT('',(0.000855928269082002,0.029729603707482,-0.011482965843286));
#6340=CARTESIAN_POINT('',(0.000854555397952001,0.029731150894875,-0.011476642816707));
#6341=CARTESIAN_POINT('',(0.000853288307793004,0.02973259573246,-0.011470136640143));
#6342=CARTESIAN_POINT('',(0.000852131528481001,0.029733925341132,-0.011463447420783));
#6343=CARTESIAN_POINT('',(0.000851090358608,0.029735125694752,-0.011456579629516));
#6344=CARTESIAN_POINT('',(0.000850170464507,0.029736182475397,-0.011449543222347));
#6345=CARTESIAN_POINT('',(0.000847635929960001,0.029739057302233,-0.011426567508868));
#6346=CARTESIAN_POINT('',(0.000846485665492999,0.029740297598365,-0.011409859197601));
#6347=CARTESIAN_POINT('',(0.000846058569454002,0.029740574200286,-0.011392788427871));
#6348=CARTESIAN_POINT('',(0.000846348212505999,0.029739834121158,-0.011375819782037));
#6349=CARTESIAN_POINT('',(0.000847323507953003,0.029738162439536,-0.011359335099269));
#6350=CARTESIAN_POINT('',(0.000848920298645001,0.029735724171284,-0.011343632789969));
#6351=CARTESIAN_POINT('',(0.000851926782832004,0.029731455228444,-0.011322707406622));
#6352=CARTESIAN_POINT('',(0.0008529186815,0.029730077550173,-0.011316628752244));
#6353=CARTESIAN_POINT('',(0.000854003254045003,0.029728603790647,-0.011310704546293));
#6354=CARTESIAN_POINT('',(0.000855176912581003,0.029727043829118,-0.011304935024572));
#6355=CARTESIAN_POINT('',(0.000856436541526003,0.029725406804079,-0.011299318737495));
#6356=CARTESIAN_POINT('',(0.000857779562760001,0.029723700942841,-0.011293852857173));
#6357=CARTESIAN_POINT('',(0.000860305295151003,0.029720566820745,-0.011284420848415));
#6358=CARTESIAN_POINT('',(0.000861455184738003,0.02971916347195,-0.011280396052944));
#6359=CARTESIAN_POINT('',(0.000862652701070003,0.029717726729311,-0.011276457474736));
#6360=CARTESIAN_POINT('',(0.000863896976939001,0.029716259757623,-0.01127260344092));
#6361=CARTESIAN_POINT('',(0.000865187246408002,0.029714765501887,-0.011268832229097));
#6362=CARTESIAN_POINT('',(0.000866522844806004,0.029713246687307,-0.011265142067342));
#6363=CARTESIAN_POINT('',(0.000869117321782,0.02971035053324,-0.011258355101433));
#6364=CARTESIAN_POINT('',(0.000870366049805001,0.029708978209271,-0.011255240401788));
#6365=CARTESIAN_POINT('',(0.000871648999694004,0.029707590562559,-0.011252185827674));
#6366=CARTESIAN_POINT('',(0.000872965811854001,0.029706189219139,-0.011249190195636));
#6367=CARTESIAN_POINT('',(0.000874316160200003,0.029704775715902,-0.011246252346356));
#6368=CARTESIAN_POINT('',(0.000875699752158,0.029703351500598,-0.011243371144652));
#6369=CARTESIAN_POINT('',(0.000878420243253002,0.029700598376401,-0.011237944542627));
#6370=CARTESIAN_POINT('',(0.000879752098301004,0.029699270905867,-0.011235390667864));
#6371=CARTESIAN_POINT('',(0.000881111688711002,0.029697936583749,-0.011232882993706));
#6372=CARTESIAN_POINT('',(0.000882498823664001,0.029696596429133,-0.011230420683479));
#6373=CARTESIAN_POINT('',(0.000883913326620002,0.029695251416675,-0.011228002925316));
#6374=CARTESIAN_POINT('',(0.000885355035320001,0.029693902476595,-0.01122562893216));
#6375=CARTESIAN_POINT('',(0.000888206791963001,0.029691277468819,-0.011221103081719));
#6376=CARTESIAN_POINT('',(0.000889613769008001,0.029690001750929,-0.011218946350528));
#6377=CARTESIAN_POINT('',(0.000891044608333003,0.029688724082139,-0.011216827112758));
#6378=CARTESIAN_POINT('',(0.000892499192242002,0.029687445179048,-0.011214744752814));
#6379=CARTESIAN_POINT('',(0.00089397740993,0.029686165733722,-0.011212698674935));
#6380=CARTESIAN_POINT('',(0.000895479157482001,0.029684886413704,-0.011210688303196));
#6381=CARTESIAN_POINT('',(0.000898459487246001,0.029682388016987,-0.011206828555176));
#6382=CARTESIAN_POINT('',(0.00089993596534,0.029681168874169,-0.011204976025769));
#6383=CARTESIAN_POINT('',(0.000901433687515003,0.029679950992774,-0.011203155010458));
#6384=CARTESIAN_POINT('',(0.000902952572411003,0.029678734917888,-0.011201365042044));
#6385=CARTESIAN_POINT('',(0.000904492541954002,0.029677521180469,-0.011199605668955));
#6386=CARTESIAN_POINT('',(0.000906053521346002,0.029676310297341,-0.011197876455247));
#6387=CARTESIAN_POINT('',(0.000909157346873003,0.029673941052466,-0.011194541975409));
#6388=CARTESIAN_POINT('',(0.000910698633435,0.029672782442635,-0.011192934496036));
#6389=CARTESIAN_POINT('',(0.000912259234961004,0.029671627389748,-0.011191354168173));
#6390=CARTESIAN_POINT('',(0.000913839088733,0.029670476333719,-0.011189800630057));
#6391=CARTESIAN_POINT('',(0.000915438133114999,0.029669329706329,-0.011188273532485));
#6392=CARTESIAN_POINT('',(0.000917056307557,0.029668187931229,-0.011186772538808));
#6393=CARTESIAN_POINT('',(0.000920277508115002,0.029665951908003,-0.011183870126731));
#6394=CARTESIAN_POINT('',(0.000921879312104003,0.029664857323731,-0.011182467057584));
#6395=CARTESIAN_POINT('',(0.000923498910693002,0.02966376804763,-0.011181087823957));
#6396=CARTESIAN_POINT('',(0.000925136249464002,0.02966268445175,-0.011179732142664));
#6397=CARTESIAN_POINT('',(0.000926791273450002,0.029661606903685,-0.011178399740859));
#6398=CARTESIAN_POINT('',(0.000928463927129999,0.029660535766575,-0.011177090356046));
#6399=CARTESIAN_POINT('',(0.000931795785132004,0.029658437633812,-0.011174554108379));
#6400=CARTESIAN_POINT('',(0.000933453992625,0.029657410255301,-0.011173325955368));
#6401=CARTESIAN_POINT('',(0.000935128725569001,0.029656389592373,-0.011172119045958));
#6402=CARTESIAN_POINT('',(0.000936819930643002,0.029655375971679,-0.011170933157804));
#6403=CARTESIAN_POINT('',(0.000938527552553001,0.029654369717721,-0.011169768077297));
#6404=CARTESIAN_POINT('',(0.000940251534029001,0.029653371152849,-0.011168623599561));
#6405=CARTESIAN_POINT('',(0.000943686920484001,0.029651415756173,-0.011166404637872));
#6406=CARTESIAN_POINT('',(0.000945397489343001,0.029650458514492,-0.011165329108232));
#6407=CARTESIAN_POINT('',(0.000947123467699002,0.029649509168269,-0.011164272758243));
#6408=CARTESIAN_POINT('',(0.000948864797499002,0.029648568012814,-0.01116323541415));
#6409=CARTESIAN_POINT('',(0.000950621417344002,0.0296476353427,-0.011162216909734));
#6410=CARTESIAN_POINT('',(0.000952393262493002,0.029646711451758,-0.011161217086317));
#6411=CARTESIAN_POINT('',(0.000955924729551,0.029644903590677,-0.011159277857835));
#6412=CARTESIAN_POINT('',(0.000957683637628003,0.029644019194132,-0.011158337581157));
#6413=CARTESIAN_POINT('',(0.000959456925781001,0.02964314371624,-0.011157414822107));
#6414=CARTESIAN_POINT('',(0.000961244525972002,0.029642277429824,-0.011156509446686));
#6415=CARTESIAN_POINT('',(0.000963046365422,0.029641420607739,-0.011155621327516));
#6416=CARTESIAN_POINT('',(0.000964862366621001,0.029640573522867,-0.011154750343838));
#6417=CARTESIAN_POINT('',(0.000968482202132002,0.029638917818338,-0.01115306123627));
#6418=CARTESIAN_POINT('',(0.000970285421948002,0.029638108762585,-0.011152242370556));
#6419=CARTESIAN_POINT('',(0.000972102029854,0.02963730953627,-0.011151439677619));
#6420=CARTESIAN_POINT('',(0.000973931942763,0.029636520395083,-0.011150653056583));
#6421=CARTESIAN_POINT('',(0.000975775071424004,0.029635741595002,-0.011149882412452));
#6422=CARTESIAN_POINT('',(0.000977631320412002,0.029634973392285,-0.011149127656105));
#6423=CARTESIAN_POINT('',(0.000981331585322005,0.029633474200273,-0.011147664881459));
#6424=CARTESIAN_POINT('',(0.000983175072749001,0.02963274277112,-0.011146956222658));
#6425=CARTESIAN_POINT('',(0.000985030954914999,0.029632021997276,-0.011146262649694));
#6426=CARTESIAN_POINT('',(0.000986899128687001,0.029631312120091,-0.011145584089598));
#6427=CARTESIAN_POINT('',(0.000988779483292002,0.029630613381003,-0.011144920474634));
#6428=CARTESIAN_POINT('',(0.000990671900325001,0.02962992602154,-0.0111442717423));
#6429=CARTESIAN_POINT('',(0.000994444457778999,0.029628587372293,-0.01114301596149));
#6430=CARTESIAN_POINT('',(0.000996324148456001,0.029627935645361,-0.011142408355501));
#6431=CARTESIAN_POINT('',(0.000998215206707002,0.029627295330809,-0.011141814963341));
#6432=CARTESIAN_POINT('',(0.001000117504368,0.029626666656401,-0.011141235735616));
#6433=CARTESIAN_POINT('',(0.001002030904175,0.029626049849379,-0.011140670627553));
#6434=CARTESIAN_POINT('',(0.001003955259767,0.02962544513646,-0.011140119599001));
#6435=CARTESIAN_POINT('',(0.001007791800165,0.029624270689381,-0.011139055001066));
#6436=CARTESIAN_POINT('',(0.001009703610436,0.029623700528657,-0.011138540945725));
#6437=CARTESIAN_POINT('',(0.001011625698907,0.029623142476414,-0.011138040414779));
#6438=CARTESIAN_POINT('',(0.001013557907483,0.02962259674586,-0.011137553378588));
#6439=CARTESIAN_POINT('',(0.001015500067564,0.029622063548676,-0.0111370798115));
#6440=CARTESIAN_POINT('',(0.001017452000039,0.029621543095009,-0.011136619691849));
#6441=CARTESIAN_POINT('',(0.001021344064378,0.029620536103796,-0.011135733363903));
#6442=CARTESIAN_POINT('',(0.001023283895256,0.029620049160071,-0.011135306734805));
#6443=CARTESIAN_POINT('',(0.001025232826961,0.029619574961379,-0.011134893097906));
#6444=CARTESIAN_POINT('',(0.001027190666719,0.029619113703879,-0.011134492439721));
#6445=CARTESIAN_POINT('',(0.001029157209954,0.029618665580806,-0.011134104750044));
#6446=CARTESIAN_POINT('',(0.001031132240287,0.029618230782475,-0.011133730021945));
#6447=CARTESIAN_POINT('',(0.001035071243053,0.029617394067662,-0.011133011511666));
#6448=CARTESIAN_POINT('',(0.001037034986715,0.029616991777426,-0.011132667371456));
#6449=CARTESIAN_POINT('',(0.001039006541436,0.029616602805444,-0.011132335827752));
#6450=CARTESIAN_POINT('',(0.001040985675234,0.029616227326908,-0.011132016879598));
#6451=CARTESIAN_POINT('',(0.001042972143225,0.02961586551233,-0.011131710528469));
#6452=CARTESIAN_POINT('',(0.001044965687621,0.029615517527542,-0.011131416778277));
#6453=CARTESIAN_POINT('',(0.001048942938816,0.029614853455081,-0.011130857788142));
#6454=CARTESIAN_POINT('',(0.001050926486534,0.029614537040543,-0.011130592254048));
#6455=CARTESIAN_POINT('',(0.001052916419138,0.029614234445806,-0.011130339039338));
#6456=CARTESIAN_POINT('',(0.001054912461328,0.029613945819805,-0.011130098151654));
#6457=CARTESIAN_POINT('',(0.001056914324259,0.029613671304678,-0.011129869600024));
#6458=CARTESIAN_POINT('',(0.001058921705542,0.029613411035773,-0.011129653394864));
#6459=CARTESIAN_POINT('',(0.001062928426705,0.029612921501241,-0.011129247569435));
#6460=CARTESIAN_POINT('',(0.001064927671862,0.029612691972424,-0.011129057723242));
#6461=CARTESIAN_POINT('',(0.001066931716479,0.029612476680354,-0.011128880021001));
#6462=CARTESIAN_POINT('',(0.001068940239374,0.029612275741006,-0.011128714474416));
#6463=CARTESIAN_POINT('',(0.001070952906418,0.029612089261162,-0.011128561095293));
#6464=CARTESIAN_POINT('',(0.001072969370536,0.029611917338413,-0.01112841989554));
#6465=CARTESIAN_POINT('',(0.001076996691569,0.029611603755746,-0.011128162675954));
#6466=CARTESIAN_POINT('',(0.001079007507772,0.029611461914512,-0.011128046505445));
#6467=CARTESIAN_POINT('',(0.001081021365443,0.029611334624131,-0.011127942387429));
#6468=CARTESIAN_POINT('',(0.001083037900185,0.029611221959758,-0.011127850332443));
#6469=CARTESIAN_POINT('',(0.001085056738078,0.029611123985028,-0.01112777034977));
#6470=CARTESIAN_POINT('',(0.001087077495672,0.029611040752055,-0.011127702447438));
#6471=CARTESIAN_POINT('',(0.001090655140042,0.029610919655345,-0.011127603704151));
#6472=CARTESIAN_POINT('',(0.001092211404564,0.029610875753142,-0.011127567925779));
#6473=CARTESIAN_POINT('',(0.001093768394897,0.029610840613137,-0.011127539300128));
#6474=CARTESIAN_POINT('',(0.001095325931204,0.029610814249038,-0.011127517829442));
#6475=CARTESIAN_POINT('',(0.001096883832475,0.029610796669951,-0.011127503515186));
#6476=CARTESIAN_POINT('',(0.001098441916526,0.029610787880383,-0.011127496358046));
#6477=CARTESIAN_POINT('',(0.0011,0.029610787880238,-0.011127496357927));
#6478=CARTESIAN_POINT('',(0.0011,0.02962119032647,-0.011661490725102));
#6479=CARTESIAN_POINT('',(0.0011,0.029610787880238,-0.011127496357928));
#6480=CARTESIAN_POINT('',(0.004,0.02962119032647,-0.011661490725102));
#6481=CARTESIAN_POINT('',(0.004,0.029610787880238,-0.011127496357927));
#6482=CARTESIAN_POINT('',(0.0038,0.031077795786903,-0.008977759353256));
#6483=CARTESIAN_POINT('',(0.0038,0.0319,-0.01135));
#6484=CARTESIAN_POINT('',(0.0038,0.0298289791382393,-0.012350436199941));
#6485=CARTESIAN_POINT('',(0.0038,0.029654072489608,-0.0118457919100431));
#6486=CARTESIAN_POINT('',(0.0038,0.029527759353256,-0.012172204213097));
#6487=CARTESIAN_POINT('',(0.0038,0.029527759353256,-0.012172204213097));
#6488=CARTESIAN_POINT('',(0.0011,0.029828979138239,-0.012350436199941));
#6489=CARTESIAN_POINT('',(0.001098004812768,0.029828979138361,-0.012350436199735));
#6490=CARTESIAN_POINT('',(0.001096009624571,0.029828988603447,-0.01235042020333));
#6491=CARTESIAN_POINT('',(0.001094014629312,0.029829007533539,-0.012350388210655));
#6492=CARTESIAN_POINT('',(0.001092020018926,0.029829035923248,-0.012350340218603));
#6493=CARTESIAN_POINT('',(0.00109002598338,0.029829073761755,-0.012350276221038));
#6494=CARTESIAN_POINT('',(0.001088032710673,0.029829121032811,-0.012350196208794));
#6495=CARTESIAN_POINT('',(0.001084022083118,0.029829235135784,-0.012350002878198));
#6496=CARTESIAN_POINT('',(0.001082004751976,0.029829302214972,-0.012349889138737));
#6497=CARTESIAN_POINT('',(0.001079988585908,0.029829378929753,-0.012349758938624));
#6498=CARTESIAN_POINT('',(0.001077973772838,0.029829465252468,-0.01234961226097));
#6499=CARTESIAN_POINT('',(0.001075960496122,0.029829561150338,-0.012349449084654));
#6500=CARTESIAN_POINT('',(0.001073948934543,0.029829666585466,-0.012349269384329));
#6501=CARTESIAN_POINT('',(0.001069927186179,0.029829896581683,-0.012348876641751));
#6502=CARTESIAN_POINT('',(0.001067917004,0.029830021165682,-0.012348663559512));
#6503=CARTESIAN_POINT('',(0.001065908889864,0.029830155223737,-0.012348433853951));
#6504=CARTESIAN_POINT('',(0.001063903013529,0.029830298708181,-0.012348187489952));
#6505=CARTESIAN_POINT('',(0.001061899540422,0.02983045156678,-0.01234792442703));
#6506=CARTESIAN_POINT('',(0.001059898631646,0.02983061374273,-0.012347644619329));
#6507=CARTESIAN_POINT('',(0.001055899289495,0.02983095686112,-0.012347050971535));
#6508=CARTESIAN_POINT('',(0.00105390086499,0.029831137831123,-0.012346737081304));
#6509=CARTESIAN_POINT('',(0.001051905327725,0.02983132802314,-0.01234640629336));
#6510=CARTESIAN_POINT('',(0.001049912832268,0.029831527371287,-0.012346058549938));
#6511=CARTESIAN_POINT('',(0.001047923530492,0.029831735805317,-0.012345693787086));
#6512=CARTESIAN_POINT('',(0.001045937571574,0.029831953250627,-0.012345311934659));
#6513=CARTESIAN_POINT('',(0.001041969451559,0.029832406369101,-0.012344513257766));
#6514=CARTESIAN_POINT('',(0.001039987302534,0.029832642070872,-0.01234409637808));
#6515=CARTESIAN_POINT('',(0.001038008802164,0.029832886654325,-0.012343662200481));
#6516=CARTESIAN_POINT('',(0.001036034096754,0.029833140035684,-0.012343210641523));
#6517=CARTESIAN_POINT('',(0.00103406333167,0.029833402126636,-0.012342741611096));
#6518=CARTESIAN_POINT('',(0.001032096651339,0.029833672834329,-0.01234225501243));
#6519=CARTESIAN_POINT('',(0.00102816849226,0.029834231751545,-0.012341245635376));
#6520=CARTESIAN_POINT('',(0.001026207028276,0.029834519989158,-0.012340722798316));
#6521=CARTESIAN_POINT('',(0.001024249951608,0.029834816676428,-0.012340182126916));
#6522=CARTESIAN_POINT('',(0.001022297407085,0.029835121710519,-0.012339623510281));
#6523=CARTESIAN_POINT('',(0.001020349540065,0.029835434983551,-0.012339046830618));
#6524=CARTESIAN_POINT('',(0.001018406496433,0.029835756382594,-0.012338451963234));
#6525=CARTESIAN_POINT('',(0.001014526956132,0.029836415773385,-0.012337224516446));
#6526=CARTESIAN_POINT('',(0.001012590477467,0.029836753792904,-0.012336591872902));
#6527=CARTESIAN_POINT('',(0.001010659133857,0.029837099729715,-0.012335940713583));
#6528=CARTESIAN_POINT('',(0.001008733074263,0.02983745345945,-0.012335270899189));
#6529=CARTESIAN_POINT('',(0.001006812449351,0.029837814851889,-0.012334582283443));
#6530=CARTESIAN_POINT('',(0.001004897411497,0.029838183770962,-0.012333874713089));
#6531=CARTESIAN_POINT('',(0.001001075046151,0.029838937121939,-0.01233241990709));
#6532=CARTESIAN_POINT('',(0.000999167741872004,0.029839321582664,-0.012331672595957));
#6533=CARTESIAN_POINT('',(0.000997266356982003,0.029839713314241,-0.012330905933259));
#6534=CARTESIAN_POINT('',(0.000995371049238004,0.029840112167034,-0.012330119750861));
#6535=CARTESIAN_POINT('',(0.000993481979111002,0.029840517984456,-0.012329313873731));
#6536=CARTESIAN_POINT('',(0.000991599309791001,0.029840930602964,-0.012328488119934));
#6537=CARTESIAN_POINT('',(0.000987842548142,0.029841770119378,-0.012326794427126));
#6538=CARTESIAN_POINT('',(0.000985968488224,0.029842197049036,-0.012325926390736));
#6539=CARTESIAN_POINT('',(0.000984101194568002,0.029842630469389,-0.012325038001175));
#6540=CARTESIAN_POINT('',(0.000982240837974001,0.029843070200398,-0.012324129061562));
#6541=CARTESIAN_POINT('',(0.000980387592899999,0.029843516053634,-0.012323199368429));
#6542=CARTESIAN_POINT('',(0.000978541637469001,0.029843967832277,-0.01232224871172));
#6543=CARTESIAN_POINT('',(0.000974858753988003,0.029844884301994,-0.012320301910907));
#6544=CARTESIAN_POINT('',(0.000973021874580003,0.029845349029318,-0.01231930563065));
#6545=CARTESIAN_POINT('',(0.000971192698789002,0.029845819305995,-0.01231828781514));
#6546=CARTESIAN_POINT('',(0.000969371414783003,0.029846294914706,-0.012317248239617));
#6547=CARTESIAN_POINT('',(0.000967558215344,0.029846775627908,-0.012316186673445));
#6548=CARTESIAN_POINT('',(0.000965753297864001,0.029847261207834,-0.012315102880107));
#6549=CARTESIAN_POINT('',(0.000962152384757001,0.029848243800713,-0.012312885399453));
#6550=CARTESIAN_POINT('',(0.000960356465808002,0.029848740854372,-0.012311751511038));
#6551=CARTESIAN_POINT('',(0.000958569312261001,0.029849242316238,-0.012310594706063));
#6552=CARTESIAN_POINT('',(0.000956791134489002,0.029849747922548,-0.012309414734142));
#6553=CARTESIAN_POINT('',(0.000955022148479003,0.029850257397004,-0.012308211340405));
#6554=CARTESIAN_POINT('',(0.000953262575838002,0.02985077045078,-0.012306984265498));
#6555=CARTESIAN_POINT('',(0.000949751511919002,0.029851806418847,-0.012304474218963));
#6556=CARTESIAN_POINT('',(0.000948000144982999,0.029852329374321,-0.01230319094092));
#6557=CARTESIAN_POINT('',(0.000946258774651001,0.029852855341842,-0.012301883142135));
#6558=CARTESIAN_POINT('',(0.000944527639274002,0.029853383998922,-0.012300550551367));
#6559=CARTESIAN_POINT('',(0.000942806983879,0.02985391500768,-0.012299192895462));
#6560=CARTESIAN_POINT('',(0.000941097060171002,0.029854448014843,-0.012297809899348));
#6561=CARTESIAN_POINT('',(0.000937683472880001,0.029855522235569,-0.012294979639011));
#6562=CARTESIAN_POINT('',(0.000935980014169002,0.029856063478398,-0.012293531900312));
#6563=CARTESIAN_POINT('',(0.000934288016171004,0.029856606001251,-0.012292057784589));
#6564=CARTESIAN_POINT('',(0.000932607752401001,0.029857149406306,-0.012290557009141));
#6565=CARTESIAN_POINT('',(0.000930939504111002,0.029857693276892,-0.01228902929392));
#6566=CARTESIAN_POINT('',(0.000929283560292,0.029858237177494,-0.01228747436153));
#6567=CARTESIAN_POINT('',(0.000925974773574003,0.029859331439278,-0.012284288230736));
#6568=CARTESIAN_POINT('',(0.000924322272382001,0.029859881787912,-0.012282656290794));
#6569=CARTESIAN_POINT('',(0.000922683023319004,0.029860431226541,-0.012280995830524));
#6570=CARTESIAN_POINT('',(0.000921057344221002,0.029860979259257,-0.012279306573685));
#6571=CARTESIAN_POINT('',(0.000919445561548004,0.029861525367358,-0.012277588254676));
#6572=CARTESIAN_POINT('',(0.000917848010378999,0.029862069009353,-0.012275840618536));
#6573=CARTESIAN_POINT('',(0.000914650963101001,0.029863160852113,-0.012272251312785));
#6574=CARTESIAN_POINT('',(0.000913052045443001,0.029863708931868,-0.012270408475061));
#6575=CARTESIAN_POINT('',(0.000911468646562,0.029864253261392,-0.012268534647544));
#6576=CARTESIAN_POINT('',(0.000909901140431001,0.029864793215118,-0.012266629594502));
#6577=CARTESIAN_POINT('',(0.000908349909869002,0.029865328140736,-0.012264693104699));
#6578=CARTESIAN_POINT('',(0.000906815346551001,0.029865857359192,-0.012262724991395));
#6579=CARTESIAN_POINT('',(0.000903736445497003,0.029866918097984,-0.01225866732462));
#6580=CARTESIAN_POINT('',(0.000902193109265002,0.029867449242036,-0.012256575912313));
#6581=CARTESIAN_POINT('',(0.000900668280229999,0.029867972826337,-0.01225445067741));
#6582=CARTESIAN_POINT('',(0.000899162403586003,0.029868488051245,-0.012252291490381));
#6583=CARTESIAN_POINT('',(0.000897675931780001,0.02986899408798,-0.012250098270184));
#6584=CARTESIAN_POINT('',(0.000896209324524,0.029869490078624,-0.012247870984266));
#6585=CARTESIAN_POINT('',(0.000893254137398002,0.02987048120061,-0.012243250378392));
#6586=CARTESIAN_POINT('',(0.000891767354379999,0.029870975367409,-0.012240854055787));
#6587=CARTESIAN_POINT('',(0.000890303233440002,0.029871456625264,-0.01223842069892));
#6588=CARTESIAN_POINT('',(0.000888862309203004,0.029871923937407,-0.012235950415872));
#6589=CARTESIAN_POINT('',(0.000887445117206002,0.029872376241572,-0.01223344340463));
#6590=CARTESIAN_POINT('',(0.000886052193900002,0.029872812449982,-0.012230899953086));
#6591=CARTESIAN_POINT('',(0.000883224692160001,0.029873678400228,-0.012225568845343));
#6592=CARTESIAN_POINT('',(0.000881793527200005,0.029874105779224,-0.01222277622915));
#6593=CARTESIAN_POINT('',(0.000880391240944002,0.029874512226562,-0.012219943056074));
#6594=CARTESIAN_POINT('',(0.000879018474633002,0.029874896379467,-0.012217069951789));
#6595=CARTESIAN_POINT('',(0.000877675851569004,0.029875256872178,-0.012214157702031));
#6596=CARTESIAN_POINT('',(0.000876363977125001,0.029875592335942,-0.012211207252598));
#6597=CARTESIAN_POINT('',(0.000873664216318001,0.029876243934046,-0.012204908611159));
#6598=CARTESIAN_POINT('',(0.000872283469050002,0.029876554065917,-0.012201551948458));
#6599=CARTESIAN_POINT('',(0.000870942009156002,0.029876829910947,-0.012198151261854));
#6600=CARTESIAN_POINT('',(0.000869640577272002,0.029877069663647,-0.012194708360397));
#6601=CARTESIAN_POINT('',(0.000868379842445002,0.029877271596729,-0.012191225321579));
#6602=CARTESIAN_POINT('',(0.000867160402131001,0.0298774340611,-0.012187704491336));
#6603=CARTESIAN_POINT('',(0.000864574492326003,0.02987770069509,-0.01217989593285));
#6604=CARTESIAN_POINT('',(0.000863225980142001,0.02987778726831,-0.012175592981699));
#6605=CARTESIAN_POINT('',(0.000861938151241002,0.029877812506775,-0.01217124424585));
#6606=CARTESIAN_POINT('',(0.000860711676378002,0.029877774079352,-0.012166854692995));
#6607=CARTESIAN_POINT('',(0.000859546991471002,0.029877670022523,-0.012162429643258));
#6608=CARTESIAN_POINT('',(0.000858444297599001,0.029877498740393,-0.0121579747692));
#6609=CARTESIAN_POINT('',(0.000855848581987,0.029876900812227,-0.012146804447662));
#6610=CARTESIAN_POINT('',(0.000854431788518004,0.029876389842086,-0.012140058976882));
#6611=CARTESIAN_POINT('',(0.000853153241170003,0.029875722184489,-0.01213328021742));
#6612=CARTESIAN_POINT('',(0.000852011441035003,0.02987489619401,-0.012126487958989));
#6613=CARTESIAN_POINT('',(0.000851003774324004,0.029873912305221,-0.012119701062121));
#6614=CARTESIAN_POINT('',(0.000850126956978003,0.029872772848343,-0.012112937273204));
#6615=CARTESIAN_POINT('',(0.000847511761255002,0.029868268145471,-0.012089474017413));
#6616=CARTESIAN_POINT('',(0.000846436339425001,0.029864117523009,-0.012072991253894));
#6617=CARTESIAN_POINT('',(0.00084609015424,0.029859087636458,-0.012056983353287));
#6618=CARTESIAN_POINT('',(0.000846406555823003,0.029853281157131,-0.01204158682179));
#6619=CARTESIAN_POINT('',(0.000847348581191003,0.029846809996854,-0.01202688434619));
#6620=CARTESIAN_POINT('',(0.000848892055928002,0.029839782677359,-0.012012916993535));
#6621=CARTESIAN_POINT('',(0.000851904053308001,0.029829237069588,-0.011994300872077));
#6622=CARTESIAN_POINT('',(0.000852875508888001,0.029826105751287,-0.011989032943153));
#6623=CARTESIAN_POINT('',(0.000853945329946999,0.029822904771239,-0.011983891139672));
#6624=CARTESIAN_POINT('',(0.000855113191517001,0.029819641009406,-0.011978876540457));
#6625=CARTESIAN_POINT('',(0.000856378950563001,0.029816321329543,-0.01197398987208));
#6626=CARTESIAN_POINT('',(0.000857742563010001,0.029812952541049,-0.011969231507873));
#6627=CARTESIAN_POINT('',(0.000860286013460002,0.029807015806625,-0.011961173498163));
#6628=CARTESIAN_POINT('',(0.000861421637693999,0.029804467025819,-0.01195781589088));
#6629=CARTESIAN_POINT('',(0.000862610872661002,0.029801897771062,-0.01195452867556));
#6630=CARTESIAN_POINT('',(0.000863853697693002,0.029799310769622,-0.011951311792847));
#6631=CARTESIAN_POINT('',(0.000865150072270001,0.029796708723365,-0.011948165093549));
#6632=CARTESIAN_POINT('',(0.000866499936022003,0.029794094308757,-0.011945088338632));
#6633=CARTESIAN_POINT('',(0.000869102718320001,0.029789227083729,-0.011939510713435));
#6634=CARTESIAN_POINT('',(0.000870341246037,0.029786976886728,-0.011936991095827));
#6635=CARTESIAN_POINT('',(0.000871618735798,0.029784721241785,-0.011934522141838));
#6636=CARTESIAN_POINT('',(0.00087293510681,0.029782461779619,-0.011932103601428));
#6637=CARTESIAN_POINT('',(0.000874290253559999,0.029780200105735,-0.011929735179079));
#6638=CARTESIAN_POINT('',(0.000875684045825002,0.029777937800424,-0.011927416533799));
#6639=CARTESIAN_POINT('',(0.000878409639035002,0.029773634455917,-0.011923098207148));
#6640=CARTESIAN_POINT('',(0.000879734331769001,0.029771593243793,-0.011921089407493));
#6641=CARTESIAN_POINT('',(0.000881090291123002,0.029769553926416,-0.011919120595253));
#6642=CARTESIAN_POINT('',(0.000882477381981002,0.02976751762465,-0.011917191458981));
#6643=CARTESIAN_POINT('',(0.000883895449849001,0.029765485436206,-0.011915301660679));
#6644=CARTESIAN_POINT('',(0.000885344320864002,0.029763458435642,-0.011913450835802));
#6645=CARTESIAN_POINT('',(0.000888199603780001,0.029759558523801,-0.011909953348866));
#6646=CARTESIAN_POINT('',(0.000889601875964003,0.029757684767526,-0.011908301470101));
#6647=CARTESIAN_POINT('',(0.000891030462483001,0.029755817250271,-0.011906682642258));
#6648=CARTESIAN_POINT('',(0.000892485193284002,0.029753956796469,-0.011905096534816));
#6649=CARTESIAN_POINT('',(0.000893965884116003,0.029752104210253,-0.01190354280143));
#6650=CARTESIAN_POINT('',(0.000895472336528005,0.029750260275453,-0.011902021079934));
#6651=CARTESIAN_POINT('',(0.000898455270231,0.029746688313114,-0.011899119755776));
#6652=CARTESIAN_POINT('',(0.000899929119579,0.029744959315056,-0.01189773689497));
#6653=CARTESIAN_POINT('',(0.000901425705214003,0.029743239409528,-0.011896382088778));
#6654=CARTESIAN_POINT('',(0.000902944836219,0.02974152922722,-0.011895055006976));
#6655=CARTESIAN_POINT('',(0.000904486311463001,0.02973982938141,-0.01189375531026));
#6656=CARTESIAN_POINT('',(0.000906049919602001,0.029738140467965,-0.01189248265025));
#6657=CARTESIAN_POINT('',(0.000909155742951001,0.029734854657651,-0.011890041938412));
#6658=CARTESIAN_POINT('',(0.000910696193231003,0.029733256833248,-0.011888871737997));
#6659=CARTESIAN_POINT('',(0.000912256594670001,0.02973167010177,-0.011887725753132));
#6660=CARTESIAN_POINT('',(0.000913836744751002,0.029730094958072,-0.011886603664086));
#6661=CARTESIAN_POINT('',(0.000915436433684001,0.029728531882235,-0.011885505146503));
#6662=CARTESIAN_POINT('',(0.000917055444408003,0.02972698133956,-0.011884429871407));
#6663=CARTESIAN_POINT('',(0.000920278206098999,0.029723956395136,-0.01188235947975));
#6664=CARTESIAN_POINT('',(0.000921880731495999,0.02972248115996,-0.01188136289328));
#6665=CARTESIAN_POINT('',(0.000923500925829001,0.029721018482672,-0.011880387443846));
#6666=CARTESIAN_POINT('',(0.000925138581029002,0.029719568758423,-0.011879432827922));
#6667=CARTESIAN_POINT('',(0.000926793483914001,0.029718132369886,-0.011878498740394));
#6668=CARTESIAN_POINT('',(0.000928465416187001,0.029716709687259,-0.011877584874562));
#6669=CARTESIAN_POINT('',(0.000931798494288,0.029713929483076,-0.011875820472498));
#6670=CARTESIAN_POINT('',(0.000933458768442003,0.029712571231962,-0.011874968903598));
#6671=CARTESIAN_POINT('',(0.00093513477078,0.029711226645027,-0.011874135930894));
#6672=CARTESIAN_POINT('',(0.000936826291649002,0.029709896041874,-0.011873321270371));
#6673=CARTESIAN_POINT('',(0.000938533117857,0.029708579731612,-0.011872524638541));
#6674=CARTESIAN_POINT('',(0.000940255032673001,0.029707278012847,-0.011871745752443));
#6675=CARTESIAN_POINT('',(0.000943691352858003,0.029704731931394,-0.011870239235917));
#6676=CARTESIAN_POINT('',(0.000945405127661003,0.029703486937604,-0.011869510865017));
#6677=CARTESIAN_POINT('',(0.000947132933967004,0.029702256462204,-0.011868798952355));
#6678=CARTESIAN_POINT('',(0.000948874563108999,0.029701040766267,-0.01186810323537));
#6679=CARTESIAN_POINT('',(0.000950629804016005,0.029699840102062,-0.011867423453531));
#6680=CARTESIAN_POINT('',(0.000952398443220998,0.029698654713048,-0.011866759348332));
#6681=CARTESIAN_POINT('',(0.000955930587885002,0.029696335635538,-0.011865473445558));
#6682=CARTESIAN_POINT('',(0.000957693631623003,0.029695201403803,-0.011864851108021));
#6683=CARTESIAN_POINT('',(0.000959469191567999,0.029694082361047,-0.011864243407627));
#6684=CARTESIAN_POINT('',(0.000961257061618002,0.029692978722286,-0.011863650104422));
#6685=CARTESIAN_POINT('',(0.000963057034066,0.02969189069517,-0.011863070961563));
#6686=CARTESIAN_POINT('',(0.000964868899603004,0.029690818479988,-0.011862505745319));
#6687=CARTESIAN_POINT('',(0.000968489171793003,0.029688721595536,-0.011861410817326));
#6688=CARTESIAN_POINT('',(0.000970297237443001,0.029687696459156,-0.011860880705949));
#6689=CARTESIAN_POINT('',(0.000972116442640003,0.02968668704504,-0.011860363670381));
#6690=CARTESIAN_POINT('',(0.000973946584664001,0.029685693531574,-0.011859859493968));
#6691=CARTESIAN_POINT('',(0.000975787459704003,0.029684716091014,-0.011859367963957));
#6692=CARTESIAN_POINT('',(0.000977638862858,0.029683754889489,-0.011858888871492));
#6693=CARTESIAN_POINT('',(0.000981339329648005,0.029681876948481,-0.011857960915318));
#6694=CARTESIAN_POINT('',(0.000983188140048,0.029680959806852,-0.011857511751704));
#6695=CARTESIAN_POINT('',(0.000985046820983,0.029680058816252,-0.011857074323354));
#6696=CARTESIAN_POINT('',(0.000986915173266999,0.029679174125744,-0.011856648437326));
#6697=CARTESIAN_POINT('',(0.000988792996873003,0.029678305879309,-0.011856233905161));
#6698=CARTESIAN_POINT('',(0.000990680090933001,0.02967745421585,-0.011855830542883));
#6699=CARTESIAN_POINT('',(0.000994452616953002,0.029675793040991,-0.011855049896232));
#6700=CARTESIAN_POINT('',(0.000996337860456002,0.029674983182541,-0.011854672383752));
#6701=CARTESIAN_POINT('',(0.000998231788912004,0.02967418982353,-0.011854305459656));
#6702=CARTESIAN_POINT('',(0.001000134206131,0.029673413089438,-0.011853948954961));
#6703=CARTESIAN_POINT('',(0.00100204491507,0.029672653101545,-0.011853602705598));
#6704=CARTESIAN_POINT('',(0.001003963717835,0.029671909976924,-0.011853266552415));
#6705=CARTESIAN_POINT('',(0.001007799994103,0.02967046413207,-0.011852617028439));
#6706=CARTESIAN_POINT('',(0.001009717327735,0.029669761111709,-0.011852303481934));
#6707=CARTESIAN_POINT('',(0.00101164222321,0.029669074877283,-0.011851999551523));
#6708=CARTESIAN_POINT('',(0.00101357448599,0.029668405535201,-0.011851705092306));
#6709=CARTESIAN_POINT('',(0.001015513920373,0.029667753188366,-0.011851419964618));
#6710=CARTESIAN_POINT('',(0.001017460329486,0.029667117936176,-0.01185114403403));
#6711=CARTESIAN_POINT('',(0.001021351900284,0.029665886496397,-0.011850612330891));
#6712=CARTESIAN_POINT('',(0.001023296959286,0.029665290049429,-0.011850356421575));
#6713=CARTESIAN_POINT('',(0.001025248498871,0.029664710627392,-0.011850109317148));
#6714=CARTESIAN_POINT('',(0.001027206323755,0.029664148321041,-0.011849870896815));
#6715=CARTESIAN_POINT('',(0.001029170236799,0.029663603218107,-0.011849641045237));
#6716=CARTESIAN_POINT('',(0.001031140039008,0.029663075403295,-0.011849419652529));
#6717=CARTESIAN_POINT('',(0.001035078328147,0.029662057792726,-0.011848994944702));
#6718=CARTESIAN_POINT('',(0.001037046741644,0.029661567774578,-0.011848791522681));
#6719=CARTESIAN_POINT('',(0.001039020573158,0.02966109498405,-0.011848596245812));
#6720=CARTESIAN_POINT('',(0.001040999622842,0.029660639498517,-0.011848409017273));
#6721=CARTESIAN_POINT('',(0.001042983687869,0.029660201392513,-0.01184822974581));
#6722=CARTESIAN_POINT('',(0.00104497256243,0.029659780737737,-0.011848058345739));
#6723=CARTESIAN_POINT('',(0.001048948898222,0.029658976614963,-0.011847731999333));
#6724=CARTESIAN_POINT('',(0.001050936309856,0.029658592960824,-0.011847576970292));
#6725=CARTESIAN_POINT('',(0.001052928067197,0.029658226708545,-0.011847429571036));
#6726=CARTESIAN_POINT('',(0.001054923960361,0.029657877922961,-0.011847289728318));
#6727=CARTESIAN_POINT('',(0.001056923775015,0.029657546665822,-0.011847157374428));
#6728=CARTESIAN_POINT('',(0.001058927292383,0.029657232995797,-0.011847032447196));
#6729=CARTESIAN_POINT('',(0.001062932925786,0.029656642174279,-0.011846797822481));
#6730=CARTESIAN_POINT('',(0.001064935012338,0.029656364875847,-0.011846688063693));
#6731=CARTESIAN_POINT('',(0.001066940328112,0.029656105128254,-0.01184658555777));
#6732=CARTESIAN_POINT('',(0.001068948646724,0.029655862982684,-0.011846490254176));
#6733=CARTESIAN_POINT('',(0.001070959736187,0.029655638486435,-0.011846402107696));
#6734=CARTESIAN_POINT('',(0.00107297335891,0.029655431682915,-0.011846321078437));
#6735=CARTESIAN_POINT('',(0.00107699946124,0.029655054077154,-0.011846173395152));
#6736=CARTESIAN_POINT('',(0.001079011928214,0.02965488317395,-0.011846106700863));
#6737=CARTESIAN_POINT('',(0.001081026430566,0.029654729941276,-0.011846047014718));
#6738=CARTESIAN_POINT('',(0.001083042721306,0.029654594413264,-0.011845994307428));
#6739=CARTESIAN_POINT('',(0.001085060548514,0.02965447661894,-0.011845948554658));
#6740=CARTESIAN_POINT('',(0.001087079655338,0.029654376582216,-0.011845909737026));
#6741=CARTESIAN_POINT('',(0.00109065574234,0.029654230962463,-0.011845853272111));
#6742=CARTESIAN_POINT('',(0.00109221230918,0.029654178148749,-0.011845832809796));
#6743=CARTESIAN_POINT('',(0.001093769360861,0.029654135889324,-0.011845816446576));
#6744=CARTESIAN_POINT('',(0.001095326777075,0.029654104190579,-0.011845804177499));
#6745=CARTESIAN_POINT('',(0.001096884436858,0.029654083056722,-0.011845795999241));
#6746=CARTESIAN_POINT('',(0.001098442218592,0.029654072489782,-0.011845791910111));
#6747=CARTESIAN_POINT('',(0.0011,0.029654072489608,-0.011845791910043));
#6748=CARTESIAN_POINT('',(0.0011,0.029828979138239,-0.012350436199941));
#6749=CARTESIAN_POINT('',(0.0011,0.029654072489608,-0.011845791910043));
#6750=CARTESIAN_POINT('',(0.004,0.029828979138239,-0.012350436199941));
#6751=CARTESIAN_POINT('',(0.004,0.029654072489608,-0.011845791910043));
#6752=CARTESIAN_POINT('',(0.0038,0.031077795786903,-0.008977759353256));
#6753=CARTESIAN_POINT('',(0.0038,0.0319,-0.01135));
#6754=CARTESIAN_POINT('',(0.0038,0.0302394939016089,-0.0129414520090802));
#6755=CARTESIAN_POINT('',(0.0038,0.029917204131992,-0.0125155558956181));
#6756=CARTESIAN_POINT('',(0.0038,0.029897940149387,-0.012865025349182));
#6757=CARTESIAN_POINT('',(0.0038,0.029897940149387,-0.012865025349182));
#6758=CARTESIAN_POINT('',(0.0011,0.030239493901609,-0.01294145200908));
#6759=CARTESIAN_POINT('',(0.001097672372116,0.03023949390167,-0.012941452008808));
#6760=CARTESIAN_POINT('',(0.001095344742999,0.03023949958335,-0.012941426617145));
#6761=CARTESIAN_POINT('',(0.001093017424429,0.030239510946692,-0.012941375833931));
#6762=CARTESIAN_POINT('',(0.001090690723987,0.030239527977931,-0.012941299654232));
#6763=CARTESIAN_POINT('',(0.001088364945062,0.030239550649497,-0.012941198068345));
#6764=CARTESIAN_POINT('',(0.001083686065383,0.030239607552497,-0.012940942429068));
#6765=CARTESIAN_POINT('',(0.001081332994638,0.030239641928339,-0.012940787719947));
#6766=CARTESIAN_POINT('',(0.00107898148388,0.030239682004583,-0.01294060691939));
#6767=CARTESIAN_POINT('',(0.001076631832919,0.030239727724226,-0.012940400004772));
#6768=CARTESIAN_POINT('',(0.001074284332104,0.030239779016216,-0.012940166945883));
#6769=CARTESIAN_POINT('',(0.001069592458285,0.03023989261668,-0.012939648272246));
#6770=CARTESIAN_POINT('',(0.001067248089202,0.030239954933318,-0.012939362618267));
#6771=CARTESIAN_POINT('',(0.0010649064353,0.030240022660183,-0.012939050704932));
#6772=CARTESIAN_POINT('',(0.001062567768608,0.030240095698261,-0.012938712483991));
#6773=CARTESIAN_POINT('',(0.001060232352958,0.030240173934715,-0.012938347896999));
#6774=CARTESIAN_POINT('',(0.001055566592129,0.03024034062045,-0.012937565527846));
#6775=CARTESIAN_POINT('',(0.001053236254081,0.030240429078107,-0.012937147701396));
#6776=CARTESIAN_POINT('',(0.001050909685761,0.030240522489013,-0.012936703326862));
#6777=CARTESIAN_POINT('',(0.001048587139334,0.030240620712141,-0.012936232323452));
#6778=CARTESIAN_POINT('',(0.001046268863201,0.030240723592271,-0.012935734598687));
#6779=CARTESIAN_POINT('',(0.001041639489229,0.030240938413628,-0.012934685078348));
#6780=CARTESIAN_POINT('',(0.001039328400007,0.030241050361827,-0.012934133239884));
#6781=CARTESIAN_POINT('',(0.001037022079664,0.030241166634903,-0.012933554428355));
#6782=CARTESIAN_POINT('',(0.001034720774466,0.030241287047968,-0.012932948527186));
#6783=CARTESIAN_POINT('',(0.001032424731617,0.030241411400928,-0.012932315407884));
#6784=CARTESIAN_POINT('',(0.001027841927706,0.030241667653287,-0.012930993950692));
#6785=CARTESIAN_POINT('',(0.001025555176208,0.030241799558016,-0.012930305571522));
#6786=CARTESIAN_POINT('',(0.001023274193649,0.030241934976997,-0.0129295896516));
#6787=CARTESIAN_POINT('',(0.001020999233857,0.030242073677765,-0.012928846038889));
#6788=CARTESIAN_POINT('',(0.001018730555603,0.030242215411064,-0.012928074570242));
#6789=CARTESIAN_POINT('',(0.001014204409435,0.030242504530731,-0.012926474908055));
#6790=CARTESIAN_POINT('',(0.001011946953399,0.030242651921275,-0.012925646668379));
#6791=CARTESIAN_POINT('',(0.001009696319007,0.030242801815866,-0.012924790177476));
#6792=CARTESIAN_POINT('',(0.001007452779036,0.03024295392902,-0.012923905251101));
#6793=CARTESIAN_POINT('',(0.001005216614528,0.030243107956385,-0.012922991695657));
#6794=CARTESIAN_POINT('',(0.001000757093636,0.03024341936917,-0.012921105854485));
#6795=CARTESIAN_POINT('',(0.000998533755461002,0.030243576757693,-0.012920133504183));
#6796=CARTESIAN_POINT('',(0.000996318390662002,0.03024373541606,-0.0129191320534));
#6797=CARTESIAN_POINT('',(0.000994111300748002,0.030243894998663,-0.01291810129175));
#6798=CARTESIAN_POINT('',(0.000991912798345002,0.030244055138535,-0.012917041002349));
#6799=CARTESIAN_POINT('',(0.000987529719462001,0.030244376041445,-0.012914858981458));
#6800=CARTESIAN_POINT('',(0.000985345175489,0.030244536804539,-0.012913737144994));
#6801=CARTESIAN_POINT('',(0.000983169900858002,0.030244697346251,-0.012912585227504));
#6802=CARTESIAN_POINT('',(0.000981004234795,0.030244857252047,-0.012911403001878));
#6803=CARTESIAN_POINT('',(0.000978848530163001,0.030245016083238,-0.012910190238808));
#6804=CARTESIAN_POINT('',(0.000974551527198001,0.030245331128928,-0.01290769955232));
#6805=CARTESIAN_POINT('',(0.000972410289791999,0.030245487333919,-0.012906421450802));
#6806=CARTESIAN_POINT('',(0.000970279811147001,0.030245641524999,-0.012905112168256));
#6807=CARTESIAN_POINT('',(0.000968160477003002,0.030245793208151,-0.012903771474829));
#6808=CARTESIAN_POINT('',(0.000966052688934002,0.030245941862304,-0.012902399144796));
#6809=CARTESIAN_POINT('',(0.000961851179462004,0.030246232698898,-0.012899584161988));
#6810=CARTESIAN_POINT('',(0.000959757571414002,0.030246374847164,-0.012898141210716));
#6811=CARTESIAN_POINT('',(0.000957676463879002,0.030246512828022,-0.012896665877443));
#6812=CARTESIAN_POINT('',(0.000955608298041002,0.030246646055658,-0.01289515795015));
#6813=CARTESIAN_POINT('',(0.000953553532604002,0.03024677391455,-0.012893617230104));
#6814=CARTESIAN_POINT('',(0.000949456680678001,0.030247018504344,-0.012890458210051));
#6815=CARTESIAN_POINT('',(0.000947414800179004,0.030247135145907,-0.012888839423762));
#6816=CARTESIAN_POINT('',(0.000945387489746003,0.030247245024085,-0.012887186982769));
#6817=CARTESIAN_POINT('',(0.000943375255044,0.030247347447359,-0.012885500723196));
#6818=CARTESIAN_POINT('',(0.000941378619946,0.030247441692765,-0.01288378050751));
#6819=CARTESIAN_POINT('',(0.000937395291065003,0.030247613281432,-0.012880252151367));
#6820=CARTESIAN_POINT('',(0.000935408963266,0.03024769042239,-0.012878443241441));
#6821=CARTESIAN_POINT('',(0.000933439704817001,0.030247757647723,-0.01287659937921));
#6822=CARTESIAN_POINT('',(0.000931488094419002,0.030247814145292,-0.012874720493763));
#6823=CARTESIAN_POINT('',(0.000929554727792003,0.030247859071854,-0.012872806558813));
#6824=CARTESIAN_POINT('',(0.000925693428132,0.030247924581921,-0.01286887576619));
#6825=CARTESIAN_POINT('',(0.000923766135173001,0.030247944743539,-0.012866857721551));
#6826=CARTESIAN_POINT('',(0.000921858984782999,0.03024795111726,-0.012864803478005));
#6827=CARTESIAN_POINT('',(0.000919972635314001,0.030247942755777,-0.012862713124318));
#6828=CARTESIAN_POINT('',(0.000918107757492001,0.030247918685133,-0.012860586818792));
#6829=CARTESIAN_POINT('',(0.000914376540717004,0.030247836111383,-0.012856209057986));
#6830=CARTESIAN_POINT('',(0.000912511313433003,0.030247776770767,-0.012853955810613));
#6831=CARTESIAN_POINT('',(0.000910670090503,0.03024769880382,-0.012851665293682));
#6832=CARTESIAN_POINT('',(0.000908853611447002,0.030247601116837,-0.012849337855858));
#6833=CARTESIAN_POINT('',(0.000907062617379002,0.030247482601465,-0.012846973947936));
#6834=CARTESIAN_POINT('',(0.000903468919970001,0.030247196560745,-0.012842087043173));
#6835=CARTESIAN_POINT('',(0.000901668153748002,0.030247027415396,-0.012839561390666));
#6836=CARTESIAN_POINT('',(0.000899896382754003,0.030246833445992,-0.012836997785051));
#6837=CARTESIAN_POINT('',(0.000898154417638002,0.030246613410528,-0.012834396987885));
#6838=CARTESIAN_POINT('',(0.000896443049279001,0.03024636607766,-0.012831759902552));
#6839=CARTESIAN_POINT('',(0.000892993350703,0.030245799647671,-0.012826272566599));
#6840=CARTESIAN_POINT('',(0.000891258451777004,0.030245477432437,-0.012823418451544));
#6841=CARTESIAN_POINT('',(0.000889559257624004,0.030245122151559,-0.012820526460878));
#6842=CARTESIAN_POINT('',(0.000887896614972003,0.030244732434559,-0.012817598009697));
#6843=CARTESIAN_POINT('',(0.000886271311663002,0.030244306969915,-0.012814634696414));
#6844=CARTESIAN_POINT('',(0.000882970297798002,0.03024334516975,-0.012808403018722));
#6845=CARTESIAN_POINT('',(0.000881300888792003,0.030242802710802,-0.012805129157276));
#6846=CARTESIAN_POINT('',(0.000879676769363003,0.030242215551466,-0.01280181898087));
#6847=CARTESIAN_POINT('',(0.000878098732099999,0.03024158226215,-0.012798474960393));
#6848=CARTESIAN_POINT('',(0.000876567442454002,0.030240901560423,-0.012795099775177));
#6849=CARTESIAN_POINT('',(0.000873415426530001,0.030239352638593,-0.01278787083977));
#6850=CARTESIAN_POINT('',(0.000871807144501,0.030238471643559,-0.012784009603945));
#6851=CARTESIAN_POINT('',(0.000870259347411001,0.030237527723329,-0.01278011673716));
#6852=CARTESIAN_POINT('',(0.000868772547942001,0.030236519584502,-0.012776196531648));
#6853=CARTESIAN_POINT('',(0.000867347016697002,0.030235446242867,-0.012772253440242));
#6854=CARTESIAN_POINT('',(0.000864328684615001,0.030232925750466,-0.012763489029347));
#6855=CARTESIAN_POINT('',(0.000862764715034003,0.030231447621577,-0.012758659025027));
#6856=CARTESIAN_POINT('',(0.000861290863790002,0.030229871473983,-0.012753810303081));
#6857=CARTESIAN_POINT('',(0.000859906697057003,0.030228196788448,-0.012748950924003));
#6858=CARTESIAN_POINT('',(0.000858611356845,0.030226423689243,-0.012744088769106));
#6859=CARTESIAN_POINT('',(0.000855587538391003,0.030221740121589,-0.012731928288893));
#6860=CARTESIAN_POINT('',(0.000853969474544004,0.030218706476861,-0.012724635965835));
#6861=CARTESIAN_POINT('',(0.000852545206671,0.030215454449648,-0.012717380319648));
#6862=CARTESIAN_POINT('',(0.000851309045432003,0.030211989100192,-0.01271018427155));
#6863=CARTESIAN_POINT('',(0.000850254912691001,0.030208317361207,-0.012703067815185));
#6864=CARTESIAN_POINT('',(0.000847273788361004,0.030195168598178,-0.012679217353719));
#6865=CARTESIAN_POINT('',(0.000846186928632003,0.030184754710344,-0.012662950751362));
#6866=CARTESIAN_POINT('',(0.000846036894127003,0.030173305228023,-0.012647456174464));
#6867=CARTESIAN_POINT('',(0.000846779968073003,0.030160961187818,-0.012632880133084));
#6868=CARTESIAN_POINT('',(0.000848430984257,0.030147885415586,-0.012619325093779));
#6869=CARTESIAN_POINT('',(0.000852033988737001,0.03012900650885,-0.012602044280393));
#6870=CARTESIAN_POINT('',(0.000853177303892002,0.030123673327382,-0.012597398227342));
#6871=CARTESIAN_POINT('',(0.000854463589081003,0.030118270939641,-0.012592918336005));
#6872=CARTESIAN_POINT('',(0.000855895303626002,0.030112811835902,-0.012588608279522));
#6873=CARTESIAN_POINT('',(0.000857474825454001,0.03010730943815,-0.012584470893515));
#6874=CARTESIAN_POINT('',(0.000860455881182002,0.03009777335277,-0.012577638920488));
#6875=CARTESIAN_POINT('',(0.000861786188844003,0.030093753463241,-0.012574861298348));
#6876=CARTESIAN_POINT('',(0.000863195661224003,0.030089723782479,-0.012572175824642));
#6877=CARTESIAN_POINT('',(0.000864684820262002,0.030085689873947,-0.012569582867043));
#6878=CARTESIAN_POINT('',(0.000866253972443002,0.03008165740049,-0.012567082445271));
#6879=CARTESIAN_POINT('',(0.000869296178720003,0.030074232315348,-0.012562640217049));
#6880=CARTESIAN_POINT('',(0.000870746269009001,0.030070837614154,-0.012560671975012));
#6881=CARTESIAN_POINT('',(0.000872253516967,0.030067451492408,-0.012558769299775));
#6882=CARTESIAN_POINT('',(0.000873817809821001,0.030064077366986,-0.012556931788326));
#6883=CARTESIAN_POINT('',(0.000875438884719002,0.030060718599983,-0.012555158839845));
#6884=CARTESIAN_POINT('',(0.000878621957849001,0.030054380512707,-0.012551915537514));
#6885=CARTESIAN_POINT('',(0.000880173001199004,0.030051397549432,-0.012550432791497));
#6886=CARTESIAN_POINT('',(0.000881769154847001,0.030048431994298,-0.012549000836135));
#6887=CARTESIAN_POINT('',(0.000883410019097003,0.030045486139564,-0.012547618973055));
#6888=CARTESIAN_POINT('',(0.000885095098502001,0.030042562184338,-0.012546286387035));
#6889=CARTESIAN_POINT('',(0.000888428318099002,0.030036970612303,-0.012543810162685));
#6890=CARTESIAN_POINT('',(0.000890070419367003,0.030034299662991,-0.012542659831375));
#6891=CARTESIAN_POINT('',(0.000891749631998003,0.030031651064914,-0.01254155040524));
#6892=CARTESIAN_POINT('',(0.000893465424763002,0.030029026400756,-0.012540481071063));
#6893=CARTESIAN_POINT('',(0.000895217208867,0.030026427157618,-0.012539450949248));
#6894=CARTESIAN_POINT('',(0.000898698667254002,0.030021415874343,-0.01253751874221));
#6895=CARTESIAN_POINT('',(0.000900424769928999,0.030019001119117,-0.012536612789846));
#6896=CARTESIAN_POINT('',(0.000902182095891001,0.030016611643112,-0.012535740430379));
#6897=CARTESIAN_POINT('',(0.000903970063487001,0.030014248542812,-0.012534900823875));
#6898=CARTESIAN_POINT('',(0.000905788059503001,0.030011912829406,-0.012534093096818));
#6899=CARTESIAN_POINT('',(0.000909412426952,0.030007385948507,-0.012532569184565));
#6900=CARTESIAN_POINT('',(0.000911216604931001,0.030005192664194,-0.012531850687226));
#6901=CARTESIAN_POINT('',(0.000913047400479001,0.030003026397347,-0.012531160043178));
#6902=CARTESIAN_POINT('',(0.000914904226732002,0.030000887898419,-0.012530496433327));
#6903=CARTESIAN_POINT('',(0.000916786482582001,0.029998777846813,-0.012529859026405));
#6904=CARTESIAN_POINT('',(0.000920546941158,0.02999467443237,-0.012528652159878));
#6905=CARTESIAN_POINT('',(0.000922423768876003,0.029992679457793,-0.012528081295137));
#6906=CARTESIAN_POINT('',(0.000924323472235002,0.029990712484139,-0.01252753361113));
#6907=CARTESIAN_POINT('',(0.000926245484593004,0.029988774011851,-0.012527008335826));
#6908=CARTESIAN_POINT('',(0.000928189236265999,0.029986864484835,-0.012526504698762));
#6909=CARTESIAN_POINT('',(0.000932078138570002,0.029983143265289,-0.012525549220611));
#6910=CARTESIAN_POINT('',(0.000934022418033004,0.029981330364898,-0.012525096520781));
#6911=CARTESIAN_POINT('',(0.000935986456301004,0.029979545952246,-0.012524663110332));
#6912=CARTESIAN_POINT('',(0.000937969720634001,0.029977790346972,-0.012524248278152));
#6913=CARTESIAN_POINT('',(0.000939971682171001,0.029976063825394,-0.012523851323243));
#6914=CARTESIAN_POINT('',(0.000943980828210001,0.029972695562163,-0.012523097636776));
#6915=CARTESIAN_POINT('',(0.000945987458047002,0.029971052925877,-0.012522740380892));
#6916=CARTESIAN_POINT('',(0.000948011205171004,0.029969438933795,-0.012522399128134));
#6917=CARTESIAN_POINT('',(0.000950051577141002,0.029967853776105,-0.012522073234692));
#6918=CARTESIAN_POINT('',(0.000952108089335001,0.029966297611042,-0.012521762071883));
#6919=CARTESIAN_POINT('',(0.000956228864337001,0.029963260892733,-0.012521171360055));
#6920=CARTESIAN_POINT('',(0.000958292773200004,0.029961779682269,-0.012520891492307));
#6921=CARTESIAN_POINT('',(0.000960371531458004,0.02996032705551,-0.012520624830437));
#6922=CARTESIAN_POINT('',(0.000962464688735003,0.029958903111952,-0.012520370799754));
#6923=CARTESIAN_POINT('',(0.000964571804371001,0.029957507928573,-0.012520128843342));
#6924=CARTESIAN_POINT('',(0.000968795258732003,0.029954786680392,-0.012519669938314));
#6925=CARTESIAN_POINT('',(0.000970911371009003,0.029953460134476,-0.012519452796878));
#6926=CARTESIAN_POINT('',(0.000973040364537003,0.029952161975299,-0.012519246472377));
#6927=CARTESIAN_POINT('',(0.000975181829787002,0.029950892241203,-0.012519050458321));
#6928=CARTESIAN_POINT('',(0.000977335367409002,0.029949650955649,-0.012518864267112));
#6929=CARTESIAN_POINT('',(0.000981652270247001,0.029947232882438,-0.012518511698708));
#6930=CARTESIAN_POINT('',(0.000983815489629003,0.029946055741234,-0.012518345205038));
#6931=CARTESIAN_POINT('',(0.000985989864808003,0.029944906712209,-0.01251818748924));
#6932=CARTESIAN_POINT('',(0.000988175023840004,0.029943785795159,-0.01251803811057));
#6933=CARTESIAN_POINT('',(0.000990370604414002,0.029942692981078,-0.012517896647335));
#6934=CARTESIAN_POINT('',(0.000994771484395002,0.02994056855272,-0.012517629379191));
#6935=CARTESIAN_POINT('',(0.000996976688493002,0.02993953667474,-0.012517503503479));
#6936=CARTESIAN_POINT('',(0.000999191518701002,0.029938532600842,-0.012517384672893));
#6937=CARTESIAN_POINT('',(0.00100141563586,0.029937556309589,-0.012517272509228));
#6938=CARTESIAN_POINT('',(0.001003648709089,0.029936607775482,-0.012517166652935));
#6939=CARTESIAN_POINT('',(0.001008123889133,0.029934769544374,-0.012516967240186));
#6940=CARTESIAN_POINT('',(0.001010365932021,0.029933879644872,-0.012516873639917));
#6941=CARTESIAN_POINT('',(0.001012616225635,0.029933017241398,-0.012516785625214));
#6942=CARTESIAN_POINT('',(0.001014874457338,0.029932182304426,-0.012516702876969));
#6943=CARTESIAN_POINT('',(0.001017140320682,0.029931374803957,-0.012516625094066));
#6944=CARTESIAN_POINT('',(0.00102167995003,0.029929816934946,-0.012516479110086));
#6945=CARTESIAN_POINT('',(0.001023953671625,0.029929066404255,-0.012516410881107));
#6946=CARTESIAN_POINT('',(0.001026234382838,0.02992834308744,-0.012516347025848));
#6947=CARTESIAN_POINT('',(0.001028521789584,0.029927646956567,-0.012516287280964));
#6948=CARTESIAN_POINT('',(0.001030815601039,0.029926977985775,-0.012516231400354));
#6949=CARTESIAN_POINT('',(0.001035409686391,0.029925695927503,-0.012516127041098));
#6950=CARTESIAN_POINT('',(0.001037709928475,0.029925082704393,-0.012516078544133));
#6951=CARTESIAN_POINT('',(0.001040015970736,0.029924496458563,-0.012516033437125));
#6952=CARTESIAN_POINT('',(0.001042327527406,0.029923937170165,-0.012515991509478));
#6953=CARTESIAN_POINT('',(0.001044644312105,0.029923404822881,-0.012515952567147));
#6954=CARTESIAN_POINT('',(0.001049282747143,0.029922395077001,-0.012515880376196));
#6955=CARTESIAN_POINT('',(0.001051604374791,0.029921917562299,-0.012515847115377));
#6956=CARTESIAN_POINT('',(0.001053930635744,0.029921466847419,-0.012515816473801));
#6957=CARTESIAN_POINT('',(0.001056261239713,0.029921042923658,-0.012515788291065));
#6958=CARTESIAN_POINT('',(0.001058595891172,0.029920645786008,-0.012515762422739));
#6959=CARTESIAN_POINT('',(0.001063268478088,0.029919905746989,-0.012515715100623));
#6960=CARTESIAN_POINT('',(0.001065606398926,0.029919562749065,-0.012515693638911));
#6961=CARTESIAN_POINT('',(0.00106794775221,0.029919246438427,-0.012515674227435));
#6962=CARTESIAN_POINT('',(0.001070292229059,0.029918956816436,-0.012515656753948));
#6963=CARTESIAN_POINT('',(0.00107263951137,0.029918693886772,-0.012515641121744));
#6964=CARTESIAN_POINT('',(0.001077335958667,0.0299182217331,-0.012515613395733));
#6965=CARTESIAN_POINT('',(0.00107968511723,0.0299180124388,-0.012515601297283));
#6966=CARTESIAN_POINT('',(0.001082036419963,0.029917829778655,-0.012515590873452));
#6967=CARTESIAN_POINT('',(0.001084389530145,0.029917673758555,-0.012515582058641));
#6968=CARTESIAN_POINT('',(0.001086744101882,0.029917544384155,-0.012515574802518));
#6969=CARTESIAN_POINT('',(0.001090915383914,0.029917362488452,-0.012515564651774));
#6970=CARTESIAN_POINT('',(0.001092731645709,0.029917299147351,-0.012515561138597));
#6971=CARTESIAN_POINT('',(0.001094548402807,0.029917251640059,-0.012515558514429));
#6972=CARTESIAN_POINT('',(0.001096365491252,0.029917219968134,-0.012515556768561));
#6973=CARTESIAN_POINT('',(0.001098182745816,0.02991720413221,-0.01251555589563));
#6974=CARTESIAN_POINT('',(0.0011,0.029917204131992,-0.012515555895618));
#6975=CARTESIAN_POINT('',(0.0011,0.030239493901609,-0.01294145200908));
#6976=CARTESIAN_POINT('',(0.0011,0.029917204131992,-0.012515555895618));
#6977=CARTESIAN_POINT('',(0.004,0.030239493901609,-0.01294145200908));
#6978=CARTESIAN_POINT('',(0.004,0.029917204131992,-0.012515555895618));
#6979=CARTESIAN_POINT('',(0.0038,0.031077795786903,-0.008977759353256));
#6980=CARTESIAN_POINT('',(0.0038,0.0319,-0.01135));
#6981=CARTESIAN_POINT('',(0.0038,0.0308125505713154,-0.0133766854072731));
#6982=CARTESIAN_POINT('',(0.0038,0.0303744256488879,-0.0130712271492249));
#6983=CARTESIAN_POINT('',(0.0038,0.030464096512868,-0.013409545248287));
#6984=CARTESIAN_POINT('',(0.0038,0.030464096512868,-0.013409545248287));
#6985=CARTESIAN_POINT('',(0.0011,0.030812550571315,-0.013376685407273));
#6986=CARTESIAN_POINT('',(0.001097672212818,0.030812550571289,-0.013376685406995));
#6987=CARTESIAN_POINT('',(0.001095344424359,0.030812548128103,-0.013376659498809));
#6988=CARTESIAN_POINT('',(0.001093016994335,0.030812543241735,-0.013376607682543));
#6989=CARTESIAN_POINT('',(0.001090690278113,0.030812535897903,-0.013376529961305));
#6990=CARTESIAN_POINT('',(0.001088364626721,0.030812526068068,-0.013376426341482));
#6991=CARTESIAN_POINT('',(0.001083685408453,0.030812501187356,-0.013376165611222));
#6992=CARTESIAN_POINT('',(0.001081331877633,0.030812486069098,-0.013376007810887));
#6993=CARTESIAN_POINT('',(0.001078980153402,0.030812468310142,-0.013375823441764));
#6994=CARTESIAN_POINT('',(0.001076630584904,0.030812447850742,-0.0133756125148));
#6995=CARTESIAN_POINT('',(0.001074283511411,0.030812424615916,-0.013375375041861));
#6996=CARTESIAN_POINT('',(0.001069591298297,0.030812372373631,-0.013374846611234));
#6997=CARTESIAN_POINT('',(0.001067246167913,0.03081234335703,-0.013374555568932));
#6998=CARTESIAN_POINT('',(0.001064904200815,0.03081231137502,-0.013374237921447));
#6999=CARTESIAN_POINT('',(0.00106256571787,0.030812276321374,-0.013373893679932));
#7000=CARTESIAN_POINT('',(0.001060231031159,0.030812238074266,-0.013373522854077));
#7001=CARTESIAN_POINT('',(0.001055564919898,0.030812154830204,-0.013372727208316));
#7002=CARTESIAN_POINT('',(0.001053233513975,0.030812109819069,-0.013372302275566));
#7003=CARTESIAN_POINT('',(0.001050906531101,0.030812061324579,-0.013371850661777));
#7004=CARTESIAN_POINT('',(0.001048584271654,0.030812009192403,-0.013371372372385));
#7005=CARTESIAN_POINT('',(0.001046267031503,0.030811953252172,-0.013370867410346));
#7006=CARTESIAN_POINT('',(0.001041637291742,0.03081183323032,-0.013369802789624));
#7007=CARTESIAN_POINT('',(0.001039324820499,0.030811769128295,-0.013369242995279));
#7008=CARTESIAN_POINT('',(0.001037017982007,0.030811700823568,-0.013368656393281));
#7009=CARTESIAN_POINT('',(0.001034717069924,0.030811628111759,-0.013368042981827));
#7010=CARTESIAN_POINT('',(0.001032422377837,0.030811550771935,-0.013367402757125));
#7011=CARTESIAN_POINT('',(0.001027839189304,0.030811386115863,-0.013366066678194));
#7012=CARTESIAN_POINT('',(0.001025550732868,0.030811298770464,-0.013365370664038));
#7013=CARTESIAN_POINT('',(0.001023269126358,0.030811206290793,-0.013364647664871));
#7014=CARTESIAN_POINT('',(0.001020994669659,0.030811108420126,-0.013363897674372));
#7015=CARTESIAN_POINT('',(0.001018727666129,0.030811004884639,-0.01336312068595));
#7016=CARTESIAN_POINT('',(0.001014201114169,0.030810785511316,-0.013361509829504));
#7017=CARTESIAN_POINT('',(0.001011941622016,0.030810669630842,-0.01336067576898));
#7018=CARTESIAN_POINT('',(0.001009690256527,0.030810547457902,-0.013359814504063));
#7019=CARTESIAN_POINT('',(0.00100744733415,0.030810418680796,-0.013358926030126));
#7020=CARTESIAN_POINT('',(0.001005213177383,0.030810282970207,-0.013358010345025));
#7021=CARTESIAN_POINT('',(0.001000753228811,0.03080999635691,-0.013356120390413));
#7022=CARTESIAN_POINT('',(0.000998527518008,0.030809845389785,-0.013355145880929));
#7023=CARTESIAN_POINT('',(0.000996311315563003,0.030809686726209,-0.013354143920832));
#7024=CARTESIAN_POINT('',(0.000994104962457002,0.030809519996604,-0.013353114516539));
#7025=CARTESIAN_POINT('',(0.000991908807472002,0.030809344813428,-0.013352057680705));
#7026=CARTESIAN_POINT('',(0.000987525280584999,0.030808975690969,-0.013349883068817));
#7027=CARTESIAN_POINT('',(0.000985338028372001,0.030808781651579,-0.013348764983692));
#7028=CARTESIAN_POINT('',(0.000983161813483003,0.030808578240478,-0.013347619195909));
#7029=CARTESIAN_POINT('',(0.000980997007611003,0.030808365027201,-0.013346445735601));
#7030=CARTESIAN_POINT('',(0.000978843991204004,0.030808141563344,-0.013345244643973));
#7031=CARTESIAN_POINT('',(0.000974546524711,0.030807671474444,-0.013342778239858));
#7032=CARTESIAN_POINT('',(0.000972402255009001,0.030807424690975,-0.01334151252021));
#7033=CARTESIAN_POINT('',(0.000970270742604001,0.03080716655522,-0.013340218867681));
#7034=CARTESIAN_POINT('',(0.000968152394592001,0.030806896572986,-0.013338897352734));
#7035=CARTESIAN_POINT('',(0.000966047626911999,0.030806614232824,-0.013337548062974));
#7036=CARTESIAN_POINT('',(0.000961845647798002,0.030806020891019,-0.013334780672478));
#7037=CARTESIAN_POINT('',(0.000959748711496001,0.030805709636492,-0.013333362029065));
#7038=CARTESIAN_POINT('',(0.000957666493316002,0.030805384697785,-0.013331915280706));
#7039=CARTESIAN_POINT('',(0.000955599438966,0.030805045514727,-0.013330440559815));
#7040=CARTESIAN_POINT('',(0.000953548001994004,0.030804691511639,-0.013328938023424));
#7041=CARTESIAN_POINT('',(0.000949450690307999,0.030803947856029,-0.01332585768877));
#7042=CARTESIAN_POINT('',(0.000947405237919002,0.03080355779896,-0.013324279165114));
#7043=CARTESIAN_POINT('',(0.000945376766987003,0.030803151311071,-0.013322672471176));
#7044=CARTESIAN_POINT('',(0.000943365763208002,0.03080272776519,-0.013321037829558));
#7045=CARTESIAN_POINT('',(0.000941372717606002,0.030802286522021,-0.013319375496503));
#7046=CARTESIAN_POINT('',(0.000937388964301001,0.030801359291745,-0.01331596644339));
#7047=CARTESIAN_POINT('',(0.000935398907354001,0.030800872657806,-0.01331421875693));
#7048=CARTESIAN_POINT('',(0.000933428479430003,0.030800366341617,-0.013312443008274));
#7049=CARTESIAN_POINT('',(0.000931478204964999,0.030799839650174,-0.013310639547437));
#7050=CARTESIAN_POINT('',(0.000929548609101001,0.030799291884187,-0.013308808768685));
#7051=CARTESIAN_POINT('',(0.000925686959503,0.030798139401804,-0.013305049778388));
#7052=CARTESIAN_POINT('',(0.000923755912806003,0.030797533651144,-0.013303120289352));
#7053=CARTESIAN_POINT('',(0.000921847642452001,0.030796904329032,-0.01330116311449));
#7054=CARTESIAN_POINT('',(0.000919962706393999,0.030796250681525,-0.013299178781117));
#7055=CARTESIAN_POINT('',(0.000918101655673,0.030795571957808,-0.013297167872807));
#7056=CARTESIAN_POINT('',(0.000914370222900002,0.030794140540161,-0.013293029652012));
#7057=CARTESIAN_POINT('',(0.000912501410914004,0.030793386186528,-0.01329090067063));
#7058=CARTESIAN_POINT('',(0.000910659197149,0.030792603527759,-0.013288744789509));
#7059=CARTESIAN_POINT('',(0.000908844161558002,0.030791791760054,-0.013286562781879));
#7060=CARTESIAN_POINT('',(0.00090705686535,0.030790950097349,-0.013284355489945));
#7061=CARTESIAN_POINT('',(0.000903463176791002,0.030789167924226,-0.013279796169998));
#7062=CARTESIAN_POINT('',(0.000901659266468003,0.030788224722585,-0.01327744199925));
#7063=CARTESIAN_POINT('',(0.000899886736634003,0.030787247294386,-0.013275062349376));
#7064=CARTESIAN_POINT('',(0.000898146167405002,0.030786234807557,-0.013272658337809));
#7065=CARTESIAN_POINT('',(0.000896438102410004,0.030785186469952,-0.013270231162674));
#7066=CARTESIAN_POINT('',(0.000892988781535001,0.030782952327596,-0.013265187984781));
#7067=CARTESIAN_POINT('',(0.000891251548194999,0.030781762062251,-0.013262569308918));
#7068=CARTESIAN_POINT('',(0.000889551951800002,0.030780529839965,-0.013259927599503));
#7069=CARTESIAN_POINT('',(0.000887890532850998,0.030779254840838,-0.013257264468347));
#7070=CARTESIAN_POINT('',(0.000886267769322002,0.030777936318421,-0.013254581614764));
#7071=CARTESIAN_POINT('',(0.000882967749708002,0.030775096753319,-0.013248953845253));
#7072=CARTESIAN_POINT('',(0.000881297308683002,0.030773568001088,-0.013246005789969));
#7073=CARTESIAN_POINT('',(0.000879673280322003,0.030771986488763,-0.013243038940587));
#7074=CARTESIAN_POINT('',(0.000878096091374004,0.030770351486967,-0.013240055657981));
#7075=CARTESIAN_POINT('',(0.000876566068593002,0.030768662391212,-0.01323705838303));
#7076=CARTESIAN_POINT('',(0.000873416164357002,0.030764957898603,-0.013230666185388));
#7077=CARTESIAN_POINT('',(0.000871808823209003,0.030762928062162,-0.013227268207982));
#7078=CARTESIAN_POINT('',(0.000870261728403002,0.030760828536521,-0.01322385929627));
#7079=CARTESIAN_POINT('',(0.000868775041655001,0.03075865885437,-0.013220443074419));
#7080=CARTESIAN_POINT('',(0.000867348773282001,0.030756418757146,-0.013217023198884));
#7081=CARTESIAN_POINT('',(0.000864335040416001,0.030751321054044,-0.013209478138189));
#7082=CARTESIAN_POINT('',(0.000862775027067001,0.030748431369588,-0.01320535293176));
#7083=CARTESIAN_POINT('',(0.000861302457356002,0.030745439065569,-0.013201234207572));
#7084=CARTESIAN_POINT('',(0.000859916846414,0.030742344441877,-0.013197128281389));
#7085=CARTESIAN_POINT('',(0.000858617509299001,0.030739148174388,-0.013193041316292));
#7086=CARTESIAN_POINT('',(0.000855608448319001,0.03073097612038,-0.013182972694343));
#7087=CARTESIAN_POINT('',(0.000854000102457002,0.030725880960497,-0.013177020647908));
#7088=CARTESIAN_POINT('',(0.000852575797437003,0.030720569044302,-0.013171142348907));
#7089=CARTESIAN_POINT('',(0.000851332352583001,0.030715045062855,-0.013165355726314));
#7090=CARTESIAN_POINT('',(0.000850266871203001,0.030709314880746,-0.013159677339334));
#7091=CARTESIAN_POINT('',(0.000847352944052002,0.030689887475491,-0.013141477103811));
#7092=CARTESIAN_POINT('',(0.000846241610841,0.030675362318012,-0.013129476599222));
#7093=CARTESIAN_POINT('',(0.000846018256908002,0.03065987525312,-0.01311828294232));
#7094=CARTESIAN_POINT('',(0.000846691676546003,0.030643537058983,-0.01310805139868));
#7095=CARTESIAN_POINT('',(0.000848332893253003,0.030626517233113,-0.013098921697804));
#7096=CARTESIAN_POINT('',(0.000852023852235002,0.030602653597097,-0.013088061781887));
#7097=CARTESIAN_POINT('',(0.000853158881055003,0.030596181546494,-0.013085303621238));
#7098=CARTESIAN_POINT('',(0.000854440677490999,0.030589667113467,-0.013082711795992));
#7099=CARTESIAN_POINT('',(0.000855873357779001,0.030583126221085,-0.013080290046956));
#7100=CARTESIAN_POINT('',(0.000857460412201999,0.030576576502017,-0.013078040604567));
#7101=CARTESIAN_POINT('',(0.000860451689694002,0.030565357613012,-0.013074477649238));
#7102=CARTESIAN_POINT('',(0.000861779533491001,0.03056068329383,-0.013073079880414));
#7103=CARTESIAN_POINT('',(0.000863188372700004,0.030556021260504,-0.013071770616192));
#7104=CARTESIAN_POINT('',(0.000864678643881005,0.030551378632128,-0.013070549409767));
#7105=CARTESIAN_POINT('',(0.000866250379669999,0.030546762541852,-0.013069415234967));
#7106=CARTESIAN_POINT('',(0.000869296115603001,0.030538318356389,-0.013067482662732));
#7107=CARTESIAN_POINT('',(0.000870746614005002,0.030534480437923,-0.013066659511804));
#7108=CARTESIAN_POINT('',(0.000872254456400004,0.030530670636599,-0.013065896053169));
#7109=CARTESIAN_POINT('',(0.000873819179007002,0.03052689298907,-0.013065191037672));
#7110=CARTESIAN_POINT('',(0.000875440101839001,0.030523151313526,-0.013064542947303));
#7111=CARTESIAN_POINT('',(0.000878624709956002,0.030516117808616,-0.013063416417175));
#7112=CARTESIAN_POINT('',(0.000880177884101,0.030512818425789,-0.013062927499592));
#7113=CARTESIAN_POINT('',(0.000881775195290001,0.030509553659613,-0.013062481936672));
#7114=CARTESIAN_POINT('',(0.000883415881622,0.030506325879967,-0.013062078305611));
#7115=CARTESIAN_POINT('',(0.000885099075138,0.03050313722821,-0.013061715066584));
#7116=CARTESIAN_POINT('',(0.000888432892094004,0.030497053041607,-0.013061087815671));
#7117=CARTESIAN_POINT('',(0.000890078142276003,0.030494152181634,-0.01306081879436));
#7118=CARTESIAN_POINT('',(0.000891758764904004,0.030491288575396,-0.013060582155226));
#7119=CARTESIAN_POINT('',(0.000893473928850003,0.030488463574982,-0.013060376517601));
#7120=CARTESIAN_POINT('',(0.000895222759333,0.030485678346441,-0.013060200463735));
#7121=CARTESIAN_POINT('',(0.000898704300632002,0.03048031512029,-0.013059911390451));
#7122=CARTESIAN_POINT('',(0.000900434086174001,0.030477733476355,-0.013059795860087));
#7123=CARTESIAN_POINT('',(0.000902192900879003,0.030475189781967,-0.013059704686834));
#7124=CARTESIAN_POINT('',(0.000903979941467001,0.03047268474433,-0.013059636614191));
#7125=CARTESIAN_POINT('',(0.000905794395050005,0.030470218933855,-0.013059590390027));
#7126=CARTESIAN_POINT('',(0.000909418550099003,0.030465442979394,-0.013059539949433));
#7127=CARTESIAN_POINT('',(0.000911226608210001,0.030463130383318,-0.01305953446115));
#7128=CARTESIAN_POINT('',(0.000913058869562004,0.0304608553871,-0.013059547170712));
#7129=CARTESIAN_POINT('',(0.000914914598162002,0.0304586182876,-0.013059576971495));
#7130=CARTESIAN_POINT('',(0.000916793065917999,0.03045641928737,-0.013059622781267));
#7131=CARTESIAN_POINT('',(0.000920553145628999,0.030452144196814,-0.013059742995677));
#7132=CARTESIAN_POINT('',(0.000922433822076001,0.030450066484876,-0.013059816765931));
#7133=CARTESIAN_POINT('',(0.000924334909587002,0.030448025459745,-0.013059903863773));
#7134=CARTESIAN_POINT('',(0.000926255751764003,0.030446021160916,-0.013060003332595));
#7135=CARTESIAN_POINT('',(0.000928195708201001,0.030444053566481,-0.013060114248355));
#7136=CARTESIAN_POINT('',(0.000932084145273002,0.0304402196761,-0.013060355425857));
#7137=CARTESIAN_POINT('',(0.000934032093182002,0.030438352327974,-0.013060485383854));
#7138=CARTESIAN_POINT('',(0.000935997402059002,0.030436520469452,-0.013060624741527));
#7139=CARTESIAN_POINT('',(0.000937979494613002,0.030434723983955,-0.013060772681223));
#7140=CARTESIAN_POINT('',(0.000939977812411005,0.030432962717619,-0.013060928419674));
#7141=CARTESIAN_POINT('',(0.000943986457417001,0.030429526836441,-0.013061252431331));
#7142=CARTESIAN_POINT('',(0.00094599648444,0.030427851554686,-0.013061420569618));
#7143=CARTESIAN_POINT('',(0.000948021373631001,0.03042621044906,-0.01306159489601));
#7144=CARTESIAN_POINT('',(0.000950060620598003,0.030424603314416,-0.013061774716647));
#7145=CARTESIAN_POINT('',(0.000952113739872001,0.030423029925436,-0.013061959370665));
#7146=CARTESIAN_POINT('',(0.000956234009610001,0.030419959671207,-0.013062335921721));
#7147=CARTESIAN_POINT('',(0.000958300994341001,0.03041846239536,-0.013062527766479));
#7148=CARTESIAN_POINT('',(0.000960380761628001,0.030416997968821,-0.013062723148481));
#7149=CARTESIAN_POINT('',(0.000962472871551,0.030415566143019,-0.013062921481893));
#7150=CARTESIAN_POINT('',(0.000964576901738002,0.030414166661087,-0.013063122211035));
#7151=CARTESIAN_POINT('',(0.000968799865623,0.030411437107842,-0.013063526631379));
#7152=CARTESIAN_POINT('',(0.000970918710380003,0.030410106792308,-0.013063730307646));
#7153=CARTESIAN_POINT('',(0.000973048581725002,0.030408808049702,-0.013063935319792));
#7154=CARTESIAN_POINT('',(0.000975189095210001,0.030407540618273,-0.013064141175261));
#7155=CARTESIAN_POINT('',(0.000977339881864003,0.030406304236075,-0.013064347408332));
#7156=CARTESIAN_POINT('',(0.000981656319639004,0.03040389582165,-0.013064759277194));
#7157=CARTESIAN_POINT('',(0.000983821924401003,0.030402723649066,-0.013064964912635));
#7158=CARTESIAN_POINT('',(0.000985997051552001,0.030401581863304,-0.013065170050564));
#7159=CARTESIAN_POINT('',(0.000988181363214002,0.030400470209708,-0.013065374278656));
#7160=CARTESIAN_POINT('',(0.000990374534559003,0.030399388438872,-0.013065577208129));
#7161=CARTESIAN_POINT('',(0.000994774979886003,0.030397285604747,-0.013065979465753));
#7162=CARTESIAN_POINT('',(0.000996982229843003,0.030396264461793,-0.013066178797826));
#7163=CARTESIAN_POINT('',(0.000999197693252001,0.03039527263493,-0.013066376106156));
#7164=CARTESIAN_POINT('',(0.001001421070078,0.030394309890162,-0.013066571047484));
#7165=CARTESIAN_POINT('',(0.001003652070665,0.030393376002343,-0.013066763299108));
#7166=CARTESIAN_POINT('',(0.001008126847682,0.030391566281734,-0.01306714165689));
#7167=CARTESIAN_POINT('',(0.001010370610674,0.030390690400597,-0.013067327767635));
#7168=CARTESIAN_POINT('',(0.001012621426263,0.030389842896251,-0.013067510589647));
#7169=CARTESIAN_POINT('',(0.001014879023413,0.030389023564332,-0.01306768983945));
#7170=CARTESIAN_POINT('',(0.001017143138509,0.030388232211622,-0.013067865251555));
#7171=CARTESIAN_POINT('',(0.001021682395129,0.030386705603968,-0.013068207792413));
#7172=CARTESIAN_POINT('',(0.001023957527369,0.030385970312762,-0.013068374926122));
#7173=CARTESIAN_POINT('',(0.001026238656526,0.030385262600911,-0.013068537732477));
#7174=CARTESIAN_POINT('',(0.001028525531024,0.030384582299349,-0.013068695980287));
#7175=CARTESIAN_POINT('',(0.001030817903258,0.030383929251472,-0.013068849454284));
#7176=CARTESIAN_POINT('',(0.001035411643139,0.03038267778693,-0.013069146358199));
#7177=CARTESIAN_POINT('',(0.001037713002636,0.030382079334776,-0.013069289794346));
#7178=CARTESIAN_POINT('',(0.001040019365104,0.030381507813005,-0.013069428064492));
#7179=CARTESIAN_POINT('',(0.001042330487378,0.030380963090824,-0.013069560983982));
#7180=CARTESIAN_POINT('',(0.001044646126118,0.030380445050316,-0.013069688382583));
#7181=CARTESIAN_POINT('',(0.001049284238727,0.030379462484991,-0.013069931736629));
#7182=CARTESIAN_POINT('',(0.001051606704901,0.030378997920972,-0.013070047700256));
#7183=CARTESIAN_POINT('',(0.00105393319338,0.030378559789824,-0.013070157839748));
#7184=CARTESIAN_POINT('',(0.001056263456293,0.030378147999254,-0.01307026201305));
#7185=CARTESIAN_POINT('',(0.001058597240844,0.030377762469235,-0.013070360091664));
#7186=CARTESIAN_POINT('',(0.001063269523367,0.030377044073768,-0.013070543758325));
#7187=CARTESIAN_POINT('',(0.00106560801512,0.030376711167363,-0.013070629355971));
#7188=CARTESIAN_POINT('',(0.00106794950692,0.03037640434548,-0.013070708638769));
#7189=CARTESIAN_POINT('',(0.001070293732162,0.030376123551223,-0.0130707815053));
#7190=CARTESIAN_POINT('',(0.001072640415286,0.030375868738125,-0.01307084786755));
#7191=CARTESIAN_POINT('',(0.00107733657075,0.030375411153924,-0.013070967394626));
#7192=CARTESIAN_POINT('',(0.001079686040248,0.030375208347898,-0.01307102056826));
#7193=CARTESIAN_POINT('',(0.001082037394832,0.030375031416184,-0.013071067097265));
#7194=CARTESIAN_POINT('',(0.001084390340087,0.030374880330588,-0.013071106920916));
#7195=CARTESIAN_POINT('',(0.001086744572622,0.030374755070602,-0.013071139992308));
#7196=CARTESIAN_POINT('',(0.001090915513705,0.030374578955152,-0.013071186543435));
#7197=CARTESIAN_POINT('',(0.001092731827472,0.030374517628554,-0.013071202775684));
#7198=CARTESIAN_POINT('',(0.001094548578108,0.030374471637715,-0.013071214959934));
#7199=CARTESIAN_POINT('',(0.001096365621115,0.030374440978614,-0.013071223086097));
#7200=CARTESIAN_POINT('',(0.001098182810744,0.030374425649099,-0.013071227149169));
#7201=CARTESIAN_POINT('',(0.0011,0.030374425648888,-0.013071227149225));
#7202=CARTESIAN_POINT('',(0.0011,0.030812550571315,-0.013376685407273));
#7203=CARTESIAN_POINT('',(0.0011,0.030374425648888,-0.013071227149225));
#7204=CARTESIAN_POINT('',(0.004,0.030812550571315,-0.013376685407273));
#7205=CARTESIAN_POINT('',(0.004,0.030374425648888,-0.013071227149225));
#7206=CARTESIAN_POINT('',(0.0038,0.031077795786903,-0.008977759353256));
#7207=CARTESIAN_POINT('',(0.0038,0.0319,-0.01135));
#7208=CARTESIAN_POINT('',(0.0038,0.0314920543678072,-0.0136135327170541));
#7209=CARTESIAN_POINT('',(0.0038,0.030980981012572,-0.0134584126969707));
#7210=CARTESIAN_POINT('',(0.0038,0.031170809114197,-0.013752462508794));
#7211=CARTESIAN_POINT('',(0.0038,0.031170809114197,-0.013752462508794));
#7212=CARTESIAN_POINT('',(0.0011,0.031492054367807,-0.013613532717054));
#7213=CARTESIAN_POINT('',(0.00109800444294,0.031492054367712,-0.013613532716834));
#7214=CARTESIAN_POINT('',(0.001096008884739,0.031492046987058,-0.013613515650635));
#7215=CARTESIAN_POINT('',(0.001094013593727,0.031492032225796,-0.013613481518396));
#7216=CARTESIAN_POINT('',(0.001092018835912,0.031492010079884,-0.013613430326451));
#7217=CARTESIAN_POINT('',(0.001090024874975,0.031491980541287,-0.013613362087531));
#7218=CARTESIAN_POINT('',(0.001088031972275,0.031491943597979,-0.013613276820761));
#7219=CARTESIAN_POINT('',(0.001084020562442,0.03149185424086,-0.013613070832472));
#7220=CARTESIAN_POINT('',(0.001082002091402,0.031491801614963,-0.013612949624908));
#7221=CARTESIAN_POINT('',(0.001079985242935,0.031491741339517,-0.013612810955626));
#7222=CARTESIAN_POINT('',(0.001077970280636,0.031491673393188,-0.013612654856828));
#7223=CARTESIAN_POINT('',(0.001075957462473,0.031491597750038,-0.013612481366267));
#7224=CARTESIAN_POINT('',(0.001073947040794,0.031491514379532,-0.013612290527238));
#7225=CARTESIAN_POINT('',(0.00106992451987,0.03149133179743,-0.013611873528007));
#7226=CARTESIAN_POINT('',(0.001067912438831,0.031491232531785,-0.013611647247157));
#7227=CARTESIAN_POINT('',(0.001065903267658,0.031491125414028,-0.013611403595295));
#7228=CARTESIAN_POINT('',(0.001063897248901,0.031491010403602,-0.013611142625988));
#7229=CARTESIAN_POINT('',(0.001061894619197,0.031490887454952,-0.013610864397112));
#7230=CARTESIAN_POINT('',(0.001059895609282,0.031490756517528,-0.013610568970852));
#7231=CARTESIAN_POINT('',(0.001055895487215,0.031490477871975,-0.013609942322646));
#7232=CARTESIAN_POINT('',(0.001053894413483,0.031490330084675,-0.013609610931886));
#7233=CARTESIAN_POINT('',(0.001051897450686,0.031490174117438,-0.013609262308723));
#7234=CARTESIAN_POINT('',(0.001049904822014,0.031490009908622,-0.013608896523989));
#7235=CARTESIAN_POINT('',(0.001047916745948,0.031489837391388,-0.013608513652043));
#7236=CARTESIAN_POINT('',(0.001045933436258,0.031489656493701,-0.013608113770771));
#7237=CARTESIAN_POINT('',(0.00104196452552,0.031489276611194,-0.01360727757313));
#7238=CARTESIAN_POINT('',(0.001039978986919,0.031489077521437,-0.013606841046532));
#7239=CARTESIAN_POINT('',(0.001037998699222,0.031488869790324,-0.013606387464598));
#7240=CARTESIAN_POINT('',(0.001036023872061,0.031488653333921,-0.013605916913392));
#7241=CARTESIAN_POINT('',(0.001034054711677,0.031488428063099,-0.013605429482238));
#7242=CARTESIAN_POINT('',(0.001032091420922,0.031488193883529,-0.013604925263723));
#7243=CARTESIAN_POINT('',(0.001028162457346,0.031487705703676,-0.013603879579136));
#7244=CARTESIAN_POINT('',(0.001026196875418,0.031487451569353,-0.013603337864526));
#7245=CARTESIAN_POINT('',(0.001024237657539,0.031487188190917,-0.01360277930778));
#7246=CARTESIAN_POINT('',(0.001022285005342,0.031486915461516,-0.013602204010181));
#7247=CARTESIAN_POINT('',(0.001020339118019,0.031486633269235,-0.013601612076376));
#7248=CARTESIAN_POINT('',(0.001018400192331,0.031486341497105,-0.013601003614382));
#7249=CARTESIAN_POINT('',(0.001014519831594,0.031485735923938,-0.013599748415516));
#7250=CARTESIAN_POINT('',(0.001012578522027,0.031485421953359,-0.013599101391605));
#7251=CARTESIAN_POINT('',(0.00101064469347,0.031485097986086,-0.013598437778116));
#7252=CARTESIAN_POINT('',(0.001008718543607,0.031484763892029,-0.01359775769304));
#7253=CARTESIAN_POINT('',(0.001006800268242,0.031484419536281,-0.013597061258092));
#7254=CARTESIAN_POINT('',(0.00100489006129,0.031484064779119,-0.013596348598703));
#7255=CARTESIAN_POINT('',(0.001001066858466,0.031483330464084,-0.013594883690558));
#7256=CARTESIAN_POINT('',(0.000999154031337001,0.031482950691169,-0.013594131113472));
#7257=CARTESIAN_POINT('',(0.000997249831448999,0.031482560008245,-0.013593362245874));
#7258=CARTESIAN_POINT('',(0.000995354455190001,0.031482158261809,-0.013592577225129));
#7259=CARTESIAN_POINT('',(0.000993468097290003,0.031481745293868,-0.013591776192855));
#7260=CARTESIAN_POINT('',(0.000991590950818001,0.031481320941939,-0.013590959294929));
#7261=CARTESIAN_POINT('',(0.000987833334978001,0.031480443971686,-0.013589284203443));
#7262=CARTESIAN_POINT('',(0.000985953089784001,0.031479991078253,-0.013588425635463));
#7263=CARTESIAN_POINT('',(0.000984082669994002,0.031479526185747,-0.013587551133074));
#7264=CARTESIAN_POINT('',(0.000982222272305003,0.031479049117099,-0.013586660856752));
#7265=CARTESIAN_POINT('',(0.000980372091724,0.031478559691172,-0.013585754971925));
#7266=CARTESIAN_POINT('',(0.000978532321569001,0.031478057722761,-0.013584833648975));
#7267=CARTESIAN_POINT('',(0.000974848569592002,0.031477021170821,-0.013582947463898));
#7268=CARTESIAN_POINT('',(0.000973004884407002,0.031476486231285,-0.013581982174876));
#7269=CARTESIAN_POINT('',(0.000971172297723002,0.031475938006689,-0.01358100137891));
#7270=CARTESIAN_POINT('',(0.000969351007413001,0.031475376296217,-0.013580005264549));
#7271=CARTESIAN_POINT('',(0.000967541209409003,0.031474800895527,-0.01357899402615));
#7272=CARTESIAN_POINT('',(0.000965743097705002,0.031474211596763,-0.013577967863874));
#7273=CARTESIAN_POINT('',(0.000962141307407002,0.031472994874509,-0.013575869015951));
#7274=CARTESIAN_POINT('',(0.000960338021911002,0.031472366984278,-0.013574795843319));
#7275=CARTESIAN_POINT('',(0.000958547209626001,0.031471724295856,-0.013573707682084));
#7276=CARTESIAN_POINT('',(0.000956769069910001,0.031471066584448,-0.013572604755381));
#7277=CARTESIAN_POINT('',(0.000955003799724002,0.031470393622458,-0.013571487293186));
#7278=CARTESIAN_POINT('',(0.000953251593630005,0.031469705179492,-0.013570355532315));
#7279=CARTESIAN_POINT('',(0.000949739654652001,0.0314682830816,-0.01356804147162));
#7280=CARTESIAN_POINT('',(0.000947980445657002,0.031467548805844,-0.013566858616393));
#7281=CARTESIAN_POINT('',(0.00094623522057,0.031466797947884,-0.01356566140903));
#7282=CARTESIAN_POINT('',(0.000944504180069,0.031466030258689,-0.013564450115907));
#7283=CARTESIAN_POINT('',(0.000942787521743,0.031465245487396,-0.0135632250115));
#7284=CARTESIAN_POINT('',(0.000941085440094001,0.031464443381313,-0.013561986378381));
#7285=CARTESIAN_POINT('',(0.000937670999544001,0.031462784649191,-0.013559453097212));
#7286=CARTESIAN_POINT('',(0.000935959345572002,0.031461927183784,-0.013558157817302));
#7287=CARTESIAN_POINT('',(0.000934263370010003,0.031461051016677,-0.01355684897928));
#7288=CARTESIAN_POINT('',(0.000932583274192,0.031460155874362,-0.013555526904565));
#7289=CARTESIAN_POINT('',(0.000930919255394003,0.031459241482836,-0.013554191924199));
#7290=CARTESIAN_POINT('',(0.000929271506835999,0.03145830756761,-0.013552844378849));
#7291=CARTESIAN_POINT('',(0.000925961923936004,0.031456372659112,-0.013550085678121));
#7292=CARTESIAN_POINT('',(0.000924301051521002,0.031455370509059,-0.013548673808908));
#7293=CARTESIAN_POINT('',(0.000922657806536002,0.031454347104039,-0.013547249392726));
#7294=CARTESIAN_POINT('',(0.000921032389698002,0.031453302145956,-0.01354581282263));
#7295=CARTESIAN_POINT('',(0.000919424996335003,0.031452235338119,-0.013544364503169));
#7296=CARTESIAN_POINT('',(0.00091783581639,0.031451146385246,-0.013542904850392));
#7297=CARTESIAN_POINT('',(0.000914638093983001,0.031448883867287,-0.013539911158005));
#7298=CARTESIAN_POINT('',(0.000913030890243999,0.031447708669867,-0.013538376324826));
#7299=CARTESIAN_POINT('',(0.000911443628372002,0.031446509074603,-0.013536830267543));
#7300=CARTESIAN_POINT('',(0.000909876506339002,0.031445284759065,-0.013535273475188));
#7301=CARTESIAN_POINT('',(0.000908329714917003,0.031444035404983,-0.013533706450598));
#7302=CARTESIAN_POINT('',(0.000906803437680001,0.031442760698258,-0.013532129710404));
#7303=CARTESIAN_POINT('',(0.000903724101878001,0.031440101088008,-0.013528886060059));
#7304=CARTESIAN_POINT('',(0.000902172958843001,0.031438713809297,-0.013527218299447));
#7305=CARTESIAN_POINT('',(0.000900644623377002,0.031437298138811,-0.013525541109288));
#7306=CARTESIAN_POINT('',(0.000899139287304,0.031435853730833,-0.013523855112302));
#7307=CARTESIAN_POINT('',(0.000897657132787003,0.031434380247945,-0.013522160947844));
#7308=CARTESIAN_POINT('',(0.000896198332333002,0.031432877361024,-0.013520459271906));
#7309=CARTESIAN_POINT('',(0.000893243183816003,0.031429721820462,-0.013516941559347));
#7310=CARTESIAN_POINT('',(0.000891749688921004,0.031428065561572,-0.013515124692701));
#7311=CARTESIAN_POINT('',(0.000890282757343004,0.03142637559163,-0.013513300956357));
#7312=CARTESIAN_POINT('',(0.000888842569396003,0.031424651544421,-0.013511471169619));
#7313=CARTESIAN_POINT('',(0.000887429292474002,0.031422893068445,-0.013509636171919));
#7314=CARTESIAN_POINT('',(0.000886043081045,0.031421099826929,-0.013507796822815));
#7315=CARTESIAN_POINT('',(0.000883216579239,0.031417297208206,-0.013503964063758));
#7316=CARTESIAN_POINT('',(0.000881780806613001,0.0314152820068,-0.013501970076512));
#7317=CARTESIAN_POINT('',(0.000880376936287002,0.03141322548823,-0.01349997314865));
#7318=CARTESIAN_POINT('',(0.000879005128928002,0.031411127272496,-0.013497974413019));
#7319=CARTESIAN_POINT('',(0.000877665528365001,0.031408987004974,-0.013495975026928));
#7320=CARTESIAN_POINT('',(0.000876358261587003,0.031406804356414,-0.013493976172139));
#7321=CARTESIAN_POINT('',(0.000873661609309,0.031402097074459,-0.013489751639424));
#7322=CARTESIAN_POINT('',(0.000872280140278001,0.031399562031319,-0.013487526383422));
#7323=CARTESIAN_POINT('',(0.000870939181635999,0.031396973471922,-0.013485304961177));
#7324=CARTESIAN_POINT('',(0.000869638864272,0.031394331020406,-0.013483089077376));
#7325=CARTESIAN_POINT('',(0.000868379299971002,0.031391634346636,-0.013480880467093));
#7326=CARTESIAN_POINT('',(0.000867160581420005,0.031388883166209,-0.013478680895778));
#7327=CARTESIAN_POINT('',(0.000864583266730001,0.03138274310976,-0.013473891401366));
#7328=CARTESIAN_POINT('',(0.000863241539152002,0.031379331689731,-0.013471305939364));
#7329=CARTESIAN_POINT('',(0.000861957709855001,0.03137584257437,-0.01346873878426));
#7330=CARTESIAN_POINT('',(0.000860731888592002,0.031372275461412,-0.013466192991142));
#7331=CARTESIAN_POINT('',(0.000859564184479002,0.031368630152317,-0.013463671659181));
#7332=CARTESIAN_POINT('',(0.000858454706000003,0.031364906552271,-0.013461177931631));
#7333=CARTESIAN_POINT('',(0.000855891982745001,0.031355637448882,-0.013455173219743));
#7334=CARTESIAN_POINT('',(0.000854501079155003,0.03135000846018,-0.013451695183921));
#7335=CARTESIAN_POINT('',(0.000853231198280003,0.031344217587659,-0.013448290230204));
#7336=CARTESIAN_POINT('',(0.000852082850256002,0.031338265356021,-0.013444967991364));
#7337=CARTESIAN_POINT('',(0.000851056847465,0.031332152968529,-0.013441738308306));
#7338=CARTESIAN_POINT('',(0.000850154444692001,0.031325882344461,-0.013438611147251));
#7339=CARTESIAN_POINT('',(0.000847709005472999,0.031305656409594,-0.013429122828927));
#7340=CARTESIAN_POINT('',(0.000846618768085002,0.031291137074977,-0.013423167024779));
#7341=CARTESIAN_POINT('',(0.000846124640393003,0.031275919818684,-0.013417826470652));
#7342=CARTESIAN_POINT('',(0.000846263366762003,0.031260068032937,-0.013413213133572));
#7343=CARTESIAN_POINT('',(0.000847082731569002,0.031243697668745,-0.013409438031049));
#7344=CARTESIAN_POINT('',(0.000848658365412001,0.031226995191577,-0.013406590696746));
#7345=CARTESIAN_POINT('',(0.000851884549338003,0.031204224106684,-0.013404008563034));
#7346=CARTESIAN_POINT('',(0.000852840430024999,0.031198198344015,-0.013403448430745));
#7347=CARTESIAN_POINT('',(0.000853900899713003,0.031192181461661,-0.013403011842673));
#7348=CARTESIAN_POINT('',(0.000855067232744002,0.031186187535406,-0.013402698302481));
#7349=CARTESIAN_POINT('',(0.000856340097008003,0.031180230563795,-0.013402505907386));
#7350=CARTESIAN_POINT('',(0.000857719377662002,0.031174324331485,-0.013402431403879));
#7351=CARTESIAN_POINT('',(0.000860282421392002,0.03116423863934,-0.013402498456241));
#7352=CARTESIAN_POINT('',(0.000861416488869001,0.031160028627596,-0.013402586510431));
#7353=CARTESIAN_POINT('',(0.000862605839325001,0.031155857193886,-0.013402732602255));
#7354=CARTESIAN_POINT('',(0.000863849949290004,0.031151728856101,-0.013402934693282));
#7355=CARTESIAN_POINT('',(0.000865148135779002,0.031147647693518,-0.013403190510406));
#7356=CARTESIAN_POINT('',(0.000866499556288002,0.031143617346792,-0.013403497545847));
#7357=CARTESIAN_POINT('',(0.000869107289256002,0.031136230045671,-0.013404158021664));
#7358=CARTESIAN_POINT('',(0.000870349827369003,0.031132858794565,-0.013404498697593));
#7359=CARTESIAN_POINT('',(0.000871630204671001,0.031129529217953,-0.01340487337449));
#7360=CARTESIAN_POINT('',(0.000872947762476001,0.031126243015662,-0.013405280315752));
#7361=CARTESIAN_POINT('',(0.000874301801877003,0.031123001634036,-0.01340571775862));
#7362=CARTESIAN_POINT('',(0.000875691583746001,0.031119806265942,-0.013406183914178));
#7363=CARTESIAN_POINT('',(0.000878418428721002,0.031113780457707,-0.01340712757749));
#7364=CARTESIAN_POINT('',(0.000879749741063002,0.03111094229306,-0.013407600669888));
#7365=CARTESIAN_POINT('',(0.000881109680059999,0.031108144059377,-0.013408094871681));
#7366=CARTESIAN_POINT('',(0.000882497654675001,0.031105386324498,-0.013408608833766));
#7367=CARTESIAN_POINT('',(0.000883913068539001,0.031102669521548,-0.013409141230806));
#7368=CARTESIAN_POINT('',(0.000885355319946001,0.031099993948943,-0.01340969076123));
#7369=CARTESIAN_POINT('',(0.000888210490262002,0.0310948723139,-0.013410790041593));
#7370=CARTESIAN_POINT('',(0.000889620571913,0.031092421781634,-0.013411338079619));
#7371=CARTESIAN_POINT('',(0.000891053540198,0.031090008310106,-0.013411899191184));
#7372=CARTESIAN_POINT('',(0.000892508893947003,0.031087631966031,-0.013412472339199));
#7373=CARTESIAN_POINT('',(0.000893986137435004,0.031085292746316,-0.013413056519614));
#7374=CARTESIAN_POINT('',(0.000895484780382001,0.031082990578057,-0.013413650761417));
#7375=CARTESIAN_POINT('',(0.000898467037592002,0.031078544819201,-0.013414834915488));
#7376=CARTESIAN_POINT('',(0.000899949116890002,0.031076398527506,-0.013415424158642));
#7377=CARTESIAN_POINT('',(0.000901450145549001,0.031074286317529,-0.013416021021979));
#7378=CARTESIAN_POINT('',(0.000902969701595001,0.031072208028608,-0.013416624702396));
#7379=CARTESIAN_POINT('',(0.000904507371376002,0.031070163465343,-0.013417234427816));
#7380=CARTESIAN_POINT('',(0.000906062749566002,0.031068152397599,-0.013417849457181));
#7381=CARTESIAN_POINT('',(0.000909167662419001,0.031064247614456,-0.013419072760416));
#7382=CARTESIAN_POINT('',(0.000910716317586002,0.031062352216908,-0.013419680800227));
#7383=CARTESIAN_POINT('',(0.000912281038505002,0.031060488124392,-0.013420292544197));
#7384=CARTESIAN_POINT('',(0.000913861467480001,0.03105865507786,-0.013420907362931));
#7385=CARTESIAN_POINT('',(0.000915457255276003,0.031056852802681,-0.013421524653332));
#7386=CARTESIAN_POINT('',(0.000917068061114003,0.031055081008645,-0.013422143838601));
#7387=CARTESIAN_POINT('',(0.000920289828186004,0.031051629074568,-0.013423373744671));
#7388=CARTESIAN_POINT('',(0.000921900265804999,0.031049947863202,-0.013423984416442));
#7389=CARTESIAN_POINT('',(0.000923524551265004,0.031048295467373,-0.01342459586248));
#7390=CARTESIAN_POINT('',(0.000925162377966002,0.03104667159357,-0.0134252075832));
#7391=CARTESIAN_POINT('',(0.000926813446977003,0.031045075943264,-0.01342581910051));
#7392=CARTESIAN_POINT('',(0.000928477467028999,0.031043508212907,-0.013426429957801));
#7393=CARTESIAN_POINT('',(0.000931809538403005,0.031040447543367,-0.013427641734603));
#7394=CARTESIAN_POINT('',(0.000933477269326001,0.031038953909191,-0.013428242680613));
#7395=CARTESIAN_POINT('',(0.000935157074568,0.031037486895185,-0.013428842139252));
#7396=CARTESIAN_POINT('',(0.000936848688026001,0.031036046205944,-0.013429439709117));
#7397=CARTESIAN_POINT('',(0.000938551850212001,0.031034631546871,-0.013430035006133));
#7398=CARTESIAN_POINT('',(0.000940266308261002,0.031033242624183,-0.013430627663556));
#7399=CARTESIAN_POINT('',(0.000943701645112999,0.031030528054604,-0.013431801642483));
#7400=CARTESIAN_POINT('',(0.000945422323490003,0.031029201948742,-0.013432383017041));
#7401=CARTESIAN_POINT('',(0.000947153611541001,0.031027900542726,-0.013432961115578));
#7402=CARTESIAN_POINT('',(0.000948895275318003,0.031026623555952,-0.013433535611974));
#7403=CARTESIAN_POINT('',(0.000950647086435,0.031025370711808,-0.013434106194048));
#7404=CARTESIAN_POINT('',(0.000952408822067,0.031024141737674,-0.013434672563566));
#7405=CARTESIAN_POINT('',(0.000955940024124,0.031021738942315,-0.013435792603015));
#7406=CARTESIAN_POINT('',(0.000957709362419002,0.031020564811542,-0.013436346331221));
#7407=CARTESIAN_POINT('',(0.000959488066882001,0.031019413709536,-0.01343689534203));
#7408=CARTESIAN_POINT('',(0.000961275929130999,0.031018285378904,-0.013437439367877));
#7409=CARTESIAN_POINT('',(0.000963072745360002,0.031017179567925,-0.013437978152452));
#7410=CARTESIAN_POINT('',(0.000964878316340002,0.031016096030553,-0.013438511450699));
#7411=CARTESIAN_POINT('',(0.000968497694442003,0.031013978220603,-0.013439564023314));
#7412=CARTESIAN_POINT('',(0.000970311417469002,0.031012943733183,-0.013440083352883));
#7413=CARTESIAN_POINT('',(0.000972133424707002,0.031011930827456,-0.013440596787031));
#7414=CARTESIAN_POINT('',(0.000973963528029004,0.031010939273233,-0.013441104104415));
#7415=CARTESIAN_POINT('',(0.000975801542975004,0.031009968846829,-0.013441605092838));
#7416=CARTESIAN_POINT('',(0.000977647288753002,0.031009019331065,-0.013442099549255));
#7417=CARTESIAN_POINT('',(0.000981346912489002,0.031007165195236,-0.013443073174624));
#7418=CARTESIAN_POINT('',(0.000983200733258999,0.031006260419884,-0.013443552393564));
#7419=CARTESIAN_POINT('',(0.000985061875428999,0.031005375981002,-0.013444024744777));
#7420=CARTESIAN_POINT('',(0.000986930166682002,0.031004511677239,-0.013444490043961));
#7421=CARTESIAN_POINT('',(0.000988805437507002,0.031003667314108,-0.013444948114333));
#7422=CARTESIAN_POINT('',(0.000990687521197003,0.031002842703983,-0.013445398786622));
#7423=CARTESIAN_POINT('',(0.000994459254570999,0.031001235071345,-0.013446283666763));
#7424=CARTESIAN_POINT('',(0.000996348863523004,0.031000451930342,-0.013446717920004));
#7425=CARTESIAN_POINT('',(0.000998244918317001,0.030999688064018,-0.013447144498422));
#7426=CARTESIAN_POINT('',(0.001000147258497,0.030998943300254,-0.013447563247902));
#7427=CARTESIAN_POINT('',(0.00100205572554,0.030998217473882,-0.013447974020589));
#7428=CARTESIAN_POINT('',(0.001003970162856,0.03099751042669,-0.01344837667489));
#7429=CARTESIAN_POINT('',(0.001007805694222,0.030996135371525,-0.013449164454338));
#7430=CARTESIAN_POINT('',(0.001009726757699,0.030995467267228,-0.013449549621868));
#7431=CARTESIAN_POINT('',(0.001011653452811,0.030994817544469,-0.013449926443695));
#7432=CARTESIAN_POINT('',(0.001013585627122,0.030994186060084,-0.01345029479078));
#7433=CARTESIAN_POINT('',(0.001015523129162,0.030993572677803,-0.013450654539403));
#7434=CARTESIAN_POINT('',(0.001017465808431,0.030992977268247,-0.013451005571168));
#7435=CARTESIAN_POINT('',(0.001021356677938,0.030991823497188,-0.013451689176399));
#7436=CARTESIAN_POINT('',(0.001023304844162,0.030991265052506,-0.013452021790785));
#7437=CARTESIAN_POINT('',(0.00102525786567,0.030990724253282,-0.013452345503798));
#7438=CARTESIAN_POINT('',(0.001027215593863,0.030990200984636,-0.013452660207744));
#7439=CARTESIAN_POINT('',(0.001029177879949,0.030989695138404,-0.013452965799599));
#7440=CARTESIAN_POINT('',(0.001031144574937,0.030989206613145,-0.013453262181007));
#7441=CARTESIAN_POINT('',(0.00103508220109,0.030988265039347,-0.013453835711686));
#7442=CARTESIAN_POINT('',(0.001037053113033,0.030987811915986,-0.013454112901211));
#7443=CARTESIAN_POINT('',(0.001039028117357,0.030987375849994,-0.013454380733694));
#7444=CARTESIAN_POINT('',(0.001041007064279,0.030986956753718,-0.013454639120279));
#7445=CARTESIAN_POINT('',(0.001042989802354,0.030986554545905,-0.013454887976416));
#7446=CARTESIAN_POINT('',(0.001044976178469,0.030986169151711,-0.013455127221866));
#7447=CARTESIAN_POINT('',(0.001048951883279,0.030985432597315,-0.013455585876457));
#7448=CARTESIAN_POINT('',(0.00105094119709,0.030985081369505,-0.013455805324613));
#7449=CARTESIAN_POINT('',(0.001052933825458,0.030984746751324,-0.013456015049579));
#7450=CARTESIAN_POINT('',(0.001054929611167,0.030984428680682,-0.013456214980058));
#7451=CARTESIAN_POINT('',(0.001056928393614,0.030984127101339,-0.013456405049045));
#7452=CARTESIAN_POINT('',(0.001058930008804,0.030983841962909,-0.013456585193819));
#7453=CARTESIAN_POINT('',(0.001062935036092,0.030983304952624,-0.013456925218061));
#7454=CARTESIAN_POINT('',(0.001064938438137,0.030983053022744,-0.013457085132815));
#7455=CARTESIAN_POINT('',(0.001066944328671,0.030982817387027,-0.013457235041971));
#7456=CARTESIAN_POINT('',(0.00106895253609,0.030982598006231,-0.01345737489195));
#7457=CARTESIAN_POINT('',(0.001070962884004,0.030982394846067,-0.01345750463384));
#7458=CARTESIAN_POINT('',(0.001072975191234,0.030982207877188,-0.013457624223391));
#7459=CARTESIAN_POINT('',(0.001077000704619,0.030981866497749,-0.01345784287482));
#7460=CARTESIAN_POINT('',(0.001079013906329,0.030981712044339,-0.013457941963707));
#7461=CARTESIAN_POINT('',(0.001081028690835,0.030981573690693,-0.013458030848199));
#7462=CARTESIAN_POINT('',(0.001083044867615,0.030981451416335,-0.013458109494154));
#7463=CARTESIAN_POINT('',(0.001085062241727,0.030981345204587,-0.013458177872758));
#7464=CARTESIAN_POINT('',(0.001087080613815,0.030981255042568,-0.013458235960526));
#7465=CARTESIAN_POINT('',(0.001090656006981,0.030981123793821,-0.013458320563718));
#7466=CARTESIAN_POINT('',(0.001092212706208,0.030981076194722,-0.013458351264508));
#7467=CARTESIAN_POINT('',(0.001093769784453,0.030981038119724,-0.013458375833374));
#7468=CARTESIAN_POINT('',(0.001095327147783,0.030981009565662,-0.013458394264111));
#7469=CARTESIAN_POINT('',(0.00109688470167,0.03098099053038,-0.013458406552612));
#7470=CARTESIAN_POINT('',(0.001098442350983,0.030980981012729,-0.013458412696869));
#7471=CARTESIAN_POINT('',(0.0011,0.030980981012572,-0.013458412696971));
#7472=CARTESIAN_POINT('',(0.0011,0.031492054367807,-0.013613532717054));
#7473=CARTESIAN_POINT('',(0.0011,0.030980981012572,-0.013458412696971));
#7474=CARTESIAN_POINT('',(0.004,0.031492054367807,-0.013613532717054));
#7475=CARTESIAN_POINT('',(0.004,0.030980981012572,-0.013458412696971));
#7476=CARTESIAN_POINT('',(0.0038,0.031077795786903,-0.008977759353256));
#7477=CARTESIAN_POINT('',(0.0038,0.0319,-0.01135));
#7478=CARTESIAN_POINT('',(0.0038,0.0322114907251021,-0.0136288096735302));
#7479=CARTESIAN_POINT('',(0.0038,0.0316774963579273,-0.0136392121197619));
#7480=CARTESIAN_POINT('',(0.0038,0.0319489,-0.01386021));
#7481=CARTESIAN_POINT('',(0.0038,0.0319489,-0.01386021));
#7482=CARTESIAN_POINT('',(0.0011,0.032211490725102,-0.01362880967353));
#7483=CARTESIAN_POINT('',(0.001098003931422,0.032211490724944,-0.01362880967335));
#7484=CARTESIAN_POINT('',(0.001096007860976,0.032211478425449,-0.013628795715974));
#7485=CARTESIAN_POINT('',(0.001094012161228,0.032211453826606,-0.013628767801464));
#7486=CARTESIAN_POINT('',(0.001092017200924,0.032211416930327,-0.013628725941416));
#7487=CARTESIAN_POINT('',(0.00109002334499,0.032211367740445,-0.013628670158958));
#7488=CARTESIAN_POINT('',(0.001088030954535,0.032211306262721,-0.013628600488754));
#7489=CARTESIAN_POINT('',(0.001084018492087,0.032211157586166,-0.013628432150957));
#7490=CARTESIAN_POINT('',(0.00108199847502,0.032211069997329,-0.013628333043603));
#7491=CARTESIAN_POINT('',(0.001079980708761,0.032210969746457,-0.01362821970358));
#7492=CARTESIAN_POINT('',(0.001077965556376,0.032210856842589,-0.013628092190008));
#7493=CARTESIAN_POINT('',(0.001075953370877,0.032210731295666,-0.013627950572487));
#7494=CARTESIAN_POINT('',(0.001073944495224,0.032210593116536,-0.013627794931096));
#7495=CARTESIAN_POINT('',(0.001069921021718,0.032210290539153,-0.013627454681677));
#7496=CARTESIAN_POINT('',(0.001067906470116,0.032210125976139,-0.013627269891451));
#7497=CARTESIAN_POINT('',(0.001065895945611,0.032209948639852,-0.01362707107807));
#7498=CARTESIAN_POINT('',(0.001063889773827,0.03220975854173,-0.013626858342155));
#7499=CARTESIAN_POINT('',(0.001061888267917,0.032209555692711,-0.013626631792593));
#7500=CARTESIAN_POINT('',(0.001059891728564,0.032209340103232,-0.013626391546533));
#7501=CARTESIAN_POINT('',(0.001055890780665,0.032208881355928,-0.01362588156962));
#7502=CARTESIAN_POINT('',(0.001053886469604,0.032208637961611,-0.01362561158629));
#7503=CARTESIAN_POINT('',(0.001051887806327,0.032208381610361,-0.01362532790819));
#7504=CARTESIAN_POINT('',(0.001049895073801,0.032208112310499,-0.013625030670231));
#7505=CARTESIAN_POINT('',(0.001047908542434,0.032207830068584,-0.013624720013447));
#7506=CARTESIAN_POINT('',(0.001045928470073,0.032207534889416,-0.013624396084992));
#7507=CARTESIAN_POINT('',(0.001041958895701,0.032206915096784,-0.01362371809058));
#7508=CARTESIAN_POINT('',(0.001039969550305,0.032206590181913,-0.01362336371854));
#7509=CARTESIAN_POINT('',(0.001037987319344,0.032206252034437,-0.013622996080517));
#7510=CARTESIAN_POINT('',(0.001036012444598,0.032205900654597,-0.013622615339293));
#7511=CARTESIAN_POINT('',(0.001034045156102,0.03220553603985,-0.013622221661932));
#7512=CARTESIAN_POINT('',(0.001032085672143,0.032205158184878,-0.013621815219788));
#7513=CARTESIAN_POINT('',(0.001028156232063,0.032204370668441,-0.013620971468201));
#7514=CARTESIAN_POINT('',(0.001026186495652,0.032203960644603,-0.013620533814064));
#7515=CARTESIAN_POINT('',(0.00102422520487,0.032203537001532,-0.013620083408803));
#7516=CARTESIAN_POINT('',(0.001022272563921,0.032203099727071,-0.013619620437923));
#7517=CARTESIAN_POINT('',(0.001020328766376,0.032202648805451,-0.013619145089719));
#7518=CARTESIAN_POINT('',(0.001018393995171,0.03220218421728,-0.013618657555273));
#7519=CARTESIAN_POINT('',(0.001014513360434,0.032201220337137,-0.013617650851532));
#7520=CARTESIAN_POINT('',(0.001012567781588,0.032200720622524,-0.013617131311711));
#7521=CARTESIAN_POINT('',(0.001010631866248,0.032200206771552,-0.013616599611739));
#7522=CARTESIAN_POINT('',(0.001008705785201,0.03219967875571,-0.013616055955993));
#7523=CARTESIAN_POINT('',(0.00100678969984,0.032199136542139,-0.013615500550492));
#7524=CARTESIAN_POINT('',(0.001004883762167,0.032198580093629,-0.013614933602887));
#7525=CARTESIAN_POINT('',(0.001001060495691,0.032197429017854,-0.013613767288858));
#7526=CARTESIAN_POINT('',(0.000999143517742003,0.032196833904885,-0.013613167536693));
#7527=CARTESIAN_POINT('',(0.000997237330785002,0.03219622398596,-0.013612556285863));
#7528=CARTESIAN_POINT('',(0.000995342076587,0.032195599212289,-0.013611933757104));
#7529=CARTESIAN_POINT('',(0.00099345788885,0.032194959530053,-0.013611300171996));
#7530=CARTESIAN_POINT('',(0.000991584893198002,0.032194304880399,-0.013610655752966));
#7531=CARTESIAN_POINT('',(0.000987827427119,0.03219295325426,-0.013609333697697));
#7532=CARTESIAN_POINT('',(0.000985943375559,0.03219225572215,-0.013608655669177));
#7533=CARTESIAN_POINT('',(0.000984071176588001,0.032191542535613,-0.013607966873331));
#7534=CARTESIAN_POINT('',(0.000982210947578999,0.032190813621431,-0.013607267546201));
#7535=CARTESIAN_POINT('',(0.000980362799198001,0.032190068900662,-0.013606557924269));
#7536=CARTESIAN_POINT('',(0.000978526835408004,0.032189308288648,-0.013605838244458));
#7537=CARTESIAN_POINT('',(0.000974843448006003,0.032187739761178,-0.01360436483385));
#7538=CARTESIAN_POINT('',(0.000972996515234002,0.032186931208105,-0.013603610711326));
#7539=CARTESIAN_POINT('',(0.000971162458268001,0.032186105939929,-0.013602846628109));
#7540=CARTESIAN_POINT('',(0.000969341374900002,0.032185263854316,-0.013602072836204));
#7541=CARTESIAN_POINT('',(0.000967533357592001,0.032184404842458,-0.013601289588064));
#7542=CARTESIAN_POINT('',(0.000965738493476,0.032183528789075,-0.013600497136596));
#7543=CARTESIAN_POINT('',(0.000962137285628002,0.03218172332978,-0.01359887726345));
#7544=CARTESIAN_POINT('',(0.000960331512552003,0.03218079318492,-0.013598049456683));
#7545=CARTESIAN_POINT('',(0.000958539632287002,0.032179845008135,-0.013597212584594));
#7546=CARTESIAN_POINT('',(0.000956761728027,0.03217887866237,-0.013596366917857));
#7547=CARTESIAN_POINT('',(0.000954997879005999,0.032177894003209,-0.01359551272808));
#7548=CARTESIAN_POINT('',(0.000953248160492002,0.032176890878881,-0.0135946502878));
#7549=CARTESIAN_POINT('',(0.000949737030183001,0.032174823775419,-0.013592889343286));
#7550=CARTESIAN_POINT('',(0.000947976283019,0.032173758925783,-0.013591990466639));
#7551=CARTESIAN_POINT('',(0.000946230478694004,0.032172674410952,-0.013591083533254));
#7552=CARTESIAN_POINT('',(0.000944499690998999,0.032171570052073,-0.013590168837824));
#7553=CARTESIAN_POINT('',(0.000942783991119002,0.032170445661833,-0.013589246677021));
#7554=CARTESIAN_POINT('',(0.000941083447639001,0.03216930104446,-0.013588317349496));
#7555=CARTESIAN_POINT('',(0.000937670059963001,0.032166941397377,-0.013586421217218));
#7556=CARTESIAN_POINT('',(0.000935957998580001,0.032165725318137,-0.013585454060435));
#7557=CARTESIAN_POINT('',(0.000934262013545004,0.032164487537872,-0.013584480009449));
#7558=CARTESIAN_POINT('',(0.000932582174806001,0.032163227826577,-0.013583499391951));
#7559=CARTESIAN_POINT('',(0.000930918551100002,0.032161945944362,-0.013582512539408));
#7560=CARTESIAN_POINT('',(0.000929271209953002,0.032160641641459,-0.013581519787065));
#7561=CARTESIAN_POINT('',(0.000925962957792001,0.032157950031412,-0.0135794948409));
#7562=CARTESIAN_POINT('',(0.000924302988399,0.032156561419301,-0.013578462328123));
#7563=CARTESIAN_POINT('',(0.000922660381631,0.032155148539561,-0.01357742430407));
#7564=CARTESIAN_POINT('',(0.000921035209929002,0.032153711098121,-0.013576381143856));
#7565=CARTESIAN_POINT('',(0.000919427546055,0.032152248789162,-0.013575333229248));
#7566=CARTESIAN_POINT('',(0.000917837463087001,0.032150761295115,-0.013574280948667));
#7567=CARTESIAN_POINT('',(0.000914641408138999,0.03214768601529,-0.0135721340546));
#7568=CARTESIAN_POINT('',(0.000913036605573,0.032146096541167,-0.013571039179837));
#7569=CARTESIAN_POINT('',(0.000911450707460001,0.03214447950179,-0.013569940507465));
#7570=CARTESIAN_POINT('',(0.000909883796728999,0.032142834520448,-0.013568838483298));
#7571=CARTESIAN_POINT('',(0.000908335958501004,0.032141161206223,-0.013567733564388));
#7572=CARTESIAN_POINT('',(0.000906807280090002,0.032139459153993,-0.013566626219036));
#7573=CARTESIAN_POINT('',(0.000903730049427003,0.0321359297857,-0.013564364736088));
#7574=CARTESIAN_POINT('',(0.000902183016203002,0.03213410017141,-0.013563210447348));
#7575=CARTESIAN_POINT('',(0.000900656851403,0.032132238631584,-0.013562054597287));
#7576=CARTESIAN_POINT('',(0.000899151659982004,0.032130344678903,-0.013560897741442));
#7577=CARTESIAN_POINT('',(0.000897667551777004,0.032128417808704,-0.013559740454164));
#7578=CARTESIAN_POINT('',(0.000896204641512001,0.032126457498982,-0.013558583328613));
#7579=CARTESIAN_POINT('',(0.000893252212121002,0.032122373130224,-0.013556215081927));
#7580=CARTESIAN_POINT('',(0.000891764792299001,0.032120245730126,-0.013555004040787));
#7581=CARTESIAN_POINT('',(0.000890300926381003,0.032118080388606,-0.013553794556603));
#7582=CARTESIAN_POINT('',(0.000888860760962004,0.032115876463394,-0.013552587364764));
#7583=CARTESIAN_POINT('',(0.000887444452169001,0.032113633291436,-0.013551383232799));
#7584=CARTESIAN_POINT('',(0.000886052165668002,0.032111350188892,-0.013550182960373));
#7585=CARTESIAN_POINT('',(0.000883229321770002,0.032106555508953,-0.013547716060373));
#7586=CARTESIAN_POINT('',(0.000881801931407002,0.032104038625195,-0.013546450053086));
#7587=CARTESIAN_POINT('',(0.000880402114502001,0.032101474949764,-0.013545190354933));
#7588=CARTESIAN_POINT('',(0.00087903009938,0.032098863611177,-0.013543938021576));
#7589=CARTESIAN_POINT('',(0.000877686133749001,0.032096203716577,-0.01354269416683));
#7590=CARTESIAN_POINT('',(0.000876370484708001,0.032093494351726,-0.013541459962661));
#7591=CARTESIAN_POINT('',(0.000873679088428999,0.032087723278413,-0.013538901819185));
#7592=CARTESIAN_POINT('',(0.000872308802437001,0.032084651982808,-0.013537579968445));
#7593=CARTESIAN_POINT('',(0.000870972947899,0.032081519463901,-0.0135362726789));
#7594=CARTESIAN_POINT('',(0.000869671937526,0.032078324493596,-0.013534981660198));
#7595=CARTESIAN_POINT('',(0.000868406229611003,0.032075065845993,-0.013533708739708));
#7596=CARTESIAN_POINT('',(0.000867176328021004,0.03207174229739,-0.013532455862513));
#7597=CARTESIAN_POINT('',(0.000864607450837003,0.032064446684053,-0.013529806865095));
#7598=CARTESIAN_POINT('',(0.000863280420501,0.032060453051618,-0.013528418025302));
#7599=CARTESIAN_POINT('',(0.000862002517970001,0.032056369756399,-0.013527061719576));
#7600=CARTESIAN_POINT('',(0.000860774708294002,0.032052195064643,-0.01352574138588));
#7601=CARTESIAN_POINT('',(0.000859598094797,0.032047927481421,-0.013524460752594));
#7602=CARTESIAN_POINT('',(0.000858473919076001,0.03204356575063,-0.013523223838525));
#7603=CARTESIAN_POINT('',(0.000855928269087002,0.03203296584331,-0.013520396292523));
#7604=CARTESIAN_POINT('',(0.000854555397957001,0.032026642816734,-0.013518849105131));
#7605=CARTESIAN_POINT('',(0.000853288307798003,0.032020136640172,-0.013517404267546));
#7606=CARTESIAN_POINT('',(0.000852131528486001,0.032013447420815,-0.013516074658874));
#7607=CARTESIAN_POINT('',(0.000851090358614002,0.032006579629552,-0.013514874305254));
#7608=CARTESIAN_POINT('',(0.000850170464511999,0.0319995432223853,-0.013513817524609));
#7609=CARTESIAN_POINT('',(0.000847635929951001,0.0319765675088057,-0.013510942697757));
#7610=CARTESIAN_POINT('',(0.000846485665478999,0.0319598591974208,-0.013509702401619));
#7611=CARTESIAN_POINT('',(0.000846058569446001,0.0319427884275722,-0.013509425799708));
#7612=CARTESIAN_POINT('',(0.000846348212512001,0.0319258197816266,-0.013510165878859));
#7613=CARTESIAN_POINT('',(0.000847323507982001,0.0319093350987605,-0.013511837560515));
#7614=CARTESIAN_POINT('',(0.000848920298705001,0.0318936327893792,-0.013514275828807));
#7615=CARTESIAN_POINT('',(0.000851926782931004,0.0318727074060114,-0.013518544771693));
#7616=CARTESIAN_POINT('',(0.000852918681602002,0.0318666287516764,-0.013519922449966));
#7617=CARTESIAN_POINT('',(0.000854003254149003,0.0318607045457676,-0.013521396209491));
#7618=CARTESIAN_POINT('',(0.000855176912685003,0.0318549350240867,-0.013522956171019));
#7619=CARTESIAN_POINT('',(0.000856436541630003,0.0318493187370483,-0.013524593196055));
#7620=CARTESIAN_POINT('',(0.000857779562863002,0.0318438528567632,-0.013526299057289));
#7621=CARTESIAN_POINT('',(0.000860305295253001,0.0318344208480556,-0.013529433179379));
#7622=CARTESIAN_POINT('',(0.000861455184842003,0.031830396052599,-0.013530836528174));
#7623=CARTESIAN_POINT('',(0.000862652701174003,0.0318264574744054,-0.013532273270813));
#7624=CARTESIAN_POINT('',(0.000863896977044001,0.0318226034406031,-0.0135337402425));
#7625=CARTESIAN_POINT('',(0.000865187246514,0.0318188322287936,-0.013535234498235));
#7626=CARTESIAN_POINT('',(0.000866522844913002,0.0318151420670511,-0.013536753312814));
#7627=CARTESIAN_POINT('',(0.00086911732189,0.0318083551011631,-0.013539649466878));
#7628=CARTESIAN_POINT('',(0.000870366049914001,0.0318052404015261,-0.013541021790847));
#7629=CARTESIAN_POINT('',(0.000871648999804003,0.0318021858274201,-0.013542409437558));
#7630=CARTESIAN_POINT('',(0.000872965811965002,0.03179919019539,-0.013543810780978));
#7631=CARTESIAN_POINT('',(0.000874316160311004,0.031796252346117,-0.013545224284214));
#7632=CARTESIAN_POINT('',(0.00087569975227,0.03179337114442,-0.013546648499517));
#7633=CARTESIAN_POINT('',(0.000878420243366002,0.031787944542408,-0.013549401623712));
#7634=CARTESIAN_POINT('',(0.000879752098416002,0.031785390667651,-0.013550729094246));
#7635=CARTESIAN_POINT('',(0.000881111688827003,0.031782882993498,-0.013552063416363));
#7636=CARTESIAN_POINT('',(0.000882498823780002,0.031780420683276,-0.013553403570978));
#7637=CARTESIAN_POINT('',(0.000883913326737002,0.031778002925118,-0.013554748583436));
#7638=CARTESIAN_POINT('',(0.000885355035438001,0.031775628931968,-0.013556097523514));
#7639=CARTESIAN_POINT('',(0.000888206792082003,0.031771103081535,-0.013558722531289));
#7640=CARTESIAN_POINT('',(0.000889613769128002,0.031768946350348,-0.013559998249179));
#7641=CARTESIAN_POINT('',(0.000891044608454003,0.031766827112583,-0.013561275917968));
#7642=CARTESIAN_POINT('',(0.000892499192364001,0.031764744752642,-0.013562554821059));
#7643=CARTESIAN_POINT('',(0.000893977410052999,0.031762698674767,-0.013563834266383));
#7644=CARTESIAN_POINT('',(0.000895479157605,0.031760688303032,-0.0135651135864));
#7645=CARTESIAN_POINT('',(0.000898459487371002,0.031756828555019,-0.013567611983116));
#7646=CARTESIAN_POINT('',(0.000899935965466,0.031754976025615,-0.013568831125933));
#7647=CARTESIAN_POINT('',(0.000901433687641003,0.031753155010308,-0.013570049007328));
#7648=CARTESIAN_POINT('',(0.000902952572538002,0.031751365041897,-0.013571265082212));
#7649=CARTESIAN_POINT('',(0.000904492542081001,0.03174960566881,-0.013572478819631));
#7650=CARTESIAN_POINT('',(0.000906053521475002,0.031747876455106,-0.013573689702758));
#7651=CARTESIAN_POINT('',(0.000909157347003003,0.031744541975273,-0.013576058947632));
#7652=CARTESIAN_POINT('',(0.000910698633566,0.031742934495903,-0.013577217557462));
#7653=CARTESIAN_POINT('',(0.000912259235093003,0.031741354168042,-0.013578372610348));
#7654=CARTESIAN_POINT('',(0.000913839088865002,0.031739800629929,-0.013579523666376));
#7655=CARTESIAN_POINT('',(0.000915438133248,0.031738273532359,-0.013580670293765));
#7656=CARTESIAN_POINT('',(0.000917056307690001,0.031736772538684,-0.013581812068864));
#7657=CARTESIAN_POINT('',(0.000920277508250002,0.031733870126613,-0.013584048092089));
#7658=CARTESIAN_POINT('',(0.000921879312240002,0.031732467057467,-0.01358514267636));
#7659=CARTESIAN_POINT('',(0.000923498910829001,0.031731087823843,-0.013586231952461));
#7660=CARTESIAN_POINT('',(0.000925136249601,0.031729732142552,-0.01358731554834));
#7661=CARTESIAN_POINT('',(0.000926791273587,0.03172839974075,-0.013588393096404));
#7662=CARTESIAN_POINT('',(0.000928463927267999,0.031727090355939,-0.013589464233513));
#7663=CARTESIAN_POINT('',(0.000931795785271004,0.031724554108276,-0.013591562366274));
#7664=CARTESIAN_POINT('',(0.000933453992764999,0.031723325955267,-0.013592589744784));
#7665=CARTESIAN_POINT('',(0.000935128725709,0.031722119045859,-0.013593610407712));
#7666=CARTESIAN_POINT('',(0.000936819930784,0.031720933157707,-0.013594624028405));
#7667=CARTESIAN_POINT('',(0.000938527552694003,0.031719768077201,-0.013595630282362));
#7668=CARTESIAN_POINT('',(0.000940251534171002,0.031718623599467,-0.013596628847233));
#7669=CARTESIAN_POINT('',(0.000943686920628004,0.031716404637782,-0.013598584243908));
#7670=CARTESIAN_POINT('',(0.000945397489487999,0.031715329108143,-0.013599541485588));
#7671=CARTESIAN_POINT('',(0.000947123467844001,0.031714272758156,-0.01360049083181));
#7672=CARTESIAN_POINT('',(0.000948864797644,0.031713235414064,-0.013601431987264));
#7673=CARTESIAN_POINT('',(0.000950621417490003,0.03171221690965,-0.013602364657377));
#7674=CARTESIAN_POINT('',(0.000952393262639004,0.031711217086234,-0.013603288548319));
#7675=CARTESIAN_POINT('',(0.000955924729698,0.031709277857756,-0.013605096409397));
#7676=CARTESIAN_POINT('',(0.000957683637776003,0.03170833758108,-0.013605980805942));
#7677=CARTESIAN_POINT('',(0.00095945692593,0.031707414822031,-0.013606856283833));
#7678=CARTESIAN_POINT('',(0.000961244526121001,0.031706509446612,-0.013607722570247));
#7679=CARTESIAN_POINT('',(0.000963046365572002,0.031705621327443,-0.013608579392331));
#7680=CARTESIAN_POINT('',(0.000964862366771003,0.031704750343766,-0.013609426477203));
#7681=CARTESIAN_POINT('',(0.000968482202282999,0.031703061236201,-0.01361108218173));
#7682=CARTESIAN_POINT('',(0.000970285422100002,0.031702242370489,-0.013611891237482));
#7683=CARTESIAN_POINT('',(0.000972102030006,0.031701439677553,-0.013612690463797));
#7684=CARTESIAN_POINT('',(0.000973931942916,0.031700653056518,-0.013613479604982));
#7685=CARTESIAN_POINT('',(0.000975775071577003,0.031699882412388,-0.013614258405062));
#7686=CARTESIAN_POINT('',(0.000977631320565001,0.031699127656043,-0.013615026607779));
#7687=CARTESIAN_POINT('',(0.000981331585476003,0.0316976648814,-0.013616525799788));
#7688=CARTESIAN_POINT('',(0.000983175072904002,0.0316969562226,-0.01361725722894));
#7689=CARTESIAN_POINT('',(0.000985030955070999,0.031696262649637,-0.013617978002784));
#7690=CARTESIAN_POINT('',(0.000986899128843002,0.031695584089543,-0.013618687879968));
#7691=CARTESIAN_POINT('',(0.000988779483448003,0.03169492047458,-0.013619386619055));
#7692=CARTESIAN_POINT('',(0.000990671900482,0.031694271742247,-0.013620073978517));
#7693=CARTESIAN_POINT('',(0.000994444457937001,0.031693015961439,-0.013621412627762));
#7694=CARTESIAN_POINT('',(0.000996324148614003,0.031692408355451,-0.013622064354693));
#7695=CARTESIAN_POINT('',(0.000998215206865001,0.031691814963293,-0.013622704669244));
#7696=CARTESIAN_POINT('',(0.001000117504527,0.031691235735569,-0.013623333343651));
#7697=CARTESIAN_POINT('',(0.001002030904334,0.031690670627506,-0.013623950150672));
#7698=CARTESIAN_POINT('',(0.001003955259926,0.031690119598955,-0.01362455486359));
#7699=CARTESIAN_POINT('',(0.001007791800325,0.031689055001023,-0.013625729310667));
#7700=CARTESIAN_POINT('',(0.001009703610597,0.031688540945683,-0.013626299471389));
#7701=CARTESIAN_POINT('',(0.001011625699068,0.031688040414738,-0.013626857523632));
#7702=CARTESIAN_POINT('',(0.001013557907644,0.031687553378548,-0.013627403254184));
#7703=CARTESIAN_POINT('',(0.001015500067725,0.031687079811461,-0.013627936451368));
#7704=CARTESIAN_POINT('',(0.001017452000201,0.031686619691811,-0.013628456905034));
#7705=CARTESIAN_POINT('',(0.00102134406454,0.031685733363867,-0.013629463896245));
#7706=CARTESIAN_POINT('',(0.001023283895419,0.03168530673477,-0.013629950839969));
#7707=CARTESIAN_POINT('',(0.001025232827124,0.031684893097872,-0.01363042503866));
#7708=CARTESIAN_POINT('',(0.001027190666882,0.031684492439688,-0.013630886296159));
#7709=CARTESIAN_POINT('',(0.001029157210118,0.031684104750012,-0.013631334419231));
#7710=CARTESIAN_POINT('',(0.00103113224045,0.031683730021914,-0.013631769217561));
#7711=CARTESIAN_POINT('',(0.001035071243217,0.031683011511637,-0.013632605932372));
#7712=CARTESIAN_POINT('',(0.001037034986879,0.031682667371428,-0.013633008222607));
#7713=CARTESIAN_POINT('',(0.001039006541601,0.031682335827725,-0.013633397194588));
#7714=CARTESIAN_POINT('',(0.001040985675399,0.031682016879571,-0.013633772673122));
#7715=CARTESIAN_POINT('',(0.00104297214339,0.031681710528444,-0.0136341344877));
#7716=CARTESIAN_POINT('',(0.001044965687786,0.031681416778253,-0.013634482472487));
#7717=CARTESIAN_POINT('',(0.001048942938982,0.031680857788119,-0.013635146544946));
#7718=CARTESIAN_POINT('',(0.0010509264867,0.031680592254026,-0.013635462959483));
#7719=CARTESIAN_POINT('',(0.001052916419304,0.031680339039318,-0.013635765554218));
#7720=CARTESIAN_POINT('',(0.001054912461494,0.031680098151635,-0.013636054180219));
#7721=CARTESIAN_POINT('',(0.001056914324426,0.031679869600006,-0.013636328695344));
#7722=CARTESIAN_POINT('',(0.001058921705709,0.031679653394846,-0.013636588964249));
#7723=CARTESIAN_POINT('',(0.001062928426872,0.031679247569419,-0.013637078498778));
#7724=CARTESIAN_POINT('',(0.001064927672029,0.031679057723227,-0.013637308027594));
#7725=CARTESIAN_POINT('',(0.001066931716646,0.031678880020987,-0.013637523319663));
#7726=CARTESIAN_POINT('',(0.001068940239541,0.031678714474402,-0.01363772425901));
#7727=CARTESIAN_POINT('',(0.001070952906586,0.03167856109528,-0.013637910738853));
#7728=CARTESIAN_POINT('',(0.001072969370703,0.031678419895528,-0.013638082661601));
#7729=CARTESIAN_POINT('',(0.001076996691736,0.031678162675944,-0.013638396244266));
#7730=CARTESIAN_POINT('',(0.00107900750794,0.031678046505436,-0.013638538085499));
#7731=CARTESIAN_POINT('',(0.001081021365611,0.031677942387421,-0.013638665375879));
#7732=CARTESIAN_POINT('',(0.001083037900353,0.031677850332436,-0.013638778040251));
#7733=CARTESIAN_POINT('',(0.001085056738246,0.031677770349764,-0.01363887601498));
#7734=CARTESIAN_POINT('',(0.00108707749584,0.031677702447432,-0.013638959247951));
#7735=CARTESIAN_POINT('',(0.001090655140186,0.031677603704147,-0.013639080344659));
#7736=CARTESIAN_POINT('',(0.001092211404684,0.031677567925777,-0.01363912424686));
#7737=CARTESIAN_POINT('',(0.001093768394993,0.031677539300126,-0.013639159386864));
#7738=CARTESIAN_POINT('',(0.001095325931276,0.031677517829441,-0.013639185750963));
#7739=CARTESIAN_POINT('',(0.001096883832523,0.031677503515185,-0.013639203330049));
#7740=CARTESIAN_POINT('',(0.00109844191655,0.031677496358046,-0.013639212119617));
#7741=CARTESIAN_POINT('',(0.0011,0.031677496357927,-0.013639212119762));
#7742=CARTESIAN_POINT('',(0.0011,0.032211490725102,-0.01362880967353));
#7743=CARTESIAN_POINT('',(0.0011,0.031677496357928,-0.013639212119762));
#7744=CARTESIAN_POINT('',(0.004,0.032211490725102,-0.01362880967353));
#7745=CARTESIAN_POINT('',(0.004,0.031677496357927,-0.013639212119762));
#7746=CARTESIAN_POINT('',(0.0038,0.031077795786903,-0.008977759353256));
#7747=CARTESIAN_POINT('',(0.0038,0.0319,-0.01135));
#7748=CARTESIAN_POINT('',(0.0038,0.032900436199941,-0.0134210208617607));
#7749=CARTESIAN_POINT('',(0.0038,0.0323957919100431,-0.013595927510392));
#7750=CARTESIAN_POINT('',(0.0038,0.032722204213097,-0.013722240646744));
#7751=CARTESIAN_POINT('',(0.0038,0.032722204213097,-0.013722240646744));
#7752=CARTESIAN_POINT('',(0.0011,0.032900436199941,-0.013421020861761));
#7753=CARTESIAN_POINT('',(0.001098004812769,0.032900436199735,-0.013421020861639));
#7754=CARTESIAN_POINT('',(0.001096009624573,0.03290042020333,-0.013421011396553));
#7755=CARTESIAN_POINT('',(0.001094014629315,0.032900388210655,-0.013420992466461));
#7756=CARTESIAN_POINT('',(0.001092020018929,0.032900340218603,-0.013420964076752));
#7757=CARTESIAN_POINT('',(0.001090025983384,0.032900276221038,-0.013420926238245));
#7758=CARTESIAN_POINT('',(0.001088032710677,0.032900196208794,-0.01342087896719));
#7759=CARTESIAN_POINT('',(0.001084022083123,0.032900002878198,-0.013420764864216));
#7760=CARTESIAN_POINT('',(0.001082004751982,0.032899889138737,-0.013420697785028));
#7761=CARTESIAN_POINT('',(0.001079988585913,0.032899758938625,-0.013420621070247));
#7762=CARTESIAN_POINT('',(0.001077973772843,0.03289961226097,-0.013420534747532));
#7763=CARTESIAN_POINT('',(0.001075960496127,0.032899449084655,-0.013420438849662));
#7764=CARTESIAN_POINT('',(0.001073948934548,0.032899269384329,-0.013420333414534));
#7765=CARTESIAN_POINT('',(0.001069927186184,0.032898876641752,-0.013420103418318));
#7766=CARTESIAN_POINT('',(0.001067917004005,0.032898663559512,-0.013419978834319));
#7767=CARTESIAN_POINT('',(0.001065908889869,0.032898433853951,-0.013419844776264));
#7768=CARTESIAN_POINT('',(0.001063903013534,0.032898187489953,-0.013419701291819));
#7769=CARTESIAN_POINT('',(0.001061899540427,0.032897924427031,-0.01341954843322));
#7770=CARTESIAN_POINT('',(0.001059898631652,0.032897644619329,-0.01341938625727));
#7771=CARTESIAN_POINT('',(0.0010558992895,0.032897050971535,-0.01341904313888));
#7772=CARTESIAN_POINT('',(0.001053900864995,0.032896737081305,-0.013418862168877));
#7773=CARTESIAN_POINT('',(0.00105190532773,0.03289640629336,-0.01341867197686));
#7774=CARTESIAN_POINT('',(0.001049912832273,0.032896058549939,-0.013418472628714));
#7775=CARTESIAN_POINT('',(0.001047923530497,0.032895693787087,-0.013418264194684));
#7776=CARTESIAN_POINT('',(0.001045937571579,0.03289531193466,-0.013418046749374));
#7777=CARTESIAN_POINT('',(0.001041969451564,0.032894513257767,-0.013417593630899));
#7778=CARTESIAN_POINT('',(0.001039987302539,0.032894096378081,-0.013417357929129));
#7779=CARTESIAN_POINT('',(0.00103800880217,0.032893662200483,-0.013417113345676));
#7780=CARTESIAN_POINT('',(0.001036034096759,0.032893210641524,-0.013416859964317));
#7781=CARTESIAN_POINT('',(0.001034063331675,0.032892741611097,-0.013416597873365));
#7782=CARTESIAN_POINT('',(0.001032096651344,0.032892255012431,-0.013416327165672));
#7783=CARTESIAN_POINT('',(0.001028168492265,0.032891245635378,-0.013415768248456));
#7784=CARTESIAN_POINT('',(0.001026207028281,0.032890722798317,-0.013415480010843));
#7785=CARTESIAN_POINT('',(0.001024249951613,0.032890182126917,-0.013415183323573));
#7786=CARTESIAN_POINT('',(0.00102229740709,0.032889623510282,-0.013414878289482));
#7787=CARTESIAN_POINT('',(0.001020349540071,0.032889046830619,-0.01341456501645));
#7788=CARTESIAN_POINT('',(0.001018406496438,0.032888451963235,-0.013414243617407));
#7789=CARTESIAN_POINT('',(0.001014526956137,0.032887224516448,-0.013413584226616));
#7790=CARTESIAN_POINT('',(0.001012590477472,0.032886591872904,-0.013413246207096));
#7791=CARTESIAN_POINT('',(0.001010659133862,0.032885940713584,-0.013412900270286));
#7792=CARTESIAN_POINT('',(0.001008733074268,0.032885270899191,-0.013412546540551));
#7793=CARTESIAN_POINT('',(0.001006812449356,0.032884582283445,-0.013412185148112));
#7794=CARTESIAN_POINT('',(0.001004897411502,0.032883874713091,-0.013411816229039));
#7795=CARTESIAN_POINT('',(0.001001075046156,0.032882419907092,-0.013411062878062));
#7796=CARTESIAN_POINT('',(0.000999167741877003,0.032881672595959,-0.013410678417337));
#7797=CARTESIAN_POINT('',(0.000997266356987003,0.032880905933261,-0.01341028668576));
#7798=CARTESIAN_POINT('',(0.000995371049243004,0.032880119750863,-0.013409887832967));
#7799=CARTESIAN_POINT('',(0.000993481979116001,0.032879313873733,-0.013409482015545));
#7800=CARTESIAN_POINT('',(0.000991599309796001,0.032878488119936,-0.013409069397037));
#7801=CARTESIAN_POINT('',(0.000987842548146999,0.032876794427128,-0.013408229880623));
#7802=CARTESIAN_POINT('',(0.000985968488228999,0.032875926390738,-0.013407802950965));
#7803=CARTESIAN_POINT('',(0.000984101194573001,0.032875038001177,-0.013407369530612));
#7804=CARTESIAN_POINT('',(0.000982240837979001,0.032874129061564,-0.013406929799603));
#7805=CARTESIAN_POINT('',(0.000980387592904999,0.032873199368431,-0.013406483946367));
#7806=CARTESIAN_POINT('',(0.000978541637473001,0.032872248711722,-0.013406032167724));
#7807=CARTESIAN_POINT('',(0.000974858753993002,0.03287030191091,-0.013405115698008));
#7808=CARTESIAN_POINT('',(0.000973021874584003,0.032869305630652,-0.013404650970683));
#7809=CARTESIAN_POINT('',(0.000971192698793002,0.032868287815142,-0.013404180694006));
#7810=CARTESIAN_POINT('',(0.000969371414788003,0.03286724823962,-0.013403705085296));
#7811=CARTESIAN_POINT('',(0.000967558215348999,0.032866186673447,-0.013403224372094));
#7812=CARTESIAN_POINT('',(0.000965753297869,0.03286510288011,-0.013402738792167));
#7813=CARTESIAN_POINT('',(0.000962152384761002,0.032862885399456,-0.013401756199288));
#7814=CARTESIAN_POINT('',(0.000960356465812003,0.032861751511041,-0.013401259145629));
#7815=CARTESIAN_POINT('',(0.000958569312266001,0.032860594706066,-0.013400757683763));
#7816=CARTESIAN_POINT('',(0.000956791134493002,0.032859414734145,-0.013400252077454));
#7817=CARTESIAN_POINT('',(0.000955022148484003,0.032858211340408,-0.013399742602997));
#7818=CARTESIAN_POINT('',(0.000953262575843002,0.032856984265502,-0.013399229549221));
#7819=CARTESIAN_POINT('',(0.000949751511924002,0.032854474218966,-0.013398193581155));
#7820=CARTESIAN_POINT('',(0.000948000144988002,0.032853190940924,-0.013397670625681));
#7821=CARTESIAN_POINT('',(0.000946258774656001,0.032851883142138,-0.01339714465816));
#7822=CARTESIAN_POINT('',(0.000944527639278003,0.03285055055137,-0.013396616001079));
#7823=CARTESIAN_POINT('',(0.000942806983883999,0.032849192895465,-0.013396084992321));
#7824=CARTESIAN_POINT('',(0.000941097060176005,0.032847809899351,-0.013395551985159));
#7825=CARTESIAN_POINT('',(0.000937683472884001,0.032844979639015,-0.013394477764432));
#7826=CARTESIAN_POINT('',(0.000935980014173003,0.032843531900316,-0.013393936521604));
#7827=CARTESIAN_POINT('',(0.000934288016176003,0.032842057784593,-0.01339339399875));
#7828=CARTESIAN_POINT('',(0.000932607752405001,0.032840557009145,-0.013392850593696));
#7829=CARTESIAN_POINT('',(0.000930939504115002,0.032839029293924,-0.01339230672311));
#7830=CARTESIAN_POINT('',(0.000929283560296999,0.032837474361534,-0.013391762822507));
#7831=CARTESIAN_POINT('',(0.000925974773578003,0.032834288230741,-0.013390668560724));
#7832=CARTESIAN_POINT('',(0.000924322272387004,0.032832656290799,-0.013390118212089));
#7833=CARTESIAN_POINT('',(0.000922683023323,0.032830995830528,-0.01338956877346));
#7834=CARTESIAN_POINT('',(0.000921057344225002,0.032829306573689,-0.013389020740745));
#7835=CARTESIAN_POINT('',(0.000919445561552001,0.03282758825468,-0.013388474632643));
#7836=CARTESIAN_POINT('',(0.000917848010382999,0.032825840618541,-0.013387930990649));
#7837=CARTESIAN_POINT('',(0.000914650963105001,0.03282225131279,-0.013386839147889));
#7838=CARTESIAN_POINT('',(0.000913052045447001,0.032820408475066,-0.013386291068134));
#7839=CARTESIAN_POINT('',(0.000911468646566001,0.032818534647549,-0.01338574673861));
#7840=CARTESIAN_POINT('',(0.000909901140435002,0.032816629594507,-0.013385206784883));
#7841=CARTESIAN_POINT('',(0.000908349909873003,0.032814693104704,-0.013384671859266));
#7842=CARTESIAN_POINT('',(0.000906815346555002,0.0328127249914,-0.013384142640809));
#7843=CARTESIAN_POINT('',(0.000903736445501003,0.032808667324625,-0.013383081902017));
#7844=CARTESIAN_POINT('',(0.000902193109268003,0.032806575912319,-0.013382550757966));
#7845=CARTESIAN_POINT('',(0.000900668280234,0.032804450677415,-0.013382027173664));
#7846=CARTESIAN_POINT('',(0.000899162403589001,0.032802291490386,-0.013381511948756));
#7847=CARTESIAN_POINT('',(0.000897675931784001,0.03280009827019,-0.013381005912022));
#7848=CARTESIAN_POINT('',(0.000896209324528,0.032797870984272,-0.013380509921377));
#7849=CARTESIAN_POINT('',(0.000893254137402003,0.032793250378398,-0.013379518799391));
#7850=CARTESIAN_POINT('',(0.000891767354384,0.032790854055793,-0.013379024632592));
#7851=CARTESIAN_POINT('',(0.000890303233444002,0.032788420698926,-0.013378543374738));
#7852=CARTESIAN_POINT('',(0.000888862309207001,0.032785950415878,-0.013378076062594));
#7853=CARTESIAN_POINT('',(0.000887445117209004,0.032783443404636,-0.01337762375843));
#7854=CARTESIAN_POINT('',(0.000886052193904002,0.032780899953093,-0.013377187550019));
#7855=CARTESIAN_POINT('',(0.000883224692164002,0.03277556884535,-0.013376321599773));
#7856=CARTESIAN_POINT('',(0.000881793527203002,0.032772776229157,-0.013375894220777));
#7857=CARTESIAN_POINT('',(0.000880391240948002,0.032769943056082,-0.013375487773439));
#7858=CARTESIAN_POINT('',(0.000879018474636003,0.032767069951796,-0.013375103620534));
#7859=CARTESIAN_POINT('',(0.000877675851573005,0.032764157702039,-0.013374743127823));
#7860=CARTESIAN_POINT('',(0.000876363977128002,0.032761207252606,-0.013374407664059));
#7861=CARTESIAN_POINT('',(0.000873664216322002,0.032754908611167,-0.013373756065954));
#7862=CARTESIAN_POINT('',(0.000872283469054002,0.032751551948467,-0.013373445934083));
#7863=CARTESIAN_POINT('',(0.000870942009160002,0.032748151261863,-0.013373170089054));
#7864=CARTESIAN_POINT('',(0.000869640577276003,0.032744708360406,-0.013372930336353));
#7865=CARTESIAN_POINT('',(0.000868379842447999,0.032741225321588,-0.013372728403272));
#7866=CARTESIAN_POINT('',(0.000867160402135001,0.032737704491346,-0.0133725659389));
#7867=CARTESIAN_POINT('',(0.000864574492330003,0.03272989593286,-0.01337229930491));
#7868=CARTESIAN_POINT('',(0.000863225980145002,0.032725592981709,-0.01337221273169));
#7869=CARTESIAN_POINT('',(0.000861938151244003,0.032721244245861,-0.013372187493225));
#7870=CARTESIAN_POINT('',(0.000860711676381003,0.032716854693007,-0.013372225920648));
#7871=CARTESIAN_POINT('',(0.000859546991474003,0.032712429643271,-0.013372329977477));
#7872=CARTESIAN_POINT('',(0.000858444297602002,0.032707974769213,-0.013372501259607));
#7873=CARTESIAN_POINT('',(0.000855848581991,0.032696804447677,-0.013373099187772));
#7874=CARTESIAN_POINT('',(0.000854431788522004,0.032690058976899,-0.013373610157912));
#7875=CARTESIAN_POINT('',(0.000853153241174003,0.032683280217438,-0.013374277815509));
#7876=CARTESIAN_POINT('',(0.000852011441038005,0.03267648795901,-0.013375103805988));
#7877=CARTESIAN_POINT('',(0.000851003774327005,0.032669701062143,-0.013376087694776));
#7878=CARTESIAN_POINT('',(0.000850126956981001,0.032662937273228,-0.013377227151653));
#7879=CARTESIAN_POINT('',(0.000847511761249004,0.032639474017369,-0.013381731854536));
#7880=CARTESIAN_POINT('',(0.000846436339417001,0.032622991253784,-0.013385882477017));
#7881=CARTESIAN_POINT('',(0.000846090154236,0.032606983353115,-0.013390912363595));
#7882=CARTESIAN_POINT('',(0.000846406555827003,0.032591586821561,-0.013396718842954));
#7883=CARTESIAN_POINT('',(0.000847348581208003,0.032576884345911,-0.013403190003268));
#7884=CARTESIAN_POINT('',(0.000848892055963002,0.032562916993213,-0.013410217322803));
#7885=CARTESIAN_POINT('',(0.000851904053369001,0.032544300871744,-0.013420762930609));
#7886=CARTESIAN_POINT('',(0.00085287550895,0.032539032942845,-0.013423894248903));
#7887=CARTESIAN_POINT('',(0.000853945330011,0.032533891139389,-0.013427095228943));
#7888=CARTESIAN_POINT('',(0.000855113191580999,0.032528876540197,-0.013430358990767));
#7889=CARTESIAN_POINT('',(0.000856378950627002,0.032523989871842,-0.013433678670621));
#7890=CARTESIAN_POINT('',(0.000857742563074002,0.032519231507656,-0.013437047459105));
#7891=CARTESIAN_POINT('',(0.000860286013522005,0.032511173497976,-0.013442984193517));
#7892=CARTESIAN_POINT('',(0.000861421637757001,0.032507815890701,-0.01344553297432));
#7893=CARTESIAN_POINT('',(0.000862610872726002,0.032504528675389,-0.013448102229074));
#7894=CARTESIAN_POINT('',(0.000863853697757998,0.032501311792684,-0.013450689230511));
#7895=CARTESIAN_POINT('',(0.000865150072335001,0.032498165093393,-0.013453291276765));
#7896=CARTESIAN_POINT('',(0.000866499936087003,0.032495088338484,-0.01345590569137));
#7897=CARTESIAN_POINT('',(0.000869102718386,0.032489510713299,-0.013460772916392));
#7898=CARTESIAN_POINT('',(0.000870341246104002,0.032486991095696,-0.013463023113392));
#7899=CARTESIAN_POINT('',(0.000871618735866001,0.032484522141712,-0.013465278758332));
#7900=CARTESIAN_POINT('',(0.000872935106878001,0.032482103601306,-0.013467538220496));
#7901=CARTESIAN_POINT('',(0.000874290253629,0.032479735178961,-0.013469799894379));
#7902=CARTESIAN_POINT('',(0.000875684045894002,0.032477416533685,-0.013472062199687));
#7903=CARTESIAN_POINT('',(0.000878409639105002,0.032473098207041,-0.013476365544192));
#7904=CARTESIAN_POINT('',(0.000879734331840004,0.032471089407389,-0.013478406756314));
#7905=CARTESIAN_POINT('',(0.000881090291195003,0.032469120595153,-0.013480446073689));
#7906=CARTESIAN_POINT('',(0.000882477382052001,0.032467191458883,-0.013482482375454));
#7907=CARTESIAN_POINT('',(0.000883895449921002,0.032465301660584,-0.013484514563897));
#7908=CARTESIAN_POINT('',(0.000885344320936003,0.03246345083571,-0.013486541564459));
#7909=CARTESIAN_POINT('',(0.000888199603853002,0.032459953348779,-0.013490441476297));
#7910=CARTESIAN_POINT('',(0.000889601876038003,0.032458301470016,-0.013492315232571));
#7911=CARTESIAN_POINT('',(0.000891030462558,0.032456682642176,-0.013494182749825));
#7912=CARTESIAN_POINT('',(0.000892485193359001,0.032455096534736,-0.013496043203626));
#7913=CARTESIAN_POINT('',(0.000893965884192001,0.032453542801352,-0.013497895789841));
#7914=CARTESIAN_POINT('',(0.000895472336604003,0.032452021079858,-0.01349973972464));
#7915=CARTESIAN_POINT('',(0.000898455270308001,0.032449119755703,-0.013503311686976));
#7916=CARTESIAN_POINT('',(0.000899929119657,0.0324477368949,-0.013505040685033));
#7917=CARTESIAN_POINT('',(0.000901425705292003,0.032446382088709,-0.01350676059056));
#7918=CARTESIAN_POINT('',(0.000902944836297,0.032445055006909,-0.013508470772867));
#7919=CARTESIAN_POINT('',(0.000904486311542,0.032443755310194,-0.013510170618676));
#7920=CARTESIAN_POINT('',(0.000906049919681001,0.032442482650186,-0.01351185953212));
#7921=CARTESIAN_POINT('',(0.000909155743031003,0.032440041938351,-0.013515145342432));
#7922=CARTESIAN_POINT('',(0.000910696193312001,0.032438871737937,-0.013516743166834));
#7923=CARTESIAN_POINT('',(0.000912256594751002,0.032437725753074,-0.013518329898312));
#7924=CARTESIAN_POINT('',(0.000913836744832003,0.032436603664029,-0.013519905042008));
#7925=CARTESIAN_POINT('',(0.000915436433765002,0.032435505146448,-0.013521468117844));
#7926=CARTESIAN_POINT('',(0.000917055444490004,0.032434429871353,-0.013523018660518));
#7927=CARTESIAN_POINT('',(0.000920278206182002,0.032432359479698,-0.013526043604941));
#7928=CARTESIAN_POINT('',(0.000921880731580001,0.032431362893229,-0.013527518840116));
#7929=CARTESIAN_POINT('',(0.000923500925912001,0.032430387443796,-0.013528981517403));
#7930=CARTESIAN_POINT('',(0.000925138581113,0.032429432827873,-0.013530431241651));
#7931=CARTESIAN_POINT('',(0.000926793483999003,0.032428498740347,-0.013531867630187));
#7932=CARTESIAN_POINT('',(0.000928465416272003,0.032427584874516,-0.013533290312813));
#7933=CARTESIAN_POINT('',(0.000931798494374001,0.032425820472454,-0.013536070516995));
#7934=CARTESIAN_POINT('',(0.000933458768528003,0.032424968903555,-0.013537428768107));
#7935=CARTESIAN_POINT('',(0.000935134770866,0.032424135930852,-0.013538773355042));
#7936=CARTESIAN_POINT('',(0.000936826291736002,0.03242332127033,-0.013540103958194));
#7937=CARTESIAN_POINT('',(0.000938533117944,0.0324225246385,-0.013541420268455));
#7938=CARTESIAN_POINT('',(0.000940255032761003,0.032421745752404,-0.013542721987219));
#7939=CARTESIAN_POINT('',(0.000943691352946002,0.03242023923588,-0.013545268068671));
#7940=CARTESIAN_POINT('',(0.000945405127749002,0.03241951086498,-0.013546513062459));
#7941=CARTESIAN_POINT('',(0.000947132934057002,0.032418798952319,-0.013547743537859));
#7942=CARTESIAN_POINT('',(0.000948874563198001,0.032418103235335,-0.013548959233795));
#7943=CARTESIAN_POINT('',(0.000950629804106002,0.032417423453497,-0.013550159897999));
#7944=CARTESIAN_POINT('',(0.000952398443310999,0.032416759348298,-0.013551345287013));
#7945=CARTESIAN_POINT('',(0.000955930587976002,0.032415473445526,-0.01355366436452));
#7946=CARTESIAN_POINT('',(0.000957693631714003,0.03241485110799,-0.013554798596255));
#7947=CARTESIAN_POINT('',(0.000959469191660001,0.032414243407596,-0.01355591763901));
#7948=CARTESIAN_POINT('',(0.000961257061710002,0.032413650104392,-0.013557021277771));
#7949=CARTESIAN_POINT('',(0.000963057034158003,0.032413070961534,-0.013558109304886));
#7950=CARTESIAN_POINT('',(0.000964868899696002,0.03241250574529,-0.013559181520066));
#7951=CARTESIAN_POINT('',(0.000968489171886001,0.032411410817299,-0.013561278404517));
#7952=CARTESIAN_POINT('',(0.000970297237536003,0.032410880705922,-0.013562303540897));
#7953=CARTESIAN_POINT('',(0.000972116442733002,0.032410363670354,-0.013563312955012));
#7954=CARTESIAN_POINT('',(0.000973946584758002,0.032409859493942,-0.013564306468477));
#7955=CARTESIAN_POINT('',(0.000975787459798001,0.032409367963932,-0.013565283909036));
#7956=CARTESIAN_POINT('',(0.000977638862953,0.032408888871467,-0.01356624511056));
#7957=CARTESIAN_POINT('',(0.000981339329743001,0.032407960915294,-0.013568123051566));
#7958=CARTESIAN_POINT('',(0.000983188140143001,0.032407511751682,-0.013569040193194));
#7959=CARTESIAN_POINT('',(0.000985046821079,0.032407074323332,-0.013569941183793));
#7960=CARTESIAN_POINT('',(0.000986915173362999,0.032406648437305,-0.013570825874301));
#7961=CARTESIAN_POINT('',(0.000988792996969003,0.03240623390514,-0.013571694120736));
#7962=CARTESIAN_POINT('',(0.000990680091029001,0.032405830542863,-0.013572545784193));
#7963=CARTESIAN_POINT('',(0.000994452617050001,0.032405049896213,-0.013574206959051));
#7964=CARTESIAN_POINT('',(0.000996337860553,0.032404672383733,-0.0135750168175));
#7965=CARTESIAN_POINT('',(0.000998231789009003,0.032404305459638,-0.01357581017651));
#7966=CARTESIAN_POINT('',(0.001000134206228,0.032403948954943,-0.013576586910601));
#7967=CARTESIAN_POINT('',(0.001002044915168,0.032403602705581,-0.013577346898494));
#7968=CARTESIAN_POINT('',(0.001003963717933,0.032403266552397,-0.013578090023114));
#7969=CARTESIAN_POINT('',(0.001007799994201,0.032402617028423,-0.013579535867967));
#7970=CARTESIAN_POINT('',(0.001009717327834,0.032402303481918,-0.013580238888326));
#7971=CARTESIAN_POINT('',(0.001011642223309,0.032401999551507,-0.013580925122752));
#7972=CARTESIAN_POINT('',(0.00101357448609,0.032401705092291,-0.013581594464833));
#7973=CARTESIAN_POINT('',(0.001015513920472,0.032401419964604,-0.013582246811667));
#7974=CARTESIAN_POINT('',(0.001017460329586,0.032401144034016,-0.013582882063857));
#7975=CARTESIAN_POINT('',(0.001021351900384,0.032400612330878,-0.013584113503633));
#7976=CARTESIAN_POINT('',(0.001023296959386,0.032400356421562,-0.013584709950601));
#7977=CARTESIAN_POINT('',(0.001025248498971,0.032400109317136,-0.013585289372638));
#7978=CARTESIAN_POINT('',(0.001027206323855,0.032399870896803,-0.013585851678987));
#7979=CARTESIAN_POINT('',(0.0010291702369,0.032399641045225,-0.01358639678192));
#7980=CARTESIAN_POINT('',(0.001031140039109,0.032399419652518,-0.013586924596732));
#7981=CARTESIAN_POINT('',(0.001035078328248,0.032398994944691,-0.013587942207299));
#7982=CARTESIAN_POINT('',(0.001037046741745,0.032398791522671,-0.013588432225447));
#7983=CARTESIAN_POINT('',(0.001039020573259,0.032398596245802,-0.013588905015974));
#7984=CARTESIAN_POINT('',(0.001040999622943,0.032398409017263,-0.013589360501506));
#7985=CARTESIAN_POINT('',(0.00104298368797,0.032398229745801,-0.013589798607509));
#7986=CARTESIAN_POINT('',(0.001044972562532,0.03239805834573,-0.013590219262285));
#7987=CARTESIAN_POINT('',(0.001048948898324,0.032397731999325,-0.013591023385057));
#7988=CARTESIAN_POINT('',(0.001050936309958,0.032397576970284,-0.013591407039195));
#7989=CARTESIAN_POINT('',(0.001052928067299,0.032397429571029,-0.013591773291473));
#7990=CARTESIAN_POINT('',(0.001054923960463,0.032397289728311,-0.013592122077057));
#7991=CARTESIAN_POINT('',(0.001056923775117,0.032397157374421,-0.013592453334195));
#7992=CARTESIAN_POINT('',(0.001058927292485,0.03239703244719,-0.013592767004219));
#7993=CARTESIAN_POINT('',(0.001062932925889,0.032396797822475,-0.013593357825735));
#7994=CARTESIAN_POINT('',(0.001064935012441,0.032396688063687,-0.013593635124166));
#7995=CARTESIAN_POINT('',(0.001066940328215,0.032396585557765,-0.013593894871759));
#7996=CARTESIAN_POINT('',(0.001068948646827,0.032396490254171,-0.013594137017328));
#7997=CARTESIAN_POINT('',(0.00107095973629,0.032396402107692,-0.013594361513576));
#7998=CARTESIAN_POINT('',(0.001072973359013,0.032396321078433,-0.013594568317096));
#7999=CARTESIAN_POINT('',(0.001076999461343,0.032396173395148,-0.013594945922855));
#8000=CARTESIAN_POINT('',(0.001079011928317,0.03239610670086,-0.013595116826058));
#8001=CARTESIAN_POINT('',(0.001081026430669,0.032396047014716,-0.013595270058732));
#8002=CARTESIAN_POINT('',(0.001083042721409,0.032395994307426,-0.013595405586742));
#8003=CARTESIAN_POINT('',(0.001085060548618,0.032395948554656,-0.013595523381066));
#8004=CARTESIAN_POINT('',(0.001087079655441,0.032395909737024,-0.013595623417789));
#8005=CARTESIAN_POINT('',(0.001090655742429,0.03239585327211,-0.01359576903754));
#8006=CARTESIAN_POINT('',(0.001092212309254,0.032395832809795,-0.013595821851253));
#8007=CARTESIAN_POINT('',(0.00109376936092,0.032395816446576,-0.013595864110677));
#8008=CARTESIAN_POINT('',(0.001095326777119,0.032395804177499,-0.013595895809421));
#8009=CARTESIAN_POINT('',(0.001096884436888,0.032395795999241,-0.013595916943278));
#8010=CARTESIAN_POINT('',(0.001098442218607,0.032395791910111,-0.013595927510218));
#8011=CARTESIAN_POINT('',(0.0011,0.032395791910043,-0.013595927510392));
#8012=CARTESIAN_POINT('',(0.0011,0.032900436199941,-0.013421020861761));
#8013=CARTESIAN_POINT('',(0.0011,0.032395791910043,-0.013595927510392));
#8014=CARTESIAN_POINT('',(0.004,0.032900436199941,-0.013421020861761));
#8015=CARTESIAN_POINT('',(0.004,0.032395791910043,-0.013595927510392));
#8016=CARTESIAN_POINT('',(0.0038,0.031077795786903,-0.008977759353256));
#8017=CARTESIAN_POINT('',(0.0038,0.0319,-0.01135));
#8018=CARTESIAN_POINT('',(0.0038,0.0334914520090802,-0.0130105060983911));
#8019=CARTESIAN_POINT('',(0.0038,0.0330655558956181,-0.013332795868008));
#8020=CARTESIAN_POINT('',(0.0038,0.033415025349182,-0.013352059850613));
#8021=CARTESIAN_POINT('',(0.0038,0.033415025349182,-0.013352059850613));
#8022=CARTESIAN_POINT('',(0.0011,0.03349145200908,-0.013010506098391));
#8023=CARTESIAN_POINT('',(0.001097672372117,0.033491452008808,-0.01301050609833));
#8024=CARTESIAN_POINT('',(0.001095344743,0.033491426617145,-0.01301050041665));
#8025=CARTESIAN_POINT('',(0.00109301742443,0.033491375833931,-0.013010489053308));
#8026=CARTESIAN_POINT('',(0.00109069072399,0.033491299654232,-0.013010472022069));
#8027=CARTESIAN_POINT('',(0.001088364945065,0.033491198068345,-0.013010449350503));
#8028=CARTESIAN_POINT('',(0.001083686065386,0.033490942429069,-0.013010392447503));
#8029=CARTESIAN_POINT('',(0.001081332994642,0.033490787719947,-0.013010358071661));
#8030=CARTESIAN_POINT('',(0.001078981483884,0.03349060691939,-0.013010317995417));
#8031=CARTESIAN_POINT('',(0.001076631832923,0.033490400004773,-0.013010272275774));
#8032=CARTESIAN_POINT('',(0.001074284332107,0.033490166945884,-0.013010220983784));
#8033=CARTESIAN_POINT('',(0.001069592458288,0.033489648272247,-0.013010107383321));
#8034=CARTESIAN_POINT('',(0.001067248089205,0.033489362618268,-0.013010045066682));
#8035=CARTESIAN_POINT('',(0.001064906435303,0.033489050704933,-0.013009977339818));
#8036=CARTESIAN_POINT('',(0.001062567768612,0.033488712483992,-0.013009904301739));
#8037=CARTESIAN_POINT('',(0.001060232352961,0.033488347897,-0.013009826065285));
#8038=CARTESIAN_POINT('',(0.001055566592133,0.033487565527846,-0.01300965937955));
#8039=CARTESIAN_POINT('',(0.001053236254084,0.033487147701396,-0.013009570921893));
#8040=CARTESIAN_POINT('',(0.001050909685765,0.033486703326862,-0.013009477510987));
#8041=CARTESIAN_POINT('',(0.001048587139337,0.033486232323452,-0.013009379287859));
#8042=CARTESIAN_POINT('',(0.001046268863205,0.033485734598687,-0.013009276407729));
#8043=CARTESIAN_POINT('',(0.001041639489232,0.033484685078349,-0.013009061586372));
#8044=CARTESIAN_POINT('',(0.00103932840001,0.033484133239885,-0.013008949638173));
#8045=CARTESIAN_POINT('',(0.001037022079667,0.033483554428356,-0.013008833365097));
#8046=CARTESIAN_POINT('',(0.001034720774469,0.033482948527187,-0.013008712952032));
#8047=CARTESIAN_POINT('',(0.00103242473162,0.033482315407885,-0.013008588599073));
#8048=CARTESIAN_POINT('',(0.001027841927709,0.033480993950693,-0.013008332346713));
#8049=CARTESIAN_POINT('',(0.001025555176211,0.033480305571523,-0.013008200441984));
#8050=CARTESIAN_POINT('',(0.001023274193652,0.033479589651601,-0.013008065023003));
#8051=CARTESIAN_POINT('',(0.001020999233861,0.03347884603889,-0.013007926322235));
#8052=CARTESIAN_POINT('',(0.001018730555607,0.033478074570243,-0.013007784588937));
#8053=CARTESIAN_POINT('',(0.001014204409439,0.033476474908056,-0.01300749546927));
#8054=CARTESIAN_POINT('',(0.001011946953403,0.03347564666838,-0.013007348078725));
#8055=CARTESIAN_POINT('',(0.00100969631901,0.033474790177477,-0.013007198184134));
#8056=CARTESIAN_POINT('',(0.00100745277904,0.033473905251102,-0.01300704607098));
#8057=CARTESIAN_POINT('',(0.001005216614531,0.033472991695658,-0.013006892043615));
#8058=CARTESIAN_POINT('',(0.001000757093639,0.033471105854487,-0.01300658063083));
#8059=CARTESIAN_POINT('',(0.000998533755465002,0.033470133504184,-0.013006423242308));
#8060=CARTESIAN_POINT('',(0.000996318390665,0.033469132053401,-0.01300626458394));
#8061=CARTESIAN_POINT('',(0.000994111300752002,0.033468101291751,-0.013006105001337));
#8062=CARTESIAN_POINT('',(0.000991912798348,0.03346704100235,-0.013005944861465));
#8063=CARTESIAN_POINT('',(0.000987529719465002,0.03346485898146,-0.013005623958556));
#8064=CARTESIAN_POINT('',(0.000985345175492001,0.033463737144995,-0.013005463195461));
#8065=CARTESIAN_POINT('',(0.000983169900861003,0.033462585227506,-0.013005302653749));
#8066=CARTESIAN_POINT('',(0.000981004234798001,0.033461403001879,-0.013005142747953));
#8067=CARTESIAN_POINT('',(0.000978848530166002,0.03346019023881,-0.013004983916762));
#8068=CARTESIAN_POINT('',(0.000974551527201002,0.033457699552322,-0.013004668871072));
#8069=CARTESIAN_POINT('',(0.000972410289795,0.033456421450804,-0.013004512666081));
#8070=CARTESIAN_POINT('',(0.000970279811151002,0.033455112168258,-0.013004358475002));
#8071=CARTESIAN_POINT('',(0.000968160477006003,0.033453771474831,-0.013004206791849));
#8072=CARTESIAN_POINT('',(0.000966052688937,0.033452399144798,-0.013004058137696));
#8073=CARTESIAN_POINT('',(0.000961851179465002,0.03344958416199,-0.013003767301102));
#8074=CARTESIAN_POINT('',(0.000959757571417003,0.033448141210718,-0.013003625152836));
#8075=CARTESIAN_POINT('',(0.000957676463882,0.033446665877445,-0.013003487171979));
#8076=CARTESIAN_POINT('',(0.000955608298043999,0.033445157950152,-0.013003353944342));
#8077=CARTESIAN_POINT('',(0.000953553532607,0.033443617230107,-0.01300322608545));
#8078=CARTESIAN_POINT('',(0.000949456680680999,0.033440458210053,-0.013002981495656));
#8079=CARTESIAN_POINT('',(0.000947414800182001,0.033438839423764,-0.013002864854093));
#8080=CARTESIAN_POINT('',(0.000945387489749001,0.033437186982772,-0.013002754975916));
#8081=CARTESIAN_POINT('',(0.000943375255047001,0.033435500723199,-0.013002652552641));
#8082=CARTESIAN_POINT('',(0.000941378619949002,0.033433780507513,-0.013002558307236));
#8083=CARTESIAN_POINT('',(0.000937395291068,0.03343025215137,-0.013002386718568));
#8084=CARTESIAN_POINT('',(0.000935408963269001,0.033428443241444,-0.01300230957761));
#8085=CARTESIAN_POINT('',(0.000933439704820002,0.033426599379213,-0.013002242352277));
#8086=CARTESIAN_POINT('',(0.000931488094422003,0.033424720493766,-0.013002185854708));
#8087=CARTESIAN_POINT('',(0.000929554727795004,0.033422806558816,-0.013002140928146));
#8088=CARTESIAN_POINT('',(0.000925693428135001,0.033418875766193,-0.013002075418079));
#8089=CARTESIAN_POINT('',(0.000923766135176002,0.033416857721554,-0.013002055256461));
#8090=CARTESIAN_POINT('',(0.000921858984786,0.033414803478008,-0.01300204888274));
#8091=CARTESIAN_POINT('',(0.000919972635315999,0.033412713124322,-0.013002057244223));
#8092=CARTESIAN_POINT('',(0.000918107757495002,0.033410586818795,-0.013002081314867));
#8093=CARTESIAN_POINT('',(0.000914376540719002,0.033406209057989,-0.013002163888616));
#8094=CARTESIAN_POINT('',(0.000912511313436004,0.033403955810616,-0.013002223229232));
#8095=CARTESIAN_POINT('',(0.000910670090505002,0.033401665293685,-0.01300230119618));
#8096=CARTESIAN_POINT('',(0.000908853611449999,0.033399337855861,-0.013002398883163));
#8097=CARTESIAN_POINT('',(0.000907062617382003,0.03339697394794,-0.013002517398535));
#8098=CARTESIAN_POINT('',(0.000903468919973002,0.033392087043177,-0.013002803439255));
#8099=CARTESIAN_POINT('',(0.000901668153750999,0.03338956139067,-0.013002972584603));
#8100=CARTESIAN_POINT('',(0.000899896382757004,0.033386997785055,-0.013003166554008));
#8101=CARTESIAN_POINT('',(0.000898154417640001,0.033384396987889,-0.013003386589471));
#8102=CARTESIAN_POINT('',(0.000896443049282002,0.033381759902556,-0.01300363392234));
#8103=CARTESIAN_POINT('',(0.000892993350705001,0.033376272566603,-0.013004200352328));
#8104=CARTESIAN_POINT('',(0.000891258451779002,0.033373418451549,-0.013004522567563));
#8105=CARTESIAN_POINT('',(0.000889559257626002,0.033370526460882,-0.01300487784844));
#8106=CARTESIAN_POINT('',(0.000887896614974001,0.033367598009701,-0.01300526756544));
#8107=CARTESIAN_POINT('',(0.000886271311665004,0.033364634696419,-0.013005693030085));
#8108=CARTESIAN_POINT('',(0.0008829702978,0.033358403018727,-0.013006654830249));
#8109=CARTESIAN_POINT('',(0.000881300888794002,0.03335512915728,-0.013007197289197));
#8110=CARTESIAN_POINT('',(0.000879676769365002,0.033351818980875,-0.013007784448533));
#8111=CARTESIAN_POINT('',(0.000878098732102001,0.033348474960398,-0.013008417737849));
#8112=CARTESIAN_POINT('',(0.000876567442456001,0.033345099775182,-0.013009098439576));
#8113=CARTESIAN_POINT('',(0.000873415426532003,0.033337870839775,-0.013010647361406));
#8114=CARTESIAN_POINT('',(0.000871807144503002,0.033334009603951,-0.013011528356439));
#8115=CARTESIAN_POINT('',(0.000870259347412999,0.033330116737166,-0.01301247227667));
#8116=CARTESIAN_POINT('',(0.000868772547944003,0.033326196531654,-0.013013480415496));
#8117=CARTESIAN_POINT('',(0.000867347016700003,0.033322253440248,-0.013014553757131));
#8118=CARTESIAN_POINT('',(0.000864328684617999,0.033313489029353,-0.013017074249532));
#8119=CARTESIAN_POINT('',(0.000862764715036001,0.033308659025034,-0.013018552378421));
#8120=CARTESIAN_POINT('',(0.000861290863793003,0.033303810303089,-0.013020128526014));
#8121=CARTESIAN_POINT('',(0.000859906697059001,0.03329895092401,-0.01302180321155));
#8122=CARTESIAN_POINT('',(0.000858611356847002,0.033294088769114,-0.013023576310754));
#8123=CARTESIAN_POINT('',(0.000855587538393002,0.033281928288902,-0.013028259878408));
#8124=CARTESIAN_POINT('',(0.000853969474546003,0.033274635965846,-0.013031293523134));
#8125=CARTESIAN_POINT('',(0.000852545206674001,0.03326738031966,-0.013034545550347));
#8126=CARTESIAN_POINT('',(0.000851309045434002,0.033260184271563,-0.013038010899802));
#8127=CARTESIAN_POINT('',(0.000850254912693003,0.033253067815198,-0.013041682638786));
#8128=CARTESIAN_POINT('',(0.000847273788357004,0.03322921735369,-0.013054831401837));
#8129=CARTESIAN_POINT('',(0.000846186928627001,0.033212950751292,-0.0130652452897));
#8130=CARTESIAN_POINT('',(0.000846036894125005,0.033197456174358,-0.013076694772055));
#8131=CARTESIAN_POINT('',(0.000846779968080001,0.033182880132946,-0.013089038812298));
#8132=CARTESIAN_POINT('',(0.000848430984277001,0.033169325093616,-0.013102114584572));
#8133=CARTESIAN_POINT('',(0.000852033988777,0.033152044280227,-0.013120993491339));
#8134=CARTESIAN_POINT('',(0.000853177303934003,0.033147398227193,-0.013126326672796));
#8135=CARTESIAN_POINT('',(0.000854463589123,0.033142918335871,-0.013131729060526));
#8136=CARTESIAN_POINT('',(0.000855895303667999,0.033138608279402,-0.013137188164253));
#8137=CARTESIAN_POINT('',(0.000857474825496002,0.033134470893409,-0.013142690561992));
#8138=CARTESIAN_POINT('',(0.000860455881223,0.033127638920401,-0.013152226647356));
#8139=CARTESIAN_POINT('',(0.000861786188886004,0.033124861298266,-0.013156246536881));
#8140=CARTESIAN_POINT('',(0.000863195661266004,0.033122175824565,-0.013160276217638));
#8141=CARTESIAN_POINT('',(0.000864684820304003,0.033119582866971,-0.013164310126166));
#8142=CARTESIAN_POINT('',(0.000866253972485999,0.033117082445204,-0.013168342599619));
#8143=CARTESIAN_POINT('',(0.000869296178764002,0.033112640216989,-0.013175767684755));
#8144=CARTESIAN_POINT('',(0.000870746269053004,0.033110671974955,-0.013179162385947));
#8145=CARTESIAN_POINT('',(0.000872253517012003,0.033108769299721,-0.01318254850769));
#8146=CARTESIAN_POINT('',(0.000873817809866,0.033106931788274,-0.013185922633109));
#8147=CARTESIAN_POINT('',(0.000875438884765,0.033105158839796,-0.01318928140011));
#8148=CARTESIAN_POINT('',(0.000878621957895003,0.033101915537469,-0.013195619487382));
#8149=CARTESIAN_POINT('',(0.000880173001246001,0.033100432791455,-0.013198602450655));
#8150=CARTESIAN_POINT('',(0.000881769154894001,0.033099000836095,-0.013201568005787));
#8151=CARTESIAN_POINT('',(0.000883410019144004,0.033097618973016,-0.01320451386052));
#8152=CARTESIAN_POINT('',(0.000885095098549001,0.033096286386998,-0.013207437815744));
#8153=CARTESIAN_POINT('',(0.000888428318147002,0.033093810162651,-0.013213029387776));
#8154=CARTESIAN_POINT('',(0.000890070419415003,0.033092659831342,-0.013215700337086));
#8155=CARTESIAN_POINT('',(0.000891749632047002,0.033091550405208,-0.013218348935162));
#8156=CARTESIAN_POINT('',(0.000893465424812001,0.033090481071033,-0.013220973599319));
#8157=CARTESIAN_POINT('',(0.000895217208917002,0.033089450949219,-0.013223572842455));
#8158=CARTESIAN_POINT('',(0.000898698667304004,0.033087518742184,-0.013228584125727));
#8159=CARTESIAN_POINT('',(0.00090042476998,0.033086612789821,-0.013230998880953));
#8160=CARTESIAN_POINT('',(0.000902182095942002,0.033085740430354,-0.013233388356956));
#8161=CARTESIAN_POINT('',(0.000903970063539001,0.033084900823851,-0.013235751457256));
#8162=CARTESIAN_POINT('',(0.000905788059555001,0.033084093096795,-0.01323808717066));
#8163=CARTESIAN_POINT('',(0.000909412427005003,0.033082569184544,-0.013242614051557));
#8164=CARTESIAN_POINT('',(0.000911216604984003,0.033081850687206,-0.013244807335869));
#8165=CARTESIAN_POINT('',(0.000913047400532,0.033081160043158,-0.013246973602715));
#8166=CARTESIAN_POINT('',(0.000914904226785002,0.033080496433309,-0.013249112101642));
#8167=CARTESIAN_POINT('',(0.000916786482636003,0.033079859026387,-0.013251222153247));
#8168=CARTESIAN_POINT('',(0.000920546941213001,0.033078652159862,-0.013255325567688));
#8169=CARTESIAN_POINT('',(0.000922423768931001,0.033078081295121,-0.013257320542264));
#8170=CARTESIAN_POINT('',(0.00092432347229,0.033077533611115,-0.013259287515917));
#8171=CARTESIAN_POINT('',(0.000926245484648001,0.033077008335811,-0.013261225988204));
#8172=CARTESIAN_POINT('',(0.000928189236322,0.033076504698748,-0.013263135515219));
#8173=CARTESIAN_POINT('',(0.000932078138626002,0.033075549220598,-0.013266856734763));
#8174=CARTESIAN_POINT('',(0.000934022418089004,0.033075096520768,-0.013268669635154));
#8175=CARTESIAN_POINT('',(0.000935986456357004,0.03307466311032,-0.013270454047805));
#8176=CARTESIAN_POINT('',(0.000937969720691,0.03307424827814,-0.013272209653078));
#8177=CARTESIAN_POINT('',(0.000939971682229,0.033073851323231,-0.013273936174655));
#8178=CARTESIAN_POINT('',(0.000943980828268003,0.033073097636765,-0.013277304437885));
#8179=CARTESIAN_POINT('',(0.000945987458106003,0.033072740380882,-0.01327894707417));
#8180=CARTESIAN_POINT('',(0.000948011205230002,0.033072399128124,-0.013280561066251));
#8181=CARTESIAN_POINT('',(0.0009500515772,0.033072073234683,-0.01328214622394));
#8182=CARTESIAN_POINT('',(0.000952108089394003,0.033071762071874,-0.013283702389003));
#8183=CARTESIAN_POINT('',(0.000956228864396003,0.033071171360047,-0.01328673910731));
#8184=CARTESIAN_POINT('',(0.000958292773260004,0.033070891492299,-0.013288220317773));
#8185=CARTESIAN_POINT('',(0.000960371531518001,0.033070624830429,-0.013289672944532));
#8186=CARTESIAN_POINT('',(0.000962464688795003,0.033070370799746,-0.013291096888089));
#8187=CARTESIAN_POINT('',(0.000964571804432001,0.033070128843335,-0.013292492071467));
#8188=CARTESIAN_POINT('',(0.000968795258793002,0.033069669938308,-0.013295213319647));
#8189=CARTESIAN_POINT('',(0.000970911371071002,0.033069452796872,-0.013296539865562));
#8190=CARTESIAN_POINT('',(0.000973040364599002,0.033069246472371,-0.013297838024738));
#8191=CARTESIAN_POINT('',(0.000975181829849001,0.033069050458315,-0.013299107758833));
#8192=CARTESIAN_POINT('',(0.000977335367471001,0.033068864267107,-0.013300349044387));
#8193=CARTESIAN_POINT('',(0.000981652270309,0.033068511698703,-0.013302767117596));
#8194=CARTESIAN_POINT('',(0.000983815489691002,0.033068345205033,-0.013303944258799));
#8195=CARTESIAN_POINT('',(0.000985989864871001,0.033068187489235,-0.013305093287824));
#8196=CARTESIAN_POINT('',(0.000988175023903002,0.033068038110565,-0.013306214204873));
#8197=CARTESIAN_POINT('',(0.000990370604478003,0.033067896647331,-0.013307307018954));
#8198=CARTESIAN_POINT('',(0.000994771484459003,0.033067629379188,-0.01330943144731));
#8199=CARTESIAN_POINT('',(0.000996976688557003,0.033067503503476,-0.013310463325289));
#8200=CARTESIAN_POINT('',(0.000999191518765,0.03306738467289,-0.013311467399187));
#8201=CARTESIAN_POINT('',(0.001001415635924,0.033067272509225,-0.013312443690438));
#8202=CARTESIAN_POINT('',(0.001003648709154,0.033067166652932,-0.013313392224545));
#8203=CARTESIAN_POINT('',(0.001008123889198,0.033066967240184,-0.013315230455652));
#8204=CARTESIAN_POINT('',(0.001010365932086,0.033066873639915,-0.013316120355153));
#8205=CARTESIAN_POINT('',(0.001012616225699,0.033066785625212,-0.013316982758626));
#8206=CARTESIAN_POINT('',(0.001014874457403,0.033066702876967,-0.013317817695597));
#8207=CARTESIAN_POINT('',(0.001017140320748,0.033066625094064,-0.013318625196066));
#8208=CARTESIAN_POINT('',(0.001021679950096,0.033066479110084,-0.013320183065076));
#8209=CARTESIAN_POINT('',(0.001023953671691,0.033066410881105,-0.013320933595767));
#8210=CARTESIAN_POINT('',(0.001026234382904,0.033066347025847,-0.013321656912581));
#8211=CARTESIAN_POINT('',(0.00102852178965,0.033066287280962,-0.013322353043452));
#8212=CARTESIAN_POINT('',(0.001030815601105,0.033066231400352,-0.013323022014244));
#8213=CARTESIAN_POINT('',(0.001035409686457,0.033066127041097,-0.013324304072515));
#8214=CARTESIAN_POINT('',(0.001037709928542,0.033066078544131,-0.013324917295624));
#8215=CARTESIAN_POINT('',(0.001040015970803,0.033066033437123,-0.013325503541453));
#8216=CARTESIAN_POINT('',(0.001042327527472,0.033065991509477,-0.013326062829851));
#8217=CARTESIAN_POINT('',(0.001044644312172,0.033065952567146,-0.013326595177134));
#8218=CARTESIAN_POINT('',(0.00104928274721,0.033065880376195,-0.013327604923012));
#8219=CARTESIAN_POINT('',(0.001051604374858,0.033065847115376,-0.013328082437714));
#8220=CARTESIAN_POINT('',(0.001053930635811,0.0330658164738,-0.013328533152594));
#8221=CARTESIAN_POINT('',(0.00105626123978,0.033065788291064,-0.013328957076354));
#8222=CARTESIAN_POINT('',(0.001058595891239,0.033065762422738,-0.013329354214004));
#8223=CARTESIAN_POINT('',(0.001063268478155,0.033065715100622,-0.013330094253021));
#8224=CARTESIAN_POINT('',(0.001065606398993,0.03306569363891,-0.013330437250944));
#8225=CARTESIAN_POINT('',(0.001067947752277,0.033065674227435,-0.013330753561582));
#8226=CARTESIAN_POINT('',(0.001070292229126,0.033065656753947,-0.013331043183573));
#8227=CARTESIAN_POINT('',(0.001072639511437,0.033065641121744,-0.013331306113236));
#8228=CARTESIAN_POINT('',(0.001077335958734,0.033065613395732,-0.013331778266906));
#8229=CARTESIAN_POINT('',(0.001079685117298,0.033065601297283,-0.013331987561206));
#8230=CARTESIAN_POINT('',(0.001082036420031,0.033065590873452,-0.01333217022135));
#8231=CARTESIAN_POINT('',(0.001084389530212,0.033065582058641,-0.01333232624145));
#8232=CARTESIAN_POINT('',(0.00108674410195,0.033065574802517,-0.013332455615848));
#8233=CARTESIAN_POINT('',(0.00109091538397,0.033065564651774,-0.01333263751155));
#8234=CARTESIAN_POINT('',(0.001092731645754,0.033065561138597,-0.013332700852651));
#8235=CARTESIAN_POINT('',(0.001094548402841,0.033065558514429,-0.013332748359942));
#8236=CARTESIAN_POINT('',(0.001096365491275,0.033065556768561,-0.013332780031866));
#8237=CARTESIAN_POINT('',(0.001098182745827,0.03306555589563,-0.01333279586779));
#8238=CARTESIAN_POINT('',(0.0011,0.033065555895618,-0.013332795868008));
#8239=CARTESIAN_POINT('',(0.0011,0.03349145200908,-0.013010506098391));
#8240=CARTESIAN_POINT('',(0.0011,0.033065555895618,-0.013332795868008));
#8241=CARTESIAN_POINT('',(0.004,0.03349145200908,-0.013010506098391));
#8242=CARTESIAN_POINT('',(0.004,0.033065555895618,-0.013332795868008));
#8243=CARTESIAN_POINT('',(0.0038,0.031077795786903,-0.008977759353256));
#8244=CARTESIAN_POINT('',(0.0038,0.0319,-0.01135));
#8245=CARTESIAN_POINT('',(0.0038,0.0339266854072731,-0.0124374494286846));
#8246=CARTESIAN_POINT('',(0.0038,0.0336212271492249,-0.0128755743511121));
#8247=CARTESIAN_POINT('',(0.0038,0.033959545248287,-0.012785903487132));
#8248=CARTESIAN_POINT('',(0.0038,0.033959545248287,-0.012785903487132));
#8249=CARTESIAN_POINT('',(0.0011,0.033926685407273,-0.012437449428685));
#8250=CARTESIAN_POINT('',(0.001097672212817,0.033926685406995,-0.012437449428711));
#8251=CARTESIAN_POINT('',(0.001095344424357,0.033926659498809,-0.012437451871897));
#8252=CARTESIAN_POINT('',(0.001093016994332,0.033926607682543,-0.012437456758265));
#8253=CARTESIAN_POINT('',(0.001090690278109,0.033926529961305,-0.012437464102097));
#8254=CARTESIAN_POINT('',(0.001088364626716,0.033926426341482,-0.012437473931932));
#8255=CARTESIAN_POINT('',(0.001083685408448,0.033926165611221,-0.012437498812644));
#8256=CARTESIAN_POINT('',(0.001081331877628,0.033926007810887,-0.012437513930902));
#8257=CARTESIAN_POINT('',(0.001078980153396,0.033925823441764,-0.012437531689858));
#8258=CARTESIAN_POINT('',(0.001076630584898,0.0339256125148,-0.012437552149258));
#8259=CARTESIAN_POINT('',(0.001074283511405,0.033925375041861,-0.012437575384084));
#8260=CARTESIAN_POINT('',(0.001069591298292,0.033924846611234,-0.012437627626369));
#8261=CARTESIAN_POINT('',(0.001067246167907,0.033924555568931,-0.01243765664297));
#8262=CARTESIAN_POINT('',(0.001064904200809,0.033924237921446,-0.01243768862498));
#8263=CARTESIAN_POINT('',(0.001062565717864,0.033923893679931,-0.012437723678626));
#8264=CARTESIAN_POINT('',(0.001060231031153,0.033923522854076,-0.012437761925735));
#8265=CARTESIAN_POINT('',(0.001055564919892,0.033922727208315,-0.012437845169796));
#8266=CARTESIAN_POINT('',(0.001053233513969,0.033922302275565,-0.012437890180931));
#8267=CARTESIAN_POINT('',(0.001050906531095,0.033921850661776,-0.012437938675422));
#8268=CARTESIAN_POINT('',(0.001048584271649,0.033921372372384,-0.012437990807597));
#8269=CARTESIAN_POINT('',(0.001046267031497,0.033920867410344,-0.012438046747828));
#8270=CARTESIAN_POINT('',(0.001041637291736,0.033919802789623,-0.01243816676968));
#8271=CARTESIAN_POINT('',(0.001039324820494,0.033919242995277,-0.012438230871705));
#8272=CARTESIAN_POINT('',(0.001037017982001,0.03391865639328,-0.012438299176432));
#8273=CARTESIAN_POINT('',(0.001034717069919,0.033918042981826,-0.012438371888241));
#8274=CARTESIAN_POINT('',(0.001032422377832,0.033917402757123,-0.012438449228066));
#8275=CARTESIAN_POINT('',(0.001027839189299,0.033916066678192,-0.012438613884137));
#8276=CARTESIAN_POINT('',(0.001025550732863,0.033915370664037,-0.012438701229536));
#8277=CARTESIAN_POINT('',(0.001023269126353,0.03391464766487,-0.012438793709207));
#8278=CARTESIAN_POINT('',(0.001020994669654,0.03391389767437,-0.012438891579874));
#8279=CARTESIAN_POINT('',(0.001018727666124,0.033913120685948,-0.012438995115361));
#8280=CARTESIAN_POINT('',(0.001014201114164,0.033911509829502,-0.012439214488685));
#8281=CARTESIAN_POINT('',(0.00101194162201,0.033910675768978,-0.012439330369158));
#8282=CARTESIAN_POINT('',(0.001009690256522,0.033909814504061,-0.012439452542098));
#8283=CARTESIAN_POINT('',(0.001007447334144,0.033908926030124,-0.012439581319204));
#8284=CARTESIAN_POINT('',(0.001005213177378,0.033908010345023,-0.012439717029794));
#8285=CARTESIAN_POINT('',(0.001000753228806,0.03390612039041,-0.01244000364309));
#8286=CARTESIAN_POINT('',(0.000998527518003001,0.033905145880927,-0.012440154610215));
#8287=CARTESIAN_POINT('',(0.000996311315557,0.03390414392083,-0.012440313273791));
#8288=CARTESIAN_POINT('',(0.000994104962452003,0.033903114516536,-0.012440480003396));
#8289=CARTESIAN_POINT('',(0.000991908807467003,0.033902057680703,-0.012440655186572));
#8290=CARTESIAN_POINT('',(0.00098752528058,0.033899883068814,-0.012441024309031));
#8291=CARTESIAN_POINT('',(0.000985338028366999,0.033898764983689,-0.012441218348422));
#8292=CARTESIAN_POINT('',(0.000983161813478,0.033897619195906,-0.012441421759523));
#8293=CARTESIAN_POINT('',(0.000980997007606003,0.033896445735598,-0.012441634972799));
#8294=CARTESIAN_POINT('',(0.000978843991199001,0.033895244643971,-0.012441858436657));
#8295=CARTESIAN_POINT('',(0.000974546524706001,0.033892778239856,-0.012442328525556));
#8296=CARTESIAN_POINT('',(0.000972402255004001,0.033891512520207,-0.012442575309025));
#8297=CARTESIAN_POINT('',(0.000970270742599002,0.033890218867678,-0.01244283344478));
#8298=CARTESIAN_POINT('',(0.000968152394587002,0.033888897352731,-0.012443103427014));
#8299=CARTESIAN_POINT('',(0.000966047626907,0.03388754806297,-0.012443385767176));
#8300=CARTESIAN_POINT('',(0.000961845647793003,0.033884780672475,-0.012443979108982));
#8301=CARTESIAN_POINT('',(0.000959748711491001,0.033883362029062,-0.012444290363508));
#8302=CARTESIAN_POINT('',(0.000957666493311003,0.033881915280702,-0.012444615302215));
#8303=CARTESIAN_POINT('',(0.000955599438961001,0.033880440559811,-0.012444954485274));
#8304=CARTESIAN_POINT('',(0.000953548001989005,0.033878938023421,-0.012445308488362));
#8305=CARTESIAN_POINT('',(0.000949450690303999,0.033875857688767,-0.012446052143972));
#8306=CARTESIAN_POINT('',(0.000947405237915002,0.033874279165111,-0.012446442201041));
#8307=CARTESIAN_POINT('',(0.000945376766983003,0.033872672471172,-0.01244684868893));
#8308=CARTESIAN_POINT('',(0.000943365763203002,0.033871037829554,-0.012447272234811));
#8309=CARTESIAN_POINT('',(0.000941372717601002,0.033869375496499,-0.01244771347798));
#8310=CARTESIAN_POINT('',(0.000937388964296001,0.033865966443386,-0.012448640708256));
#8311=CARTESIAN_POINT('',(0.000935398907350001,0.033864218756926,-0.012449127342196));
#8312=CARTESIAN_POINT('',(0.000933428479426002,0.03386244300827,-0.012449633658385));
#8313=CARTESIAN_POINT('',(0.000931478204960999,0.033860639547432,-0.012450160349828));
#8314=CARTESIAN_POINT('',(0.000929548609096002,0.03385880876868,-0.012450708115814));
#8315=CARTESIAN_POINT('',(0.000925686959498,0.033855049778383,-0.012451860598197));
#8316=CARTESIAN_POINT('',(0.000923755912801,0.033853120289348,-0.012452466348858));
#8317=CARTESIAN_POINT('',(0.000921847642448001,0.033851163114486,-0.01245309567097));
#8318=CARTESIAN_POINT('',(0.000919962706389998,0.033849178781112,-0.012453749318476));
#8319=CARTESIAN_POINT('',(0.000918101655668999,0.033847167872802,-0.012454428042193));
#8320=CARTESIAN_POINT('',(0.000914370222896001,0.033843029652007,-0.012455859459841));
#8321=CARTESIAN_POINT('',(0.000912501410909004,0.033840900670625,-0.012456613813474));
#8322=CARTESIAN_POINT('',(0.000910659197144999,0.033838744789504,-0.012457396472243));
#8323=CARTESIAN_POINT('',(0.000908844161553003,0.033836562781874,-0.012458208239948));
#8324=CARTESIAN_POINT('',(0.000907056865346003,0.03383435548994,-0.012459049902653));
#8325=CARTESIAN_POINT('',(0.000903463176787002,0.033829796169993,-0.012460832075777));
#8326=CARTESIAN_POINT('',(0.000901659266464003,0.033827441999245,-0.012461775277418));
#8327=CARTESIAN_POINT('',(0.000899886736630003,0.033825062349371,-0.012462752705616));
#8328=CARTESIAN_POINT('',(0.000898146167401002,0.033822658337803,-0.012463765192446));
#8329=CARTESIAN_POINT('',(0.000896438102406003,0.033820231162668,-0.012464813530051));
#8330=CARTESIAN_POINT('',(0.000892988781531,0.033815187984775,-0.012467047672407));
#8331=CARTESIAN_POINT('',(0.000891251548190999,0.033812569308912,-0.012468237937752));
#8332=CARTESIAN_POINT('',(0.000889551951796002,0.033809927599497,-0.012469470160038));
#8333=CARTESIAN_POINT('',(0.000887890532848001,0.033807264468341,-0.012470745159165));
#8334=CARTESIAN_POINT('',(0.000886267769318001,0.033804581614757,-0.012472063681582));
#8335=CARTESIAN_POINT('',(0.000882967749704002,0.033798953845246,-0.012474903246684));
#8336=CARTESIAN_POINT('',(0.000881297308679002,0.033796005789962,-0.012476431998915));
#8337=CARTESIAN_POINT('',(0.000879673280318002,0.03379303894058,-0.012478013511241));
#8338=CARTESIAN_POINT('',(0.000878096091370004,0.033790055657974,-0.012479648513037));
#8339=CARTESIAN_POINT('',(0.000876566068589001,0.033787058383023,-0.012481337608792));
#8340=CARTESIAN_POINT('',(0.000873416164354001,0.033780666185381,-0.012485042101401));
#8341=CARTESIAN_POINT('',(0.000871808823205002,0.033777268207974,-0.012487071937842));
#8342=CARTESIAN_POINT('',(0.000870261728399002,0.033773859296262,-0.012489171463484));
#8343=CARTESIAN_POINT('',(0.000868775041652,0.03377044307441,-0.012491341145636));
#8344=CARTESIAN_POINT('',(0.000867348773278001,0.033767023198876,-0.01249358124286));
#8345=CARTESIAN_POINT('',(0.000864335040412001,0.03375947813818,-0.012498678945962));
#8346=CARTESIAN_POINT('',(0.000862775027064,0.033755352931751,-0.012501568630419));
#8347=CARTESIAN_POINT('',(0.000861302457353001,0.033751234207563,-0.012504560934438));
#8348=CARTESIAN_POINT('',(0.00085991684641,0.033747128281378,-0.012507655558131));
#8349=CARTESIAN_POINT('',(0.000858617509296,0.033743041316282,-0.01251085182562));
#8350=CARTESIAN_POINT('',(0.000855608448316,0.033732972694331,-0.01251902387963));
#8351=CARTESIAN_POINT('',(0.000854000102453002,0.033727020647894,-0.012524119039515));
#8352=CARTESIAN_POINT('',(0.000852575797434002,0.033721142348892,-0.012529430955712));
#8353=CARTESIAN_POINT('',(0.000851332352580003,0.033715355726298,-0.012534954937161));
#8354=CARTESIAN_POINT('',(0.0008502668712,0.033709677339317,-0.012540685119272));
#8355=CARTESIAN_POINT('',(0.000847352944059004,0.033691477103843,-0.012560112524476));
#8356=CARTESIAN_POINT('',(0.000846241610849001,0.033679476599301,-0.012574637681894));
#8357=CARTESIAN_POINT('',(0.000846018256911,0.033668282942439,-0.012590124746717));
#8358=CARTESIAN_POINT('',(0.000846691676537004,0.03365805139883,-0.012606462940779));
#8359=CARTESIAN_POINT('',(0.000848332893222004,0.033648921697974,-0.012623482766571));
#8360=CARTESIAN_POINT('',(0.000852023852171001,0.033638061782046,-0.012647346402532));
#8361=CARTESIAN_POINT('',(0.000853158880988001,0.033635303621378,-0.012653818453159));
#8362=CARTESIAN_POINT('',(0.000854440677423001,0.033632711796115,-0.01266033288621));
#8363=CARTESIAN_POINT('',(0.000855873357711003,0.033630290047062,-0.012666873778619));
#8364=CARTESIAN_POINT('',(0.000857460412134001,0.033628040604658,-0.012673423497712));
#8365=CARTESIAN_POINT('',(0.000860451689627,0.033624477649309,-0.012684642386753));
#8366=CARTESIAN_POINT('',(0.000861779533423999,0.033623079880478,-0.012689316705943));
#8367=CARTESIAN_POINT('',(0.000863188372631003,0.033621770616251,-0.012693978739278));
#8368=CARTESIAN_POINT('',(0.000864678643813004,0.033620549409821,-0.012698621367663));
#8369=CARTESIAN_POINT('',(0.000866250379601002,0.033619415235016,-0.012703237457947));
#8370=CARTESIAN_POINT('',(0.000869296115533002,0.033617482662772,-0.012711681643425));
#8371=CARTESIAN_POINT('',(0.000870746613934,0.033616659511841,-0.012715519561896));
#8372=CARTESIAN_POINT('',(0.000872254456329002,0.033615896053203,-0.012719329363224));
#8373=CARTESIAN_POINT('',(0.000873819178935,0.033615191037703,-0.012723107010759));
#8374=CARTESIAN_POINT('',(0.000875440101766999,0.033614542947332,-0.012726848686308));
#8375=CARTESIAN_POINT('',(0.000878624709882002,0.033613416417198,-0.012733882191226));
#8376=CARTESIAN_POINT('',(0.000880177884026001,0.033612927499613,-0.012737181574057));
#8377=CARTESIAN_POINT('',(0.000881775195215002,0.033612481936691,-0.012740446340237));
#8378=CARTESIAN_POINT('',(0.000883415881546001,0.033612078305628,-0.012743674119886));
#8379=CARTESIAN_POINT('',(0.000885099075062002,0.0336117150666,-0.012746862771647));
#8380=CARTESIAN_POINT('',(0.000888432892016004,0.033611087815684,-0.012752946958256));
#8381=CARTESIAN_POINT('',(0.000890078142198002,0.033610818794371,-0.012755847818231));
#8382=CARTESIAN_POINT('',(0.000891758764825005,0.033610582155236,-0.012758711424473));
#8383=CARTESIAN_POINT('',(0.000893473928771003,0.03361037651761,-0.012761536424889));
#8384=CARTESIAN_POINT('',(0.000895222759254001,0.033610200463743,-0.012764321653432));
#8385=CARTESIAN_POINT('',(0.000898704300551001,0.033609911390457,-0.012769684879589));
#8386=CARTESIAN_POINT('',(0.000900434086092999,0.033609795860091,-0.012772266523526));
#8387=CARTESIAN_POINT('',(0.000902192900796003,0.033609704686838,-0.012774810217916));
#8388=CARTESIAN_POINT('',(0.000903979941384001,0.033609636614194,-0.012777315255556));
#8389=CARTESIAN_POINT('',(0.000905794394966002,0.033609590390028,-0.012779781066032));
#8390=CARTESIAN_POINT('',(0.000909418550015004,0.033609539949433,-0.012784557020498));
#8391=CARTESIAN_POINT('',(0.000911226608124999,0.033609534461149,-0.012786869616576));
#8392=CARTESIAN_POINT('',(0.000913058869477002,0.033609547170711,-0.012789144612796));
#8393=CARTESIAN_POINT('',(0.000914914598076001,0.033609576971494,-0.012791381712298));
#8394=CARTESIAN_POINT('',(0.000916793065832002,0.033609622781264,-0.012793580712529));
#8395=CARTESIAN_POINT('',(0.000920553145542,0.033609742995674,-0.012797855803089));
#8396=CARTESIAN_POINT('',(0.000922433821988002,0.033609816765927,-0.012799933515029));
#8397=CARTESIAN_POINT('',(0.000924334909499003,0.033609903863768,-0.012801974540161));
#8398=CARTESIAN_POINT('',(0.000926255751675001,0.033610003332591,-0.012803978838992));
#8399=CARTESIAN_POINT('',(0.000928195708111,0.03361011424835,-0.012805946433429));
#8400=CARTESIAN_POINT('',(0.000932084145183001,0.033610355425851,-0.012809780323813));
#8401=CARTESIAN_POINT('',(0.000934032093091001,0.033610485383848,-0.012811647671941));
#8402=CARTESIAN_POINT('',(0.000935997401968001,0.033610624741521,-0.012813479530464));
#8403=CARTESIAN_POINT('',(0.000937979494521003,0.033610772681216,-0.012815276015963));
#8404=CARTESIAN_POINT('',(0.000939977812319002,0.033610928419667,-0.0128170372823));
#8405=CARTESIAN_POINT('',(0.000943986457323999,0.033611252431323,-0.012820473163481));
#8406=CARTESIAN_POINT('',(0.000945996484346002,0.03361142056961,-0.012822148445237));
#8407=CARTESIAN_POINT('',(0.000948021373537004,0.033611594896002,-0.012823789550865));
#8408=CARTESIAN_POINT('',(0.000950060620504001,0.033611774716639,-0.012825396685511));
#8409=CARTESIAN_POINT('',(0.000952113739777001,0.033611959370657,-0.012826970074491));
#8410=CARTESIAN_POINT('',(0.000956234009514001,0.033612335921712,-0.012830040328723));
#8411=CARTESIAN_POINT('',(0.000958300994245001,0.03361252776647,-0.012831537604571));
#8412=CARTESIAN_POINT('',(0.000960380761532001,0.033612723148472,-0.012833002031112));
#8413=CARTESIAN_POINT('',(0.000962472871454002,0.033612921481884,-0.012834433856915));
#8414=CARTESIAN_POINT('',(0.000964576901641,0.033613122211025,-0.012835833338848));
#8415=CARTESIAN_POINT('',(0.000968799865525002,0.03361352663137,-0.012838562892096));
#8416=CARTESIAN_POINT('',(0.000970918710282001,0.033613730307637,-0.012839893207631));
#8417=CARTESIAN_POINT('',(0.000973048581626001,0.033613935319782,-0.012841191950239));
#8418=CARTESIAN_POINT('',(0.000975189095111004,0.033614141175252,-0.012842459381669));
#8419=CARTESIAN_POINT('',(0.000977339881764003,0.033614347408323,-0.012843695763868));
#8420=CARTESIAN_POINT('',(0.000981656319539004,0.033614759277185,-0.012846104178296));
#8421=CARTESIAN_POINT('',(0.000983821924300004,0.033614964912625,-0.012847276350881));
#8422=CARTESIAN_POINT('',(0.000985997051450999,0.033615170050554,-0.012848418136644));
#8423=CARTESIAN_POINT('',(0.000988181363113003,0.033615374278646,-0.012849529790241));
#8424=CARTESIAN_POINT('',(0.000990374534457002,0.03361557720812,-0.012850611561078));
#8425=CARTESIAN_POINT('',(0.000994774979784004,0.033615979465744,-0.012852714395205));
#8426=CARTESIAN_POINT('',(0.000996982229741001,0.033616178797817,-0.012853735538161));
#8427=CARTESIAN_POINT('',(0.000999197693150003,0.033616376106146,-0.012854727365025));
#8428=CARTESIAN_POINT('',(0.001001421069975,0.033616571047475,-0.012855690109794));
#8429=CARTESIAN_POINT('',(0.001003652070562,0.0336167632991,-0.012856623997615));
#8430=CARTESIAN_POINT('',(0.001008126847578,0.033617141656881,-0.012858433718225));
#8431=CARTESIAN_POINT('',(0.00101037061057,0.033617327767626,-0.012859309599363));
#8432=CARTESIAN_POINT('',(0.001012621426159,0.033617510589639,-0.01286015710371));
#8433=CARTESIAN_POINT('',(0.001014879023309,0.033617689839441,-0.012860976435631));
#8434=CARTESIAN_POINT('',(0.001017143138404,0.033617865251547,-0.012861767788342));
#8435=CARTESIAN_POINT('',(0.001021682395024,0.033618207792405,-0.012863294395997));
#8436=CARTESIAN_POINT('',(0.001023957527264,0.033618374926114,-0.012864029687204));
#8437=CARTESIAN_POINT('',(0.001026238656421,0.03361853773247,-0.012864737399057));
#8438=CARTESIAN_POINT('',(0.001028525530918,0.033618695980279,-0.01286541770062));
#8439=CARTESIAN_POINT('',(0.001030817903152,0.033618849454277,-0.012866070748498));
#8440=CARTESIAN_POINT('',(0.001035411643032,0.033619146358192,-0.012867322213043));
#8441=CARTESIAN_POINT('',(0.00103771300253,0.03361928979434,-0.012867920665197));
#8442=CARTESIAN_POINT('',(0.001040019364997,0.033619428064486,-0.012868492186969));
#8443=CARTESIAN_POINT('',(0.001042330487271,0.033619560983976,-0.012869036909152));
#8444=CARTESIAN_POINT('',(0.001044646126011,0.033619688382578,-0.01286955494966));
#8445=CARTESIAN_POINT('',(0.00104928423862,0.033619931736624,-0.012870537514987));
#8446=CARTESIAN_POINT('',(0.001051606704793,0.033620047700251,-0.012871002079007));
#8447=CARTESIAN_POINT('',(0.001053933193272,0.033620157839743,-0.012871440210156));
#8448=CARTESIAN_POINT('',(0.001056263456186,0.033620262013045,-0.012871852000728));
#8449=CARTESIAN_POINT('',(0.001058597240736,0.03362036009166,-0.012872237530747));
#8450=CARTESIAN_POINT('',(0.001063269523259,0.033620543758321,-0.012872955926216));
#8451=CARTESIAN_POINT('',(0.001065608015012,0.033620629355967,-0.012873288832622));
#8452=CARTESIAN_POINT('',(0.001067949506811,0.033620708638765,-0.012873595654507));
#8453=CARTESIAN_POINT('',(0.001070293732054,0.033620781505297,-0.012873876448765));
#8454=CARTESIAN_POINT('',(0.001072640415177,0.033620847867546,-0.012874131261864));
#8455=CARTESIAN_POINT('',(0.001077336570641,0.033620967394624,-0.012874588846066));
#8456=CARTESIAN_POINT('',(0.001079686040139,0.033621020568258,-0.012874791652094));
#8457=CARTESIAN_POINT('',(0.001082037394723,0.033621067097263,-0.012874968583808));
#8458=CARTESIAN_POINT('',(0.001084390339979,0.033621106920914,-0.012875119669405));
#8459=CARTESIAN_POINT('',(0.001086744572513,0.033621139992306,-0.012875244929393));
#8460=CARTESIAN_POINT('',(0.001090915513614,0.033621186543434,-0.012875421044845));
#8461=CARTESIAN_POINT('',(0.001092731827399,0.033621202775683,-0.012875482371444));
#8462=CARTESIAN_POINT('',(0.001094548578054,0.033621214959933,-0.012875528362284));
#8463=CARTESIAN_POINT('',(0.001096365621079,0.033621223086097,-0.012875559021386));
#8464=CARTESIAN_POINT('',(0.001098182810726,0.033621227149169,-0.012875574350901));
#8465=CARTESIAN_POINT('',(0.0011,0.033621227149225,-0.012875574351112));
#8466=CARTESIAN_POINT('',(0.0011,0.033926685407273,-0.012437449428685));
#8467=CARTESIAN_POINT('',(0.0011,0.033621227149225,-0.012875574351112));
#8468=CARTESIAN_POINT('',(0.004,0.033926685407273,-0.012437449428685));
#8469=CARTESIAN_POINT('',(0.004,0.033621227149225,-0.012875574351112));
#8470=CARTESIAN_POINT('',(0.0038,0.031077795786903,-0.008977759353256));
#8471=CARTESIAN_POINT('',(0.0038,0.0319,-0.01135));
#8472=CARTESIAN_POINT('',(0.0038,0.0341635327170541,-0.0117579456321928));
#8473=CARTESIAN_POINT('',(0.0038,0.0340084126969708,-0.012269018987428));
#8474=CARTESIAN_POINT('',(0.0038,0.034302462508794,-0.012079190885803));
#8475=CARTESIAN_POINT('',(0.0038,0.034302462508794,-0.012079190885803));
#8476=CARTESIAN_POINT('',(0.0011,0.034163532717054,-0.011757945632193));
#8477=CARTESIAN_POINT('',(0.001098004442941,0.034163532716834,-0.011757945632288));
#8478=CARTESIAN_POINT('',(0.001096008884741,0.034163515650635,-0.011757953012942));
#8479=CARTESIAN_POINT('',(0.00109401359373,0.034163481518396,-0.011757967774204));
#8480=CARTESIAN_POINT('',(0.001092018835916,0.034163430326451,-0.011757989920116));
#8481=CARTESIAN_POINT('',(0.00109002487498,0.034163362087531,-0.011758019458713));
#8482=CARTESIAN_POINT('',(0.001088031972281,0.034163276820761,-0.011758056402021));
#8483=CARTESIAN_POINT('',(0.00108402056245,0.034163070832473,-0.01175814575914));
#8484=CARTESIAN_POINT('',(0.001082002091409,0.034162949624909,-0.011758198385037));
#8485=CARTESIAN_POINT('',(0.001079985242942,0.034162810955626,-0.011758258660483));
#8486=CARTESIAN_POINT('',(0.001077970280643,0.034162654856829,-0.011758326606812));
#8487=CARTESIAN_POINT('',(0.00107595746248,0.034162481366267,-0.011758402249961));
#8488=CARTESIAN_POINT('',(0.001073947040801,0.034162290527239,-0.011758485620468));
#8489=CARTESIAN_POINT('',(0.001069924519877,0.034161873528008,-0.01175866820257));
#8490=CARTESIAN_POINT('',(0.001067912438838,0.034161647247158,-0.011758767468215));
#8491=CARTESIAN_POINT('',(0.001065903267665,0.034161403595295,-0.011758874585971));
#8492=CARTESIAN_POINT('',(0.001063897248908,0.034161142625989,-0.011758989596397));
#8493=CARTESIAN_POINT('',(0.001061894619205,0.034160864397113,-0.011759112545048));
#8494=CARTESIAN_POINT('',(0.001059895609289,0.034160568970853,-0.011759243482472));
#8495=CARTESIAN_POINT('',(0.001055895487222,0.034159942322647,-0.011759522128025));
#8496=CARTESIAN_POINT('',(0.00105389441349,0.034159610931887,-0.011759669915325));
#8497=CARTESIAN_POINT('',(0.001051897450693,0.034159262308724,-0.011759825882562));
#8498=CARTESIAN_POINT('',(0.001049904822021,0.03415889652399,-0.011759990091378));
#8499=CARTESIAN_POINT('',(0.001047916745955,0.034158513652044,-0.011760162608611));
#8500=CARTESIAN_POINT('',(0.001045933436265,0.034158113770772,-0.011760343506299));
#8501=CARTESIAN_POINT('',(0.001041964525527,0.034157277573132,-0.011760723388806));
#8502=CARTESIAN_POINT('',(0.001039978986926,0.034156841046534,-0.011760922478562));
#8503=CARTESIAN_POINT('',(0.001037998699229,0.0341563874646,-0.011761130209676));
#8504=CARTESIAN_POINT('',(0.001036023872068,0.034155916913393,-0.011761346666078));
#8505=CARTESIAN_POINT('',(0.001034054711684,0.034155429482239,-0.0117615719369));
#8506=CARTESIAN_POINT('',(0.001032091420929,0.034154925263724,-0.01176180611647));
#8507=CARTESIAN_POINT('',(0.001028162457353,0.034153879579137,-0.011762294296323));
#8508=CARTESIAN_POINT('',(0.001026196875425,0.034153337864528,-0.011762548430647));
#8509=CARTESIAN_POINT('',(0.001024237657546,0.034152779307782,-0.011762811809082));
#8510=CARTESIAN_POINT('',(0.001022285005348,0.034152204010183,-0.011763084538483));
#8511=CARTESIAN_POINT('',(0.001020339118026,0.034151612076378,-0.011763366730764));
#8512=CARTESIAN_POINT('',(0.001018400192338,0.034151003614384,-0.011763658502894));
#8513=CARTESIAN_POINT('',(0.001014519831601,0.034149748415518,-0.011764264076061));
#8514=CARTESIAN_POINT('',(0.001012578522034,0.034149101391607,-0.01176457804664));
#8515=CARTESIAN_POINT('',(0.001010644693476,0.034148437778118,-0.011764902013913));
#8516=CARTESIAN_POINT('',(0.001008718543614,0.034147757693043,-0.01176523610797));
#8517=CARTESIAN_POINT('',(0.001006800268248,0.034147061258094,-0.011765580463718));
#8518=CARTESIAN_POINT('',(0.001004890061297,0.034146348598706,-0.01176593522088));
#8519=CARTESIAN_POINT('',(0.001001066858472,0.034144883690561,-0.011766669535915));
#8520=CARTESIAN_POINT('',(0.000999154031343999,0.034144131113474,-0.011767049308829));
#8521=CARTESIAN_POINT('',(0.000997249831456,0.034143362245877,-0.011767439991753));
#8522=CARTESIAN_POINT('',(0.000995354455196999,0.034142577225132,-0.01176784173819));
#8523=CARTESIAN_POINT('',(0.000993468097296002,0.034141776192857,-0.011768254706131));
#8524=CARTESIAN_POINT('',(0.000991590950824999,0.034140959294932,-0.011768679058059));
#8525=CARTESIAN_POINT('',(0.000987833334985002,0.034139284203446,-0.011769556028312));
#8526=CARTESIAN_POINT('',(0.000985953089791002,0.034138425635466,-0.011770008921745));
#8527=CARTESIAN_POINT('',(0.000984082670001003,0.034137551133077,-0.011770473814251));
#8528=CARTESIAN_POINT('',(0.000982222272312001,0.034136660856755,-0.011770950882899));
#8529=CARTESIAN_POINT('',(0.000980372091731001,0.034135754971929,-0.011771440308827));
#8530=CARTESIAN_POINT('',(0.000978532321575003,0.034134833648978,-0.011771942277237));
#8531=CARTESIAN_POINT('',(0.000974848569598001,0.034132947463901,-0.011772978829177));
#8532=CARTESIAN_POINT('',(0.000973004884414,0.034131982174879,-0.011773513768714));
#8533=CARTESIAN_POINT('',(0.000971172297730003,0.034131001378913,-0.011774061993309));
#8534=CARTESIAN_POINT('',(0.000969351007419003,0.034130005264553,-0.011774623703782));
#8535=CARTESIAN_POINT('',(0.000967541209415002,0.034128994026154,-0.011775199104471));
#8536=CARTESIAN_POINT('',(0.000965743097711004,0.034127967863878,-0.011775788403235));
#8537=CARTESIAN_POINT('',(0.000962141307413001,0.034125869015955,-0.011777005125489));
#8538=CARTESIAN_POINT('',(0.000960338021917004,0.034124795843323,-0.01177763301572));
#8539=CARTESIAN_POINT('',(0.000958547209632,0.034123707682088,-0.011778275704142));
#8540=CARTESIAN_POINT('',(0.000956769069916,0.034122604755385,-0.01177893341555));
#8541=CARTESIAN_POINT('',(0.000955003799730004,0.03412148729319,-0.011779606377539));
#8542=CARTESIAN_POINT('',(0.000953251593636004,0.034120355532319,-0.011780294820505));
#8543=CARTESIAN_POINT('',(0.000949739654657999,0.034118041471624,-0.011781716918398));
#8544=CARTESIAN_POINT('',(0.000947980445663001,0.034116858616398,-0.011782451194153));
#8545=CARTESIAN_POINT('',(0.000946235220576002,0.034115661409034,-0.011783202052113));
#8546=CARTESIAN_POINT('',(0.000944504180075002,0.034114450115911,-0.011783969741308));
#8547=CARTESIAN_POINT('',(0.000942787521749002,0.034113225011505,-0.011784754512601));
#8548=CARTESIAN_POINT('',(0.000941085440099999,0.034111986378386,-0.011785556618684));
#8549=CARTESIAN_POINT('',(0.00093767099955,0.034109453097216,-0.011787215350806));
#8550=CARTESIAN_POINT('',(0.000935959345578,0.034108157817306,-0.011788072816213));
#8551=CARTESIAN_POINT('',(0.000934263370016002,0.034106848979285,-0.01178894898332));
#8552=CARTESIAN_POINT('',(0.000932583274198002,0.03410552690457,-0.011789844125635));
#8553=CARTESIAN_POINT('',(0.000930919255400002,0.034104191924203,-0.011790758517161));
#8554=CARTESIAN_POINT('',(0.000929271506842001,0.034102844378854,-0.011791692432387));
#8555=CARTESIAN_POINT('',(0.000925961923942002,0.034100085678126,-0.011793627340884));
#8556=CARTESIAN_POINT('',(0.000924301051527,0.034098673808913,-0.011794629490937));
#8557=CARTESIAN_POINT('',(0.000922657806542004,0.034097249392731,-0.011795652895957));
#8558=CARTESIAN_POINT('',(0.000921032389704,0.034095812822635,-0.011796697854041));
#8559=CARTESIAN_POINT('',(0.000919424996341001,0.034094364503174,-0.011797764661877));
#8560=CARTESIAN_POINT('',(0.000917835816396002,0.034092904850397,-0.01179885361475));
#8561=CARTESIAN_POINT('',(0.000914638093988999,0.03408991115801,-0.011801116132709));
#8562=CARTESIAN_POINT('',(0.000913030890249002,0.034088376324832,-0.011802291330129));
#8563=CARTESIAN_POINT('',(0.000911443628378,0.034086830267548,-0.011803490925393));
#8564=CARTESIAN_POINT('',(0.000909876506345001,0.034085273475194,-0.011804715240931));
#8565=CARTESIAN_POINT('',(0.000908329714923002,0.034083706450603,-0.011805964595012));
#8566=CARTESIAN_POINT('',(0.000906803437685001,0.03408212971041,-0.011807239301738));
#8567=CARTESIAN_POINT('',(0.000903724101883,0.034078886060064,-0.011809898911988));
#8568=CARTESIAN_POINT('',(0.000902172958848004,0.034077218299452,-0.011811286190698));
#8569=CARTESIAN_POINT('',(0.000900644623383001,0.034075541109294,-0.011812701861184));
#8570=CARTESIAN_POINT('',(0.000899139287309,0.034073855112308,-0.011814146269162));
#8571=CARTESIAN_POINT('',(0.000897657132792003,0.03407216094785,-0.011815619752049));
#8572=CARTESIAN_POINT('',(0.000896198332338002,0.034070459271912,-0.011817122638971));
#8573=CARTESIAN_POINT('',(0.000893243183821002,0.034066941559353,-0.011820278179532));
#8574=CARTESIAN_POINT('',(0.000891749688926004,0.034065124692707,-0.011821934438423));
#8575=CARTESIAN_POINT('',(0.000890282757348003,0.034063300956363,-0.011823624408364));
#8576=CARTESIAN_POINT('',(0.000888842569401003,0.034061471169625,-0.011825348455573));
#8577=CARTESIAN_POINT('',(0.000887429292479001,0.034059636171925,-0.011827106931548));
#8578=CARTESIAN_POINT('',(0.00088604308105,0.034057796822821,-0.011828900173064));
#8579=CARTESIAN_POINT('',(0.000883216579243999,0.034053964063764,-0.011832702791788));
#8580=CARTESIAN_POINT('',(0.000881780806618,0.034051970076519,-0.011834717993193));
#8581=CARTESIAN_POINT('',(0.000880376936291002,0.034049973148657,-0.011836774511763));
#8582=CARTESIAN_POINT('',(0.000879005128933002,0.034047974413027,-0.011838872727497));
#8583=CARTESIAN_POINT('',(0.00087766552837,0.034045975026936,-0.011841012995018));
#8584=CARTESIAN_POINT('',(0.000876358261591,0.034043976172147,-0.011843195643578));
#8585=CARTESIAN_POINT('',(0.000873661609314,0.034039751639431,-0.011847902925532));
#8586=CARTESIAN_POINT('',(0.000872280140283004,0.03403752638343,-0.011850437968673));
#8587=CARTESIAN_POINT('',(0.000870939181641002,0.034035304961184,-0.011853026528069));
#8588=CARTESIAN_POINT('',(0.000869638864276,0.034033089077384,-0.011855668979585));
#8589=CARTESIAN_POINT('',(0.000868379299976001,0.034030880467101,-0.011858365653354));
#8590=CARTESIAN_POINT('',(0.000867160581425004,0.034028680895786,-0.011861116833781));
#8591=CARTESIAN_POINT('',(0.000864583266734002,0.034023891401374,-0.011867256890229));
#8592=CARTESIAN_POINT('',(0.000863241539156002,0.034021305939372,-0.011870668310258));
#8593=CARTESIAN_POINT('',(0.000861957709860001,0.034018738784269,-0.011874157425618));
#8594=CARTESIAN_POINT('',(0.000860731888596002,0.034016192991152,-0.011877724538575));
#8595=CARTESIAN_POINT('',(0.000859564184483002,0.03401367165919,-0.011881369847669));
#8596=CARTESIAN_POINT('',(0.000858454706004003,0.03401117793164,-0.011885093447715));
#8597=CARTESIAN_POINT('',(0.00085589198275,0.034005173219754,-0.011894362551101));
#8598=CARTESIAN_POINT('',(0.000854501079160002,0.034001695183933,-0.011899991539801));
#8599=CARTESIAN_POINT('',(0.000853231198284003,0.033998290230216,-0.011905782412319));
#8600=CARTESIAN_POINT('',(0.000852082850260002,0.033994967991377,-0.011911734643955));
#8601=CARTESIAN_POINT('',(0.000851056847469001,0.03399173830832,-0.011917847031445));
#8602=CARTESIAN_POINT('',(0.000850154444696001,0.033988611147265,-0.01192411765551));
#8603=CARTESIAN_POINT('',(0.000847709005467,0.033979122828908,-0.011944343590442));
#8604=CARTESIAN_POINT('',(0.000846618768075,0.033973167024732,-0.011958862925135));
#8605=CARTESIAN_POINT('',(0.000846124640386001,0.033967826470582,-0.01197408018151));
#8606=CARTESIAN_POINT('',(0.000846263366764001,0.033963213133489,-0.011989931967346));
#8607=CARTESIAN_POINT('',(0.000847082731587002,0.033959438030962,-0.012006302331629));
#8608=CARTESIAN_POINT('',(0.000848658365456001,0.033956590696667,-0.012023004808889));
#8609=CARTESIAN_POINT('',(0.000851884549420003,0.033954008562985,-0.012045775893837));
#8610=CARTESIAN_POINT('',(0.00085284043011,0.033953448430708,-0.012051801656476));
#8611=CARTESIAN_POINT('',(0.000853900899800003,0.033953011842647,-0.012057818538798));
#8612=CARTESIAN_POINT('',(0.000855067232832001,0.033952698302463,-0.01206381246502));
#8613=CARTESIAN_POINT('',(0.000856340097095003,0.033952505907376,-0.012069769436599));
#8614=CARTESIAN_POINT('',(0.000857719377748003,0.033952431403876,-0.012075675668876));
#8615=CARTESIAN_POINT('',(0.000860282421477,0.033952498456247,-0.012085761360977));
#8616=CARTESIAN_POINT('',(0.000861416488954998,0.033952586510441,-0.01208997137271));
#8617=CARTESIAN_POINT('',(0.000862605839412001,0.033952732602268,-0.012094142806409));
#8618=CARTESIAN_POINT('',(0.000863849949378003,0.033952934693297,-0.012098271144183));
#8619=CARTESIAN_POINT('',(0.000865148135867001,0.033953190510424,-0.012102352306755));
#8620=CARTESIAN_POINT('',(0.000866499556377,0.033953497545868,-0.01210638265347));
#8621=CARTESIAN_POINT('',(0.000869107289345,0.033954158021688,-0.012113769954573));
#8622=CARTESIAN_POINT('',(0.000870349827459,0.033954498697619,-0.012117141205672));
#8623=CARTESIAN_POINT('',(0.000871630204763003,0.033954873374518,-0.012120470782278));
#8624=CARTESIAN_POINT('',(0.000872947762568004,0.033955280315781,-0.012123756984564));
#8625=CARTESIAN_POINT('',(0.000874301801969003,0.03395571775865,-0.012126998366183));
#8626=CARTESIAN_POINT('',(0.000875691583839003,0.033956183914209,-0.012130193734271));
#8627=CARTESIAN_POINT('',(0.000878418428815003,0.033957127577523,-0.012136219542496));
#8628=CARTESIAN_POINT('',(0.000879749741158002,0.033957600669922,-0.012139057707138));
#8629=CARTESIAN_POINT('',(0.000881109680155999,0.033958094871716,-0.012141855940816));
#8630=CARTESIAN_POINT('',(0.000882497654772003,0.033958608833802,-0.012144613675691));
#8631=CARTESIAN_POINT('',(0.000883913068636,0.033959141230843,-0.012147330478636));
#8632=CARTESIAN_POINT('',(0.000885355320044003,0.033959690761268,-0.012150006051238));
#8633=CARTESIAN_POINT('',(0.000888210490360999,0.033960790041631,-0.012155127686272));
#8634=CARTESIAN_POINT('',(0.000889620572012001,0.033961338079658,-0.012157578218536));
#8635=CARTESIAN_POINT('',(0.000891053540298,0.033961899191224,-0.012159991690061));
#8636=CARTESIAN_POINT('',(0.000892508894048003,0.033962472339239,-0.012162368034132));
#8637=CARTESIAN_POINT('',(0.000893986137537002,0.033963056519654,-0.012164707253843));
#8638=CARTESIAN_POINT('',(0.000895484780484002,0.033963650761458,-0.012167009422099));
#8639=CARTESIAN_POINT('',(0.000898467037695,0.033964834915529,-0.01217145518095));
#8640=CARTESIAN_POINT('',(0.000899949116994002,0.033965424158683,-0.012173601472642));
#8641=CARTESIAN_POINT('',(0.000901450145654001,0.03396602102202,-0.012175713682616));
#8642=CARTESIAN_POINT('',(0.0009029697017,0.033966624702438,-0.012177791971535));
#8643=CARTESIAN_POINT('',(0.000904507371482,0.033967234427858,-0.012179836534797));
#8644=CARTESIAN_POINT('',(0.000906062749672004,0.033967849457223,-0.012181847602539));
#8645=CARTESIAN_POINT('',(0.000909167662527001,0.033969072760459,-0.012185752385676));
#8646=CARTESIAN_POINT('',(0.000910716317694002,0.033969680800269,-0.012187647783222));
#8647=CARTESIAN_POINT('',(0.000912281038614002,0.033970292544239,-0.012189511875735));
#8648=CARTESIAN_POINT('',(0.000913861467590003,0.033970907362973,-0.012191344922266));
#8649=CARTESIAN_POINT('',(0.000915457255386002,0.033971524653375,-0.012193147197443));
#8650=CARTESIAN_POINT('',(0.000917068061225001,0.033972143838644,-0.012194918991476));
#8651=CARTESIAN_POINT('',(0.000920289828298004,0.033973373744713,-0.012198370925549));
#8652=CARTESIAN_POINT('',(0.000921900265917,0.033973984416485,-0.012200052136914));
#8653=CARTESIAN_POINT('',(0.000923524551378004,0.033974595862522,-0.012201704532741));
#8654=CARTESIAN_POINT('',(0.000925162378080002,0.033975207583243,-0.012203328406542));
#8655=CARTESIAN_POINT('',(0.000926813447091002,0.033975819100552,-0.012204924056845));
#8656=CARTESIAN_POINT('',(0.000928477467144001,0.033976429957843,-0.012206491787201));
#8657=CARTESIAN_POINT('',(0.000931809538519002,0.033977641734644,-0.012209552456737));
#8658=CARTESIAN_POINT('',(0.000933477269442002,0.033978242680655,-0.012211046090912));
#8659=CARTESIAN_POINT('',(0.000935157074685,0.033978842139294,-0.012212513104915));
#8660=CARTESIAN_POINT('',(0.000936848688143001,0.033979439709158,-0.012213953794155));
#8661=CARTESIAN_POINT('',(0.00093855185033,0.033980035006174,-0.012215368453226));
#8662=CARTESIAN_POINT('',(0.000940266308379002,0.033980627663596,-0.012216757375913));
#8663=CARTESIAN_POINT('',(0.000943701645233001,0.033981801642524,-0.012219471945488));
#8664=CARTESIAN_POINT('',(0.000945422323610005,0.033982383017081,-0.012220798051348));
#8665=CARTESIAN_POINT('',(0.000947153611661002,0.033982961115618,-0.012222099457363));
#8666=CARTESIAN_POINT('',(0.000948895275439003,0.033983535612013,-0.012223376444136));
#8667=CARTESIAN_POINT('',(0.000950647086556001,0.033984106194088,-0.012224629288278));
#8668=CARTESIAN_POINT('',(0.000952408822188999,0.033984672563605,-0.012225858262411));
#8669=CARTESIAN_POINT('',(0.000955940024246,0.033985792603054,-0.012228261057767));
#8670=CARTESIAN_POINT('',(0.000957709362542004,0.033986346331259,-0.012229435188539));
#8671=CARTESIAN_POINT('',(0.000959488067005004,0.033986895342068,-0.012230586290543));
#8672=CARTESIAN_POINT('',(0.000961275929255,0.033987439367915,-0.012231714621173));
#8673=CARTESIAN_POINT('',(0.000963072745484003,0.033987978152489,-0.01223282043215));
#8674=CARTESIAN_POINT('',(0.000964878316465002,0.033988511450736,-0.012233903969522));
#8675=CARTESIAN_POINT('',(0.000968497694568003,0.03398956402335,-0.012236021779469));
#8676=CARTESIAN_POINT('',(0.000970311417595002,0.033990083352919,-0.012237056266888));
#8677=CARTESIAN_POINT('',(0.000972133424833002,0.033990596787067,-0.012238069172613));
#8678=CARTESIAN_POINT('',(0.000973963528155004,0.033991104104449,-0.012239060726835));
#8679=CARTESIAN_POINT('',(0.000975801543102003,0.033991605092872,-0.012240031153238));
#8680=CARTESIAN_POINT('',(0.000977647288880001,0.033992099549289,-0.012240980669001));
#8681=CARTESIAN_POINT('',(0.000981346912617,0.033993073174658,-0.012242834804827));
#8682=CARTESIAN_POINT('',(0.000983200733388,0.033993552393597,-0.012243739580177));
#8683=CARTESIAN_POINT('',(0.000985061875558,0.033994024744809,-0.012244624019059));
#8684=CARTESIAN_POINT('',(0.000986930166811003,0.033994490043993,-0.01224548832282));
#8685=CARTESIAN_POINT('',(0.000988805437637002,0.033994948114365,-0.01224633268595));
#8686=CARTESIAN_POINT('',(0.000990687521327003,0.033995398786653,-0.012247157296074));
#8687=CARTESIAN_POINT('',(0.000994459254701999,0.033996283666793,-0.01224876492871));
#8688=CARTESIAN_POINT('',(0.000996348863654004,0.033996717920034,-0.012249548069711));
#8689=CARTESIAN_POINT('',(0.000998244918448001,0.033997144498451,-0.012250311936034));
#8690=CARTESIAN_POINT('',(0.001000147258629,0.033997563247931,-0.012251056699797));
#8691=CARTESIAN_POINT('',(0.001002055725672,0.033997974020617,-0.012251782526168));
#8692=CARTESIAN_POINT('',(0.001003970162989,0.033998376674918,-0.012252489573359));
#8693=CARTESIAN_POINT('',(0.001007805694355,0.033999164454365,-0.012253864628521));
#8694=CARTESIAN_POINT('',(0.001009726757832,0.033999549621894,-0.012254532732818));
#8695=CARTESIAN_POINT('',(0.001011653452945,0.033999926443721,-0.012255182455575));
#8696=CARTESIAN_POINT('',(0.001013585627256,0.034000294790805,-0.012255813939959));
#8697=CARTESIAN_POINT('',(0.001015523129296,0.034000654539428,-0.012256427322239));
#8698=CARTESIAN_POINT('',(0.001017465808566,0.034001005571193,-0.012257022731794));
#8699=CARTESIAN_POINT('',(0.001021356678073,0.034001689176422,-0.012258176502851));
#8700=CARTESIAN_POINT('',(0.001023304844297,0.034002021790808,-0.012258734947532));
#8701=CARTESIAN_POINT('',(0.001025257865805,0.03400234550382,-0.012259275746755));
#8702=CARTESIAN_POINT('',(0.001027215593999,0.034002660207765,-0.0122597990154));
#8703=CARTESIAN_POINT('',(0.001029177880085,0.034002965799619,-0.01226030486163));
#8704=CARTESIAN_POINT('',(0.001031144575072,0.034003262181027,-0.012260793386888));
#8705=CARTESIAN_POINT('',(0.001035082201226,0.034003835711705,-0.012261734960685));
#8706=CARTESIAN_POINT('',(0.00103705311317,0.03400411290123,-0.012262188084044));
#8707=CARTESIAN_POINT('',(0.001039028117493,0.034004380733712,-0.012262624150035));
#8708=CARTESIAN_POINT('',(0.001041007064416,0.034004639120296,-0.012263043246311));
#8709=CARTESIAN_POINT('',(0.001042989802491,0.034004887976433,-0.012263445454122));
#8710=CARTESIAN_POINT('',(0.001044976178606,0.034005127221883,-0.012263830848315));
#8711=CARTESIAN_POINT('',(0.001048951883416,0.034005585876472,-0.01226456740271));
#8712=CARTESIAN_POINT('',(0.001050941197228,0.034005805324628,-0.012264918630519));
#8713=CARTESIAN_POINT('',(0.001052933825596,0.034006015049593,-0.012265253248699));
#8714=CARTESIAN_POINT('',(0.001054929611305,0.034006214980072,-0.01226557131934));
#8715=CARTESIAN_POINT('',(0.001056928393753,0.034006405049058,-0.012265872898681));
#8716=CARTESIAN_POINT('',(0.001058930008943,0.034006585193832,-0.01226615803711));
#8717=CARTESIAN_POINT('',(0.001062935036231,0.034006925218072,-0.012266695047393));
#8718=CARTESIAN_POINT('',(0.001064938438276,0.034007085132826,-0.012266946977272));
#8719=CARTESIAN_POINT('',(0.00106694432881,0.034007235041981,-0.012267182612989));
#8720=CARTESIAN_POINT('',(0.001068952536229,0.03400737489196,-0.012267401993783));
#8721=CARTESIAN_POINT('',(0.001070962884143,0.034007504633849,-0.012267605153947));
#8722=CARTESIAN_POINT('',(0.001072975191373,0.034007624223399,-0.012267792122825));
#8723=CARTESIAN_POINT('',(0.001077000704758,0.034007842874827,-0.012268133502262));
#8724=CARTESIAN_POINT('',(0.001079013906468,0.034007941963713,-0.012268287955671));
#8725=CARTESIAN_POINT('',(0.001081028690975,0.034008030848205,-0.012268426309316));
#8726=CARTESIAN_POINT('',(0.001083044867754,0.03400810949416,-0.012268548583673));
#8727=CARTESIAN_POINT('',(0.001085062241866,0.034008177872763,-0.01226865479542));
#8728=CARTESIAN_POINT('',(0.001087080613954,0.03400823596053,-0.012268744957438));
#8729=CARTESIAN_POINT('',(0.0010906560071,0.03400832056372,-0.012268876206183));
#8730=CARTESIAN_POINT('',(0.001092212706307,0.03400835126451,-0.012268923805281));
#8731=CARTESIAN_POINT('',(0.001093769784533,0.034008375833375,-0.012268961880277));
#8732=CARTESIAN_POINT('',(0.001095327147843,0.034008394264111,-0.012268990434338));
#8733=CARTESIAN_POINT('',(0.001096884701709,0.034008406552612,-0.01226900946962));
#8734=CARTESIAN_POINT('',(0.001098442351003,0.034008412696869,-0.012269018987271));
#8735=CARTESIAN_POINT('',(0.0011,0.034008412696971,-0.012269018987428));
#8736=CARTESIAN_POINT('',(0.0011,0.034163532717054,-0.011757945632193));
#8737=CARTESIAN_POINT('',(0.0011,0.034008412696971,-0.012269018987428));
#8738=CARTESIAN_POINT('',(0.004,0.034163532717054,-0.011757945632193));
#8739=CARTESIAN_POINT('',(0.004,0.034008412696971,-0.012269018987428));
#8740=CARTESIAN_POINT('',(0.0011,0.0319,-0.01135));
#8741=CARTESIAN_POINT('',(0.0011,0.03417880967353,-0.011038509274898));
#8742=CARTESIAN_POINT('',(0.001097590777426,0.034178809673313,-0.011038509275089));
#8743=CARTESIAN_POINT('',(0.001095181539604,0.034178788758098,-0.01103852770587));
#8744=CARTESIAN_POINT('',(0.001092773591602,0.034178746930779,-0.011038564565054));
#8745=CARTESIAN_POINT('',(0.001090368181074,0.034178684253597,-0.01103861981989));
#8746=CARTESIAN_POINT('',(0.001087966498249,0.034178600848141,-0.01103869340707));
#8747=CARTESIAN_POINT('',(0.001083125318223,0.03417839088089,-0.011038878879524));
#8748=CARTESIAN_POINT('',(0.001080686002807,0.034178263491751,-0.011038991498587));
#8749=CARTESIAN_POINT('',(0.001078252902028,0.034178114920752,-0.011039122990056));
#8750=CARTESIAN_POINT('',(0.001075827084629,0.034177945403033,-0.011039273237367));
#8751=CARTESIAN_POINT('',(0.001073409515763,0.034177755216047,-0.011039442107246));
#8752=CARTESIAN_POINT('',(0.00106855820564,0.034177331136642,-0.011039819467414));
#8753=CARTESIAN_POINT('',(0.001066124732074,0.034177096655221,-0.0110400284914));
#8754=CARTESIAN_POINT('',(0.00106370152888,0.034176841567023,-0.011040256367052));
#8755=CARTESIAN_POINT('',(0.001061289403524,0.034176566229139,-0.011040502934668));
#8756=CARTESIAN_POINT('',(0.001058889078354,0.034176271024032,-0.011040768029466));
#8757=CARTESIAN_POINT('',(0.001054067329942,0.03417563563695,-0.011041340390878));
#8758=CARTESIAN_POINT('',(0.001051646396869,0.03417529469606,-0.011041648372284));
#8759=CARTESIAN_POINT('',(0.001049239066842,0.034174933967412,-0.011041975247074));
#8760=CARTESIAN_POINT('',(0.001046845948826,0.034174553895488,-0.011042320837827));
#8761=CARTESIAN_POINT('',(0.001044467585294,0.034174154938713,-0.011042684968431));
#8762=CARTESIAN_POINT('',(0.001039686431602,0.034173310506118,-0.011043458843816));
#8763=CARTESIAN_POINT('',(0.001037284361791,0.034172864163301,-0.011043869452173));
#8764=CARTESIAN_POINT('',(0.001034898753048,0.034172399046137,-0.011044299102566));
#8765=CARTESIAN_POINT('',(0.001032530060784,0.034171915665112,-0.011044747613573));
#8766=CARTESIAN_POINT('',(0.001030178685562,0.034171414536054,-0.011045214808939));
#8767=CARTESIAN_POINT('',(0.001025449229371,0.034170364046053,-0.011046199136598));
#8768=CARTESIAN_POINT('',(0.001023072103461,0.034169813755878,-0.011046717266365));
#8769=CARTESIAN_POINT('',(0.001020713969229,0.034169245872662,-0.011047254722289));
#8770=CARTESIAN_POINT('',(0.001018375154144,0.034168660957974,-0.01104781132745));
#8771=CARTESIAN_POINT('',(0.001016055939293,0.034168059571904,-0.011048386912594));
#8772=CARTESIAN_POINT('',(0.001011389243726,0.034166806735968,-0.011049593281467));
#8773=CARTESIAN_POINT('',(0.00100904295561,0.034166154331111,-0.011050225193537));
#8774=CARTESIAN_POINT('',(0.001006717950953,0.034165485667358,-0.011050876876422));
#8775=CARTESIAN_POINT('',(0.001004414446682,0.034164801346781,-0.011051548163376));
#8776=CARTESIAN_POINT('',(0.00100213262073,0.034164101964655,-0.011052238896827));
#8777=CARTESIAN_POINT('',(0.000997539625521002,0.034162651203197,-0.011053681887516));
#8778=CARTESIAN_POINT('',(0.000995229891033001,0.034161898873709,-0.011054435410858));
#8779=CARTESIAN_POINT('',(0.000992943561373,0.034161131767709,-0.011055209335491));
#8780=CARTESIAN_POINT('',(0.000990680757238002,0.034160350521196,-0.011056003508345));
#8781=CARTESIAN_POINT('',(0.000988441567221002,0.03415955575945,-0.011056817786188));
#8782=CARTESIAN_POINT('',(0.000983933036299001,0.034157912185061,-0.011058515464558));
#8783=CARTESIAN_POINT('',(0.000981665382997002,0.034157062454214,-0.011059400286064));
#8784=CARTESIAN_POINT('',(0.000979423150688004,0.034156199585327,-0.0110603063525));
#8785=CARTESIAN_POINT('',(0.000977206376408003,0.03415532424584,-0.011061233525985));
#8786=CARTESIAN_POINT('',(0.000975015071442001,0.034154437089803,-0.0110621816784));
#8787=CARTESIAN_POINT('',(0.000970601553492004,0.034152606490331,-0.011064156310069));
#8788=CARTESIAN_POINT('',(0.000968381302525002,0.034151662186943,-0.011065184394431));
#8789=CARTESIAN_POINT('',(0.000966188452565003,0.034150706563386,-0.01106623481235));
#8790=CARTESIAN_POINT('',(0.000964022967655,0.034149740320313,-0.011067307440725));
#8791=CARTESIAN_POINT('',(0.000961884791729001,0.03414876414335,-0.011068402165485));
#8792=CARTESIAN_POINT('',(0.000957576582956001,0.034146752965343,-0.011070681263437));
#8793=CARTESIAN_POINT('',(0.000955408825103005,0.034145717191828,-0.011071867471102));
#8794=CARTESIAN_POINT('',(0.000953270489564003,0.034144672138594,-0.01107307738619));
#8795=CARTESIAN_POINT('',(0.000951161475546001,0.034143618545831,-0.011074310897995));
#8796=CARTESIAN_POINT('',(0.000949081666954,0.034142557137872,-0.011075567903499));
#8797=CARTESIAN_POINT('',(0.000944888769432002,0.034140372470658,-0.011078185795809));
#8798=CARTESIAN_POINT('',(0.000942778332593999,0.034139248564418,-0.011079548814466));
#8799=CARTESIAN_POINT('',(0.000940699472555002,0.034138117711878,-0.011080937254685));
#8800=CARTESIAN_POINT('',(0.000938652028600002,0.034136980704323,-0.011082351013546));
#8801=CARTESIAN_POINT('',(0.000936635828631002,0.034135838316915,-0.011083789993861));
#8802=CARTESIAN_POINT('',(0.000932567897221001,0.034133487877146,-0.011086790236635));
#8803=CARTESIAN_POINT('',(0.000930519298358003,0.034132279359959,-0.011088354031152));
#8804=CARTESIAN_POINT('',(0.000928504681069003,0.034131066633773,-0.011089945382054));
#8805=CARTESIAN_POINT('',(0.000926523825531999,0.034129850559174,-0.011091564186734));
#8806=CARTESIAN_POINT('',(0.000924576503608002,0.034128631980692,-0.011093210345651));
#8807=CARTESIAN_POINT('',(0.000920642768937004,0.034126124095156,-0.011096649578695));
#8808=CARTESIAN_POINT('',(0.000918660136132,0.03412483459906,-0.011098445744787));
#8809=CARTESIAN_POINT('',(0.000916714302942,0.034123544211998,-0.011100272147182));
#8810=CARTESIAN_POINT('',(0.000914804985965002,0.034122253891584,-0.011102128671837));
#8811=CARTESIAN_POINT('',(0.000912931895886,0.03412096457956,-0.01110401520409));
#8812=CARTESIAN_POINT('',(0.000909141035165002,0.034118308156601,-0.011107969625548));
#8813=CARTESIAN_POINT('',(0.000907227969147002,0.034116941300059,-0.011110041426081));
#8814=CARTESIAN_POINT('',(0.000905355184560003,0.03411557774576,-0.011112146891608));
#8815=CARTESIAN_POINT('',(0.000903522322790003,0.034114218591512,-0.011114285877378));
#8816=CARTESIAN_POINT('',(0.000901729021471002,0.034112864919353,-0.011116458232552));
#8817=CARTESIAN_POINT('',(0.000898088904687001,0.034110069372666,-0.011121035218937));
#8818=CARTESIAN_POINT('',(0.000896248206755004,0.034108628521372,-0.011123445030791));
#8819=CARTESIAN_POINT('',(0.000894452365539002,0.03410719656711,-0.011125893040946));
#8820=CARTESIAN_POINT('',(0.000892700925062002,0.034105774819364,-0.011128379039115));
#8821=CARTESIAN_POINT('',(0.000890993428516004,0.034104364571653,-0.011130902799539));
#8822=CARTESIAN_POINT('',(0.000887510525391003,0.034101439557797,-0.011136263761202));
#8823=CARTESIAN_POINT('',(0.000885743592759003,0.034099927282673,-0.01113910826865));
#8824=CARTESIAN_POINT('',(0.000884028022124003,0.034098431944859,-0.011141997289475));
#8825=CARTESIAN_POINT('',(0.000882363220677002,0.034096955196223,-0.011144930474564));
#8826=CARTESIAN_POINT('',(0.000880748601037002,0.034095498671797,-0.011147907439548));
#8827=CARTESIAN_POINT('',(0.000877426275775001,0.034092453035986,-0.011154319181432));
#8828=CARTESIAN_POINT('',(0.000875731510771003,0.034090869623714,-0.011157765259356));
#8829=CARTESIAN_POINT('',(0.000874098460929999,0.034089316044938,-0.011161265408994));
#8830=CARTESIAN_POINT('',(0.000872526323519002,0.03408779457084,-0.011164818951712));
#8831=CARTESIAN_POINT('',(0.000871014318378001,0.034086307451815,-0.011168425119822));
#8832=CARTESIAN_POINT('',(0.000867846231113002,0.034083143936016,-0.011176402828715));
#8833=CARTESIAN_POINT('',(0.000866213586176001,0.034081481975106,-0.011180794771393));
#8834=CARTESIAN_POINT('',(0.000864662503394002,0.034079874716265,-0.011185257490435));
#8835=CARTESIAN_POINT('',(0.000863191811491002,0.034078325790694,-0.011189789302307));
#8836=CARTESIAN_POINT('',(0.000861800417638003,0.034076838779272,-0.011194388234129));
#8837=CARTESIAN_POINT('',(0.000858725420505999,0.034073509802291,-0.011205309739122));
#8838=CARTESIAN_POINT('',(0.000857104489716001,0.034071720224786,-0.011211684143448));
#8839=CARTESIAN_POINT('',(0.000855622069579003,0.034070056942312,-0.011218169727196));
#8840=CARTESIAN_POINT('',(0.000854276079473002,0.03406852828347,-0.01122475957679));
#8841=CARTESIAN_POINT('',(0.000853064782636002,0.034067142102623,-0.011231445178488));
#8842=CARTESIAN_POINT('',(0.000849126533708004,0.034062624283618,-0.011256181378273));
#8843=CARTESIAN_POINT('',(0.000847199203977002,0.034060389584884,-0.011274781193442));
#8844=CARTESIAN_POINT('',(0.000846196820736,0.034059353199627,-0.011293755113333));
#8845=CARTESIAN_POINT('',(0.000846086463247003,0.034059582836087,-0.011312819623942));
#8846=CARTESIAN_POINT('',(0.000846879175343002,0.034061057028697,-0.011331673576981));
#8847=CARTESIAN_POINT('',(0.000848562099318002,0.03406364284922,-0.01135));
#8848=CARTESIAN_POINT('',(0.0011,0.03417880967353,-0.011038509274898));
#8849=CARTESIAN_POINT('',(0.000848562099318002,0.03406364284922,-0.01135));
#8850=CARTESIAN_POINT('',(0.0011,0.034189212119762,-0.011572503642073));
#8851=CARTESIAN_POINT('',(0.00109720321835,0.034189212119501,-0.011572503641861));
#8852=CARTESIAN_POINT('',(0.001094406416225,0.034189181774478,-0.011572478932767));
#8853=CARTESIAN_POINT('',(0.001091612120053,0.034189121089738,-0.011572429518268));
#8854=CARTESIAN_POINT('',(0.001088822703375,0.034189030243793,-0.011572355487868));
#8855=CARTESIAN_POINT('',(0.001083201081125,0.034188786462116,-0.011572156529398));
#8856=CARTESIAN_POINT('',(0.001080369150708,0.034188632286863,-0.011572030585841));
#8857=CARTESIAN_POINT('',(0.001077546904797,0.034188447438991,-0.011571879373723));
#8858=CARTESIAN_POINT('',(0.0010747363644,0.034188232422595,-0.011571703132517));
#8859=CARTESIAN_POINT('',(0.00106910045472,0.034187739670531,-0.011571298178593));
#8860=CARTESIAN_POINT('',(0.001066275495441,0.034187461042125,-0.011571068719526));
#8861=CARTESIAN_POINT('',(0.001063466182296,0.034187152641928,-0.011570814078491));
#8862=CARTESIAN_POINT('',(0.001060674064762,0.034186815206645,-0.011570534579125));
#8863=CARTESIAN_POINT('',(0.001055070277173,0.034186076443278,-0.011569920356729));
#8864=CARTESIAN_POINT('',(0.001052259377717,0.034185673949106,-0.011569584622371));
#8865=CARTESIAN_POINT('',(0.001049469128133,0.034185242934243,-0.011569223728818));
#8866=CARTESIAN_POINT('',(0.001046700709608,0.03418478430798,-0.011568838045594));
#8867=CARTESIAN_POINT('',(0.001041141045029,0.034183801642497,-0.011568007623932));
#8868=CARTESIAN_POINT('',(0.001038350956905,0.034183276254714,-0.011567561652059));
#8869=CARTESIAN_POINT('',(0.001035585892695,0.034182723886551,-0.011567090432602));
#8870=CARTESIAN_POINT('',(0.001032846736062,0.034182145581193,-0.011566594360879));
#8871=CARTESIAN_POINT('',(0.001027343271917,0.034180921786305,-0.011565538248113));
#8872=CARTESIAN_POINT('',(0.001024580530373,0.034180274836003,-0.011564976772286));
#8873=CARTESIAN_POINT('',(0.001021846749708,0.03417960270257,-0.011564389821499));
#8874=CARTESIAN_POINT('',(0.001019142555255,0.03417890653487,-0.011563777805366));
#8875=CARTESIAN_POINT('',(0.001013707339522,0.034177445038045,-0.011562483732966));
#8876=CARTESIAN_POINT('',(0.00101097830973,0.034176678194599,-0.011561800046328));
#8877=CARTESIAN_POINT('',(0.001008281855965,0.034175888203847,-0.011561090495708));
#8878=CARTESIAN_POINT('',(0.00100561837043,0.034175076298948,-0.011560355498566));
#8879=CARTESIAN_POINT('',(0.001000263332476,0.034173381155975,-0.011558808095593));
#8880=CARTESIAN_POINT('',(0.000997574216055001,0.034172496402051,-0.011557993857417));
#8881=CARTESIAN_POINT('',(0.000994921056018002,0.034171590769462,-0.011557153183329));
#8882=CARTESIAN_POINT('',(0.000992304030884,0.034170665560346,-0.01155628649624));
#8883=CARTESIAN_POINT('',(0.000987040924603,0.034168741420213,-0.011554466822238));
#8884=CARTESIAN_POINT('',(0.000984397750233002,0.034167741020625,-0.011553511782693));
#8885=CARTESIAN_POINT('',(0.000981793758797003,0.034166722253036,-0.011552529531077));
#8886=CARTESIAN_POINT('',(0.000979228930987001,0.034165686479177,-0.011551520497217));
#8887=CARTESIAN_POINT('',(0.000974069292845003,0.034163538540577,-0.011549405374749));
#8888=CARTESIAN_POINT('',(0.000971477900334,0.034162425003867,-0.011548296981509));
#8889=CARTESIAN_POINT('',(0.000968928847783001,0.034161295879467,-0.011547160372683));
#8890=CARTESIAN_POINT('',(0.000966421929921,0.034160152585136,-0.011545995990363));
#8891=CARTESIAN_POINT('',(0.000961377040708002,0.03415778654149,-0.011543557041708));
#8892=CARTESIAN_POINT('',(0.000958843060734002,0.034156562571813,-0.011542279870435));
#8893=CARTESIAN_POINT('',(0.000956354601326002,0.034155326115261,-0.011540973224882));
#8894=CARTESIAN_POINT('',(0.000953911277780002,0.034154078647799,-0.01153963756887));
#8895=CARTESIAN_POINT('',(0.000948992121442001,0.034151500614997,-0.011536839801666));
#8896=CARTESIAN_POINT('',(0.000946520949468004,0.034150169049398,-0.011535374714717));
#8897=CARTESIAN_POINT('',(0.000944098610697004,0.034148828500079,-0.011533878602507));
#8898=CARTESIAN_POINT('',(0.000941724540449003,0.034147480509272,-0.011532351964747));
#8899=CARTESIAN_POINT('',(0.000936941753845,0.03414469692587,-0.011529151645031));
#8900=CARTESIAN_POINT('',(0.000934538513808002,0.034143260647682,-0.011527474514144));
#8901=CARTESIAN_POINT('',(0.000932187686483,0.034141819417675,-0.011525764461057));
#8902=CARTESIAN_POINT('',(0.000929888517424,0.034140374858993,-0.011524022041461));
#8903=CARTESIAN_POINT('',(0.000925252321437003,0.034137392339496,-0.011520363391602));
#8904=CARTESIAN_POINT('',(0.000922921810506003,0.034135854150194,-0.011518443088106));
#8905=CARTESIAN_POINT('',(0.000920647740244002,0.034134315765757,-0.011516487537262));
#8906=CARTESIAN_POINT('',(0.000918429144261001,0.034132778913275,-0.011514497379253));
#8907=CARTESIAN_POINT('',(0.000913949236635,0.034129604014974,-0.011510307232929));
#8908=CARTESIAN_POINT('',(0.000911695833643002,0.034127966428997,-0.011508102316108));
#8909=CARTESIAN_POINT('',(0.000909503615009001,0.03412633444365,-0.0115058592666));
#8910=CARTESIAN_POINT('',(0.000907371362684001,0.034124709925267,-0.011503578851059));
#8911=CARTESIAN_POINT('',(0.000903056726542003,0.034121348740079,-0.011498757512428));
#8912=CARTESIAN_POINT('',(0.000900884226059002,0.034119613625644,-0.011496210433797));
#8913=CARTESIAN_POINT('',(0.000898778802086001,0.034117891479914,-0.011493621554839));
#8914=CARTESIAN_POINT('',(0.000896738918154002,0.034116184364223,-0.011490991834867));
#8915=CARTESIAN_POINT('',(0.000892597424069001,0.034112641713241,-0.011485396250052));
#8916=CARTESIAN_POINT('',(0.000890508703034001,0.034110809593295,-0.011482422359032));
#8917=CARTESIAN_POINT('',(0.000888494876819003,0.034109000363619,-0.01147940182007));
#8918=CARTESIAN_POINT('',(0.000886553977212001,0.03410721637467,-0.011476335900503));
#8919=CARTESIAN_POINT('',(0.000882591400688002,0.03410349395423,-0.011469745326156));
#8920=CARTESIAN_POINT('',(0.000880587653049002,0.034101562449336,-0.011466209538879));
#8921=CARTESIAN_POINT('',(0.000878670130825002,0.03409966833425,-0.011462620295824));
#8922=CARTESIAN_POINT('',(0.000876836228656003,0.034097814424436,-0.011458979403027));
#8923=CARTESIAN_POINT('',(0.000873053219695004,0.034093905520423,-0.011451013813411));
#8924=CARTESIAN_POINT('',(0.000871131828164003,0.034091865150773,-0.011446672103186));
#8925=CARTESIAN_POINT('',(0.000869315364365002,0.034089886207247,-0.011442266395408));
#8926=CARTESIAN_POINT('',(0.000867600160791002,0.034087972353218,-0.011437799596024));
#8927=CARTESIAN_POINT('',(0.000863979018166001,0.03408384058084,-0.011427668778273));
#8928=CARTESIAN_POINT('',(0.000862125415529002,0.034081659261136,-0.011421973690217));
#8929=CARTESIAN_POINT('',(0.000860415433511005,0.034079589244838,-0.011416195060664));
#8930=CARTESIAN_POINT('',(0.000858843209891002,0.034077636128835,-0.011410338786302));
#8931=CARTESIAN_POINT('',(0.000854852268299001,0.034072559401719,-0.011393906037925));
#8932=CARTESIAN_POINT('',(0.000852717371758002,0.03406969653264,-0.011383176601356));
#8933=CARTESIAN_POINT('',(0.000850970101475002,0.034067243407802,-0.011372256843258));
#8934=CARTESIAN_POINT('',(0.000849589170371999,0.034065220947432,-0.011361184376351));
#8935=CARTESIAN_POINT('',(0.000848562099318002,0.03406364284922,-0.01135));
#8936=CARTESIAN_POINT('',(0.0011,0.034189212119762,-0.011572503642072));
#8937=CARTESIAN_POINT('',(0.0011,0.0319,-0.01135));
#8938=CARTESIAN_POINT('',(0.0011,0.0319,-0.01135));
#8939=CARTESIAN_POINT('',(0.0011,0.0319,-0.01135));
#8940=CARTESIAN_POINT('',(0.0011,0.0319,-0.01135));
#8941=CARTESIAN_POINT('',(0.0011,0.0319,-0.01135));
#8942=CARTESIAN_POINT('',(0.0011,0.0319,-0.01135));
#8943=CARTESIAN_POINT('',(0.0011,0.0319,-0.01135));
#8944=CARTESIAN_POINT('',(0.0011,0.0319,-0.01135));
#8945=CARTESIAN_POINT('',(0.0011,0.0319,-0.01135));
#8946=CARTESIAN_POINT('',(0.0011,0.0319,-0.01135));
#8947=CARTESIAN_POINT('',(0.0011,0.0319,-0.01135));
#8948=CARTESIAN_POINT('',(0.0011,0.0319,-0.01135));
#8949=CARTESIAN_POINT('',(0.0011,0.0319,-0.01135));
#8950=CARTESIAN_POINT('',(0.0011,0.0319,-0.01135));
#8951=CARTESIAN_POINT('',(0.0011,0.0319,-0.01135));
#8952=CARTESIAN_POINT('',(0.0011,0.0319,-0.01135));
#8953=CARTESIAN_POINT('',(0.0011,0.0319,-0.01135));
#8954=CARTESIAN_POINT('',(0.0011,0.0319,-0.01135));
#8955=CARTESIAN_POINT('',(0.0011,0.0319,-0.01135));
#8956=CARTESIAN_POINT('',(0.0011,0.0319,-0.01135));
#8957=CARTESIAN_POINT('',(0.0038,0.03441021,-0.0113011));
#8958=CARTESIAN_POINT('',(0.004,0.03417880967353,-0.011038509274898));
#8959=CARTESIAN_POINT('',(0.0038,0.0341788096735302,-0.0110385092748978));
#8960=CARTESIAN_POINT('',(0.0038,0.03441021,-0.0113011));
#8961=CARTESIAN_POINT('',(0.0038,0.0341892121197619,-0.0115725036420727));
#8962=CARTESIAN_POINT('',(0.004,0.034189212119762,-0.011572503642073));
#8963=CARTESIAN_POINT('',(0.0038,0.031077795786903,-0.008977759353256));
#8964=CARTESIAN_POINT('',(0.0038,0.0319,-0.01135));
#8965=CARTESIAN_POINT('',(0.004,0.0319,-0.01135));
#8966=CARTESIAN_POINT('',(0.004,0.0319,-0.01135));
#8967=CARTESIAN_POINT('',(0.004,0.0342,-0.01135));
#8968=CARTESIAN_POINT('',(0.004,0.034238743727351,-0.005933333333333));
#8969=CARTESIAN_POINT('',(0.004,0.0319,-0.01135));
#8970=CARTESIAN_POINT('',(0.004,0.034238743727351,-0.005933333333333));
#8971=CARTESIAN_POINT('',(0.004,0.029561256272649,-0.005933333333333));
#8972=CARTESIAN_POINT('',(0.004,0.0319,-0.00505));
#8973=CARTESIAN_POINT('',(0.0262,0.0301,-0.01425));
#8974=CARTESIAN_POINT('',(0.025,0.0301,-0.01425));
#8975=CARTESIAN_POINT('',(0.025,0.0301,-0.01425));
#8976=CARTESIAN_POINT('',(0.0262,0.0301,-0.01425));
#8977=CARTESIAN_POINT('',(0.025,0.0337,-0.01425));
#8978=CARTESIAN_POINT('',(0.025,0.0337,-0.01425));
#8979=CARTESIAN_POINT('',(0.0262,0.0337,-0.01425));
#8980=CARTESIAN_POINT('',(0.0262,0.0337,-0.01425));
#8981=CARTESIAN_POINT('',(0.0262,0.0301,-0.01425));
#8982=CARTESIAN_POINT('',(0.008,0.0319,-0.00505));
#8983=CARTESIAN_POINT('',(0.008,0.029561256272649,-0.005933333333333));
#8984=CARTESIAN_POINT('',(0.008,0.029561256272649,-0.005933333333333));
#8985=CARTESIAN_POINT('',(0.008,0.0319,-0.00505));
#8986=CARTESIAN_POINT('',(0.008,0.034238743727351,-0.005933333333333));
#8987=CARTESIAN_POINT('',(0.008,0.034238743727351,-0.005933333333333));
#8988=CARTESIAN_POINT('',(0.008,0.0319,-0.01135));
#8989=CARTESIAN_POINT('',(0.008,0.0319,-0.01135));
#8990=CARTESIAN_POINT('',(0.008,0.0378,-0.01135));
#8991=CARTESIAN_POINT('',(0.008,0.0318999999990673,-0.01725));
#8992=CARTESIAN_POINT('',(0.008,0.0319,-0.01135));
#8993=CARTESIAN_POINT('',(0.008,0.026,-0.011349999954225));
#8994=CARTESIAN_POINT('',(0.008,0.0319,-0.01135));
#8995=CARTESIAN_POINT('',(0.008,0.0319,-0.01135));
#8996=CARTESIAN_POINT('',(0.0187,0.03255,-0.01975));
#8997=CARTESIAN_POINT('',(0.01675,0.03255,-0.02245));
#8998=CARTESIAN_POINT('',(0.0123,0.03255,-0.02245));
#8999=CARTESIAN_POINT('',(0.0148,0.03255,-0.02245));
#9000=CARTESIAN_POINT('',(0.0148,0.03255,-0.0049));
#9001=CARTESIAN_POINT('',(0.0148,0.03255,-0.020359934207678));
#9002=CARTESIAN_POINT('',(0.0197,0.03255,-0.020359934207679));
#9003=CARTESIAN_POINT('',(0.0123,0.03255,-0.020359934207678));
#9004=CARTESIAN_POINT('',(0.0123,0.03255,-0.0049));
#9005=CARTESIAN_POINT('',(0.0197,0.0319,-0.0196));
#9006=CARTESIAN_POINT('',(0.0148,0.0319,-0.0196));
#9007=CARTESIAN_POINT('',(0.0148,0.03125,-0.020359934207678));
#9008=CARTESIAN_POINT('',(0.0197,0.03125,-0.020359934207679));
#9009=CARTESIAN_POINT('',(0.0123,0.03125,-0.020359934207678));
#9010=CARTESIAN_POINT('',(0.0123,0.0319,-0.0196));
#9011=CARTESIAN_POINT('',(0.0187,0.03125,-0.01975));
#9012=CARTESIAN_POINT('',(0.0123,0.03125,-0.0049));
#9013=CARTESIAN_POINT('',(0.0123,0.03125,-0.02245));
#9014=CARTESIAN_POINT('',(0.0148,0.03125,-0.0049));
#9015=CARTESIAN_POINT('',(0.0148,0.03125,-0.02245));
#9016=CARTESIAN_POINT('',(0.01675,0.03125,-0.02245));
#9017=CARTESIAN_POINT('',(0.0187,0.03125,-0.01975));
#9018=CARTESIAN_POINT('',(0.0197,0.03125,0.008359934207679));
#9019=CARTESIAN_POINT('',(0.0148,0.03125,0.00835993420767869));
#9020=CARTESIAN_POINT('',(0.0123,0.03125,0.00835993420767869));
#9021=CARTESIAN_POINT('',(0.0123,0.03125,0.0106));
#9022=CARTESIAN_POINT('',(0.0123,0.03125,0.00995));
#9023=CARTESIAN_POINT('',(0.01675,0.03125,0.00995));
#9024=CARTESIAN_POINT('',(0.0148,0.03125,0.00995));
#9025=CARTESIAN_POINT('',(0.0148,0.03125,0.0106));
#9026=CARTESIAN_POINT('',(0.0197,0.0319,0.0076));
#9027=CARTESIAN_POINT('',(0.0148,0.0319,0.0076));
#9028=CARTESIAN_POINT('',(0.0148,0.03255,0.00835993420767869));
#9029=CARTESIAN_POINT('',(0.0197,0.03255,0.008359934207679));
#9030=CARTESIAN_POINT('',(0.0123,0.03255,0.00835993420767869));
#9031=CARTESIAN_POINT('',(0.0123,0.0319,0.0076));
#9032=CARTESIAN_POINT('',(0.0187,0.03255,-0.01975));
#9033=CARTESIAN_POINT('',(0.0148,0.03255,0.0106));
#9034=CARTESIAN_POINT('',(0.0148,0.03255,0.00995));
#9035=CARTESIAN_POINT('',(0.01675,0.03255,0.00995));
#9036=CARTESIAN_POINT('',(0.0123,0.03255,0.00995));
#9037=CARTESIAN_POINT('',(0.0123,0.03255,0.0106));
#9038=CARTESIAN_POINT('',(0.008,0.026,0.00525));
#9039=CARTESIAN_POINT('',(0.008,0.026,-0.01725));
#9040=CARTESIAN_POINT('',(0.008,0.0378,-0.01725));
#9041=CARTESIAN_POINT('',(0.008,0.0378,0.00525));
#9042=CARTESIAN_POINT('',(0.0148,0.026,-0.02245));
#9043=CARTESIAN_POINT('',(0.0148,0.026,-0.02245));
#9044=CARTESIAN_POINT('',(0.0148,0.0378,-0.02245));
#9045=CARTESIAN_POINT('',(0.0123,0.026,-0.02245));
#9046=CARTESIAN_POINT('',(0.0123,0.0378,-0.02245));
#9047=CARTESIAN_POINT('',(0.0148,0.0378,-0.02245));
#9048=CARTESIAN_POINT('',(0.0148,0.026,0.00995));
#9049=CARTESIAN_POINT('',(0.0148,0.0378,0.00995));
#9050=CARTESIAN_POINT('',(0.0148,0.0378,0.00995));
#9051=CARTESIAN_POINT('',(0.0123,0.0378,0.00995));
#9052=CARTESIAN_POINT('',(0.0123,0.026,0.00995));
#9053=CARTESIAN_POINT('',(0.0148,0.026,0.00995));
#9054=CARTESIAN_POINT('',(0.0262,0.0337,-0.01725));
#9055=CARTESIAN_POINT('',(0.0262,0.0337,-0.01725));
#9056=CARTESIAN_POINT('',(0.0262,0.0337,-0.01725));
#9057=CARTESIAN_POINT('',(0.025,0.0337,-0.01725));
#9058=CARTESIAN_POINT('',(0.025,0.0337,-0.01725));
#9059=CARTESIAN_POINT('',(0.0262,0.0337,-0.01725));
#9060=CARTESIAN_POINT('',(0.025,0.0337,-0.01725));
#9061=CARTESIAN_POINT('',(0.025,0.0301,-0.01725));
#9062=CARTESIAN_POINT('',(0.025,0.0301,-0.01725));
#9063=CARTESIAN_POINT('',(0.025,0.0337,-0.01725));
#9064=CARTESIAN_POINT('',(0.025,0.0301,-0.01725));
#9065=CARTESIAN_POINT('',(0.0262,0.0301,-0.01725));
#9066=CARTESIAN_POINT('',(0.0262,0.0301,-0.01725));
#9067=CARTESIAN_POINT('',(0.025,0.0301,-0.01725));
#9068=CARTESIAN_POINT('',(0.0262,0.0301,-0.01725));
#9069=CARTESIAN_POINT('',(0.0262,0.0301,-0.01725));
#9070=CARTESIAN_POINT('',(0.008,0.026,0.00525));
#9071=CARTESIAN_POINT('',(0.008,0.026,0.00525));
#9072=CARTESIAN_POINT('',(0.008,0.026,-0.01725));
#9073=CARTESIAN_POINT('',(0.008,0.026,-0.01725));
#9074=CARTESIAN_POINT('',(0.0307,0.026,-0.01725));
#9075=CARTESIAN_POINT('',(0.0307,0.0378,-0.01725));
#9076=CARTESIAN_POINT('',(0.0123,0.0378,-0.01725));
#9077=CARTESIAN_POINT('',(0.0123,0.026,-0.01725));
#9078=CARTESIAN_POINT('',(0.0123,0.026,-0.01725));
#9079=CARTESIAN_POINT('',(0.0307,0.026,-0.01725));
#9080=CARTESIAN_POINT('',(0.008,0.026,0.00525));
#9081=CARTESIAN_POINT('',(0.008,0.026,0.00525));
#9082=CARTESIAN_POINT('',(0.008,0.026,0.00525));
#9083=CARTESIAN_POINT('',(0.008,0.026,0.00525));
#9084=CARTESIAN_POINT('',(0.008,0.0378,0.00525));
#9085=CARTESIAN_POINT('',(0.008,0.0378,0.00525));
#9086=CARTESIAN_POINT('',(0.0123,0.026,0.00995));
#9087=CARTESIAN_POINT('',(0.0123,0.026,0.00995));
#9088=CARTESIAN_POINT('',(0.0123,0.026,-0.02245));
#9089=CARTESIAN_POINT('',(0.0123,0.0378,0.00995));
#9090=CARTESIAN_POINT('',(0.0123,0.026,-0.02245));
#9091=CARTESIAN_POINT('',(0.0307,0.026,0.00525));
#9092=CARTESIAN_POINT('',(0.0307,0.026,0.00525));
#9093=CARTESIAN_POINT('',(0.0123,0.026,0.00525));
#9094=CARTESIAN_POINT('',(0.0123,0.026,0.00525));
#9095=CARTESIAN_POINT('',(0.0123,0.0378,0.00525));
#9096=CARTESIAN_POINT('',(0.0307,0.0378,0.00525));
#9097=CARTESIAN_POINT('',(0.0148,0.026,-0.02245));
#9098=CARTESIAN_POINT('',(0.0148,0.026,-0.02245));
#9099=CARTESIAN_POINT('',(0.0148,0.026,-0.02245));
#9100=CARTESIAN_POINT('',(0.0148,0.026,-0.02245));
#9101=CARTESIAN_POINT('',(0.0123,0.026,0.00995));
#9102=CARTESIAN_POINT('',(0.0123,0.026,0.00995));
#9103=CARTESIAN_POINT('',(0.0123,0.026,0.00995));
#9104=CARTESIAN_POINT('',(0.0123,0.026,0.00995));
#9105=CARTESIAN_POINT('',(0.0123,0.0378,0.00995));
#9106=CARTESIAN_POINT('',(0.0148,0.026,0.00995));
#9107=CARTESIAN_POINT('',(0.0148,0.0378,0.00995));
#9108=CARTESIAN_POINT('',(0.0148,0.0378,-0.01725));
#9109=CARTESIAN_POINT('',(0.0148,0.026,-0.01725));
#9110=CARTESIAN_POINT('',(0.0148,0.026,-0.01725));
#9111=CARTESIAN_POINT('',(0.0148,0.026,0.00995));
#9112=CARTESIAN_POINT('',(0.0148,0.026,0.00995));
#9113=CARTESIAN_POINT('',(0.0148,0.026,0.00995));
#9114=CARTESIAN_POINT('',(0.0148,0.026,0.00995));
#9115=CARTESIAN_POINT('',(0.0148,0.026,0.00995));
#9116=CARTESIAN_POINT('',(0.0148,0.026,0.00995));
#9117=CARTESIAN_POINT('',(0.0148,0.026,0.00525));
#9118=CARTESIAN_POINT('',(0.0148,0.026,0.00525));
#9119=CARTESIAN_POINT('',(0.0148,0.0378,0.00525));
#9120=CARTESIAN_POINT('',(0.0148,0.0378,0.00995));
#9121=CARTESIAN_POINT('',(0.0148,0.026,0.00995));
#9122=CARTESIAN_POINT('',(0.0307,0.026,0.00525));
#9123=CARTESIAN_POINT('',(0.0307,0.026,0.00525));
#9124=CARTESIAN_POINT('',(0.0307,0.026,0.00525));
#9125=CARTESIAN_POINT('',(0.0307,0.026,0.00525));
#9126=CARTESIAN_POINT('',(0.0307,0.0378,0.00525));
#9127=CARTESIAN_POINT('',(0.0307,0.0378,0.00525));
#9128=CARTESIAN_POINT('',(0.0307,0.0378,0.00525));
#9129=CARTESIAN_POINT('',(0.0307,0.0378,0.00525));
#9130=CARTESIAN_POINT('',(0.0307,0.0378,-0.01725));
#9131=CARTESIAN_POINT('',(0.0307,0.0378,-0.01725));
#9132=CARTESIAN_POINT('',(0.0307,0.026,-0.01725));
#9133=CARTESIAN_POINT('',(0.0307,0.026,-0.01725));
#9134=CARTESIAN_POINT('',(0.0307,0.026,-0.01725));
#9135=CARTESIAN_POINT('',(0.0307,0.026,-0.01725));
#9136=CARTESIAN_POINT('',(0.0307,0.026,0.00525));
#9137=CARTESIAN_POINT('',(0.0307,0.026,0.00525));
#9138=CARTESIAN_POINT('',(0.0307,0.026,0.00525));
#9139=CARTESIAN_POINT('',(0.,0.,0.));
#9140=CARTESIAN_POINT('',(0.018,0.026,-0.00375));
#9141=CARTESIAN_POINT('',(0.018,0.0319,0.0076));
#9142=CARTESIAN_POINT('',(0.018,0.0309,0.0076));
#9143=CARTESIAN_POINT('',(0.018,0.0319,-0.0196));
#9144=CARTESIAN_POINT('',(0.018,0.0309,-0.0196));
#9145=CARTESIAN_POINT('',(0.018,0.026,0.00975));
#9146=CARTESIAN_POINT('',(0.018,0.038,0.00975));
#9147=CARTESIAN_POINT('',(0.018,0.014,0.00975));
#9148=CARTESIAN_POINT('',(0.018,0.014,-0.00375));
#9149=CARTESIAN_POINT('',(0.018,0.014,-0.02225));
#9150=CARTESIAN_POINT('',(0.018,0.026,-0.02225));
#9151=CARTESIAN_POINT('',(0.018,0.038,-0.02225));
#9152=CARTESIAN_POINT('',(0.018,0.038,-0.00375));
#9153=CARTESIAN_POINT('',(0.018,0.038,-0.01735));
#9154=CARTESIAN_POINT('',(0.018,0.038,-0.01735));
#9155=CARTESIAN_POINT('',(0.018,0.026,-0.01735));
#9156=CARTESIAN_POINT('',(0.018,0.026,-0.00375));
#9157=CARTESIAN_POINT('',(0.018,0.026,0.00535));
#9158=CARTESIAN_POINT('',(0.018,0.038,0.00535));
#9159=CARTESIAN_POINT('',(0.018,0.038,0.00535));
#9160=CARTESIAN_POINT('',(0.018,0.038,-0.00375));
#9161=CARTESIAN_POINT('',(0.013,0.026,-0.02225));
#9162=CARTESIAN_POINT('',(0.014,0.026,-0.02225));
#9163=CARTESIAN_POINT('',(0.014,0.01,-0.02225));
#9164=CARTESIAN_POINT('',(0.014,0.004,-0.02225));
#9165=CARTESIAN_POINT('',(0.008,0.004,-0.02225));
#9166=CARTESIAN_POINT('',(0.008,0.004,-0.02225));
#9167=CARTESIAN_POINT('',(0.008,0.026,-0.02225));
#9168=CARTESIAN_POINT('',(0.008,0.038,-0.02225));
#9169=CARTESIAN_POINT('',(0.013,0.038,-0.02225));
#9170=CARTESIAN_POINT('',(0.0122,0.038,-0.02225));
#9171=CARTESIAN_POINT('',(0.0122,0.038,-0.02225));
#9172=CARTESIAN_POINT('',(0.0122,0.026,-0.02225));
#9173=CARTESIAN_POINT('',(0.013,0.026,-0.02225));
#9174=CARTESIAN_POINT('',(0.0149,0.026,-0.02225));
#9175=CARTESIAN_POINT('',(0.0149,0.038,-0.02225));
#9176=CARTESIAN_POINT('',(0.0149,0.038,-0.02225));
#9177=CARTESIAN_POINT('',(0.013,0.038,-0.02225));
#9178=CARTESIAN_POINT('',(0.0215,0.0175,-0.02225));
#9179=CARTESIAN_POINT('',(-0.002,0.005,0.));
#9180=CARTESIAN_POINT('',(0.0050599705673907,0.00343237543522857,-0.00156651464298746));
#9181=CARTESIAN_POINT('',(0.00534513463169405,0.00278324296040013,-4.79340722619179E-7));
#9182=CARTESIAN_POINT('',(0.0050594909058331,0.00343465272317091,0.00156843200587794));
#9183=CARTESIAN_POINT('',(0.00475134305947662,0.0049970890274865,0.00221625484433014));
#9184=CARTESIAN_POINT('',(0.00505986991624955,0.00656828395019682,0.00156654545781682));
#9185=CARTESIAN_POINT('',(0.00534517256725572,0.0072163887684382,1.51226697071028E-6));
#9186=CARTESIAN_POINT('',(0.00505943959532024,0.00656616040010607,-0.0015688766414527));
#9187=CARTESIAN_POINT('',(0.00475133046525167,0.00499938327199543,-0.00221615201791741));
#9188=CARTESIAN_POINT('',(0.0050599705673907,0.00343237543522857,-0.00156651464298746));
#9189=CARTESIAN_POINT('',(0.00534513463169405,0.00278324296040013,-4.79340722619179E-7));
#9190=CARTESIAN_POINT('',(0.0050594909058331,0.00343465272317091,0.00156843200587794));
#9191=CARTESIAN_POINT('',(0.00525,0.003,1.47487014076544E-20));
#9192=CARTESIAN_POINT('',(0.014,0.005,0.));
#9193=CARTESIAN_POINT('',(0.014,0.003,0.));
#9194=CARTESIAN_POINT('',(0.005375,0.026,-0.00625));
#9195=CARTESIAN_POINT('',(0.013,0.026,0.00975));
#9196=CARTESIAN_POINT('',(0.0122,0.026,0.00975));
#9197=CARTESIAN_POINT('',(0.0149,0.026,0.00975));
#9198=CARTESIAN_POINT('',(0.0149,0.026,0.00755));
#9199=CARTESIAN_POINT('',(0.0149,0.026,0.00535));
#9200=CARTESIAN_POINT('',(0.01645,0.026,0.00535));
#9201=CARTESIAN_POINT('',(0.01645,0.026,-0.01735));
#9202=CARTESIAN_POINT('',(0.0149,0.026,-0.01735));
#9203=CARTESIAN_POINT('',(0.0149,0.026,-0.0198));
#9204=CARTESIAN_POINT('',(0.0122,0.026,-0.0198));
#9205=CARTESIAN_POINT('',(0.0122,0.026,-0.01735));
#9206=CARTESIAN_POINT('',(0.0101,0.026,-0.01735));
#9207=CARTESIAN_POINT('',(0.008,0.026,-0.01735));
#9208=CARTESIAN_POINT('',(0.008,0.026,-0.01225));
#9209=CARTESIAN_POINT('',(0.008,0.026,0.00535));
#9210=CARTESIAN_POINT('',(0.0101,0.026,0.00535));
#9211=CARTESIAN_POINT('',(0.0122,0.026,0.00535));
#9212=CARTESIAN_POINT('',(0.0122,0.026,0.00755));
#9213=CARTESIAN_POINT('',(0.004,0.01,-0.00725));
#9214=CARTESIAN_POINT('',(0.004,0.,-0.00725));
#9215=CARTESIAN_POINT('',(4.43934464690916E-19,0.,-0.00725));
#9216=CARTESIAN_POINT('',(0.008,0.,-0.00725));
#9217=CARTESIAN_POINT('',(4.43934464690916E-19,0.01,-0.00725));
#9218=CARTESIAN_POINT('',(4.43934464690916E-19,0.01,-0.00725));
#9219=CARTESIAN_POINT('',(0.004,0.01,-0.00725));
#9220=CARTESIAN_POINT('',(0.008,0.01,-0.00725));
#9221=CARTESIAN_POINT('',(0.008,0.01,-0.00725));
#9222=CARTESIAN_POINT('',(-4.43934464690916E-19,0.01,0.));
#9223=CARTESIAN_POINT('',(-4.43934464690916E-19,0.,0.));
#9224=CARTESIAN_POINT('',(-1.33180339407275E-18,0.,0.00725));
#9225=CARTESIAN_POINT('',(-1.33180339407275E-18,0.01,0.00725));
#9226=CARTESIAN_POINT('',(-1.33180339407275E-18,0.01,0.00725));
#9227=CARTESIAN_POINT('',(-4.43934464690916E-19,0.01,0.));
#9228=CARTESIAN_POINT('',(0.004,0.01,0.00725));
#9229=CARTESIAN_POINT('',(0.004,0.,0.00725));
#9230=CARTESIAN_POINT('',(0.008,0.,0.00725));
#9231=CARTESIAN_POINT('',(0.008,0.01,0.00725));
#9232=CARTESIAN_POINT('',(0.008,0.01,0.00725));
#9233=CARTESIAN_POINT('',(0.004,0.01,0.00725));
#9234=CARTESIAN_POINT('',(-3.2146978477618E-19,0.01,0.));
#9235=CARTESIAN_POINT('',(-3.2146978477618E-19,0.01,0.));
#9236=CARTESIAN_POINT('',(0.00525,0.01,0.));
#9237=CARTESIAN_POINT('',(-3.2146978477618E-19,0.,0.));
#9238=CARTESIAN_POINT('',(0.00525,0.,0.));
#9239=CARTESIAN_POINT('',(0.005375,0.01,-0.00625));
#9240=CARTESIAN_POINT('',(0.008,0.01,0.));
#9241=CARTESIAN_POINT('',(0.005375,0.,-0.00625));
#9242=CARTESIAN_POINT('',(0.008,0.,-0.01225));
#9243=CARTESIAN_POINT('',(0.008,0.,-0.01825));
#9244=CARTESIAN_POINT('',(0.014,0.,-0.01825));
#9245=CARTESIAN_POINT('',(0.014,0.,-0.01825));
#9246=CARTESIAN_POINT('',(0.014,0.,-0.00375));
#9247=CARTESIAN_POINT('',(0.014,0.,0.00975));
#9248=CARTESIAN_POINT('',(0.013,0.,0.00975));
#9249=CARTESIAN_POINT('',(0.008,0.,0.00975));
#9250=CARTESIAN_POINT('',(0.008,0.,-0.01225));
#9251=CARTESIAN_POINT('',(0.008,0.026,-0.01225));
#9252=CARTESIAN_POINT('',(0.008,0.0319,-0.0196));
#9253=CARTESIAN_POINT('',(0.008,0.0319,-0.0206));
#9254=CARTESIAN_POINT('',(0.008,0.0319,0.0076));
#9255=CARTESIAN_POINT('',(0.008,0.0319,0.0066));
#9256=CARTESIAN_POINT('',(0.008,2.27682456221956E-19,-0.01825));
#9257=CARTESIAN_POINT('',(0.008,0.026,0.00975));
#9258=CARTESIAN_POINT('',(0.008,0.038,0.00975));
#9259=CARTESIAN_POINT('',(0.008,0.038,-0.01225));
#9260=CARTESIAN_POINT('',(0.008,0.038,0.00535));
#9261=CARTESIAN_POINT('',(0.008,0.038,0.00535));
#9262=CARTESIAN_POINT('',(0.008,0.038,-0.01735));
#9263=CARTESIAN_POINT('',(0.008,0.038,-0.01735));
#9264=CARTESIAN_POINT('',(0.008,0.038,-0.01225));
#9265=CARTESIAN_POINT('',(0.013,0.026,0.00975));
#9266=CARTESIAN_POINT('',(0.014,0.026,0.00975));
#9267=CARTESIAN_POINT('',(0.014,0.01,0.00975));
#9268=CARTESIAN_POINT('',(0.018,0.014,0.00975));
#9269=CARTESIAN_POINT('',(0.013,0.038,0.00975));
#9270=CARTESIAN_POINT('',(0.0149,0.038,0.00975));
#9271=CARTESIAN_POINT('',(0.0149,0.038,0.00975));
#9272=CARTESIAN_POINT('',(0.0122,0.038,0.00975));
#9273=CARTESIAN_POINT('',(0.0122,0.038,0.00975));
#9274=CARTESIAN_POINT('',(0.013,0.038,0.00975));
#9275=CARTESIAN_POINT('',(0.0101,0.038,0.00535));
#9276=CARTESIAN_POINT('',(0.0101,0.038,0.00535));
#9277=CARTESIAN_POINT('',(0.0122,0.038,0.00535));
#9278=CARTESIAN_POINT('',(0.0122,0.038,0.00535));
#9279=CARTESIAN_POINT('',(0.0122,0.038,0.00755));
#9280=CARTESIAN_POINT('',(0.0122,0.0319,0.0076));
#9281=CARTESIAN_POINT('',(0.0122,0.0329,0.0076));
#9282=CARTESIAN_POINT('',(0.0122,0.038,0.00755));
#9283=CARTESIAN_POINT('',(0.013,0.038,-0.00625));
#9284=CARTESIAN_POINT('',(0.01645,0.038,-0.01735));
#9285=CARTESIAN_POINT('',(0.01645,0.038,-0.01735));
#9286=CARTESIAN_POINT('',(0.0149,0.038,-0.01735));
#9287=CARTESIAN_POINT('',(0.0149,0.038,-0.01735));
#9288=CARTESIAN_POINT('',(0.0149,0.038,-0.0198));
#9289=CARTESIAN_POINT('',(0.0149,0.0319,-0.0196));
#9290=CARTESIAN_POINT('',(0.0149,0.0309,-0.0196));
#9291=CARTESIAN_POINT('',(0.0149,0.038,-0.0198));
#9292=CARTESIAN_POINT('',(0.013,0.038,-0.00625));
#9293=CARTESIAN_POINT('',(0.0101,0.038,-0.01735));
#9294=CARTESIAN_POINT('',(0.0122,0.038,-0.01735));
#9295=CARTESIAN_POINT('',(0.0122,0.038,-0.01735));
#9296=CARTESIAN_POINT('',(0.0101,0.038,-0.01735));
#9297=CARTESIAN_POINT('',(0.0122,0.038,-0.0198));
#9298=CARTESIAN_POINT('',(0.0122,0.0319,-0.0196));
#9299=CARTESIAN_POINT('',(0.0122,0.0309,-0.0196));
#9300=CARTESIAN_POINT('',(0.0122,0.038,-0.0198));
#9301=CARTESIAN_POINT('',(0.013,0.038,-0.00625));
#9302=CARTESIAN_POINT('',(0.01645,0.038,0.00535));
#9303=CARTESIAN_POINT('',(0.0149,0.038,0.00535));
#9304=CARTESIAN_POINT('',(0.0149,0.038,0.00535));
#9305=CARTESIAN_POINT('',(0.01645,0.038,0.00535));
#9306=CARTESIAN_POINT('',(0.0149,0.038,0.00755));
#9307=CARTESIAN_POINT('',(0.0149,0.0319,0.0076));
#9308=CARTESIAN_POINT('',(0.0149,0.0329,0.0076));
#9309=CARTESIAN_POINT('',(0.0149,0.038,0.00755));
#9310=CARTESIAN_POINT('',(0.013,0.038,-0.00625));
#9311=CARTESIAN_POINT('',(-0.002,0.0319,0.0076));
#9312=CARTESIAN_POINT('',(-0.002,0.0319,-0.0196));
#9313=CARTESIAN_POINT('',(-0.002,0.0319,-0.0196));
#9314=CARTESIAN_POINT('',(-0.002,0.0319,0.0076));
#9315=CARTESIAN_POINT('',(0.014,0.019,-0.00625));
#9316=CARTESIAN_POINT('',(0.014,0.0035,-0.02175));
#9317=CARTESIAN_POINT('',(0.014,0.01,-0.00625));
#9318=CARTESIAN_POINT('',(0.005375,0.,-0.01825));
#9319=CARTESIAN_POINT('',(0.018,0.014,-0.00375));
#9320=MECHANICAL_DESIGN_GEOMETRIC_PRESENTATION_REPRESENTATION('',(#2566),
#9323);
#9321=MECHANICAL_DESIGN_GEOMETRIC_PRESENTATION_REPRESENTATION('',(#2567,
#11,#12,#13,#14,#15,#16,#17,#18,#19,#20,#21,#22,#23,#24,#25,#26,#27,#28,
#29,#30,#31,#32,#33,#34,#35,#36,#37,#38,#39,#40,#41,#42,#43),#9324);
#9322=MECHANICAL_DESIGN_GEOMETRIC_PRESENTATION_REPRESENTATION('',(#2568),
#9325);
#9323=(
GEOMETRIC_REPRESENTATION_CONTEXT(3)
GLOBAL_UNCERTAINTY_ASSIGNED_CONTEXT((#9326))
GLOBAL_UNIT_ASSIGNED_CONTEXT((#9335,#9332,#9329))
REPRESENTATION_CONTEXT('Base (coxa) Joint v10',
'TOP_LEVEL_ASSEMBLY_PART')
);
#9324=(
GEOMETRIC_REPRESENTATION_CONTEXT(3)
GLOBAL_UNCERTAINTY_ASSIGNED_CONTEXT((#9327))
GLOBAL_UNIT_ASSIGNED_CONTEXT((#9336,#9333,#9330))
REPRESENTATION_CONTEXT('Servo-sg90-final','TOP_LEVEL_ASSEMBLY_PART')
);
#9325=(
GEOMETRIC_REPRESENTATION_CONTEXT(3)
GLOBAL_UNCERTAINTY_ASSIGNED_CONTEXT((#9328))
GLOBAL_UNIT_ASSIGNED_CONTEXT((#9337,#9334,#9331))
REPRESENTATION_CONTEXT('Part 1','TOP_LEVEL_ASSEMBLY_PART')
);
#9326=UNCERTAINTY_MEASURE_WITH_UNIT(LENGTH_MEASURE(2.E-5),#9335,
'DISTANCE_ACCURACY_VALUE','Maximum Tolerance applied to model');
#9327=UNCERTAINTY_MEASURE_WITH_UNIT(LENGTH_MEASURE(1.E-6),#9336,
'DISTANCE_ACCURACY_VALUE','Maximum Tolerance applied to model');
#9328=UNCERTAINTY_MEASURE_WITH_UNIT(LENGTH_MEASURE(2.E-5),#9337,
'DISTANCE_ACCURACY_VALUE','Maximum Tolerance applied to model');
#9329=(
NAMED_UNIT(*)
SI_UNIT($,.STERADIAN.)
SOLID_ANGLE_UNIT()
);
#9330=(
NAMED_UNIT(*)
SI_UNIT($,.STERADIAN.)
SOLID_ANGLE_UNIT()
);
#9331=(
NAMED_UNIT(*)
SI_UNIT($,.STERADIAN.)
SOLID_ANGLE_UNIT()
);
#9332=(
NAMED_UNIT(*)
PLANE_ANGLE_UNIT()
SI_UNIT($,.RADIAN.)
);
#9333=(
NAMED_UNIT(*)
PLANE_ANGLE_UNIT()
SI_UNIT($,.RADIAN.)
);
#9334=(
NAMED_UNIT(*)
PLANE_ANGLE_UNIT()
SI_UNIT($,.RADIAN.)
);
#9335=(
LENGTH_UNIT()
NAMED_UNIT(*)
SI_UNIT($,.METRE.)
);
#9336=(
LENGTH_UNIT()
NAMED_UNIT(*)
SI_UNIT($,.METRE.)
);
#9337=(
LENGTH_UNIT()
NAMED_UNIT(*)
SI_UNIT($,.METRE.)
);
#9338=PRODUCT_DEFINITION_SHAPE('','',#9341);
#9339=PRODUCT_DEFINITION_SHAPE('','',#9342);
#9340=PRODUCT_DEFINITION_SHAPE('','',#9343);
#9341=PRODUCT_DEFINITION('','',#9347,#9344);
#9342=PRODUCT_DEFINITION('','',#9348,#9345);
#9343=PRODUCT_DEFINITION('','',#9349,#9346);
#9344=PRODUCT_DEFINITION_CONTEXT('',#9365,'design');
#9345=PRODUCT_DEFINITION_CONTEXT('',#9366,'design');
#9346=PRODUCT_DEFINITION_CONTEXT('',#9367,'design');
#9347=PRODUCT_DEFINITION_FORMATION_WITH_SPECIFIED_SOURCE('','',#9353,
 .NOT_KNOWN.);
#9348=PRODUCT_DEFINITION_FORMATION_WITH_SPECIFIED_SOURCE('','',#9354,
 .NOT_KNOWN.);
#9349=PRODUCT_DEFINITION_FORMATION_WITH_SPECIFIED_SOURCE('','',#9355,
 .NOT_KNOWN.);
#9350=PRODUCT_RELATED_PRODUCT_CATEGORY('','',(#9353));
#9351=PRODUCT_RELATED_PRODUCT_CATEGORY('','',(#9354));
#9352=PRODUCT_RELATED_PRODUCT_CATEGORY('','',(#9355));
#9353=PRODUCT('Base (coxa) Joint v10','Base (coxa) Joint v10',
'Base (coxa) Joint v10',(#9359));
#9354=PRODUCT('Servo-sg90-final','Servo-sg90-final','Servo-sg90-final',
(#9360));
#9355=PRODUCT('Part 1','Part 1','Part 1',(#9361));
#9356=PRODUCT_CATEGORY('','');
#9357=PRODUCT_CATEGORY('','');
#9358=PRODUCT_CATEGORY('','');
#9359=PRODUCT_CONTEXT('',#9365,'mechanical');
#9360=PRODUCT_CONTEXT('',#9366,'mechanical');
#9361=PRODUCT_CONTEXT('',#9367,'mechanical');
#9362=APPLICATION_PROTOCOL_DEFINITION('international standard',
'ap242_managed_model_based_3d_engineering',2020,#9365);
#9363=APPLICATION_PROTOCOL_DEFINITION('international standard',
'ap242_managed_model_based_3d_engineering',2020,#9366);
#9364=APPLICATION_PROTOCOL_DEFINITION('international standard',
'ap242_managed_model_based_3d_engineering',2020,#9367);
#9365=APPLICATION_CONTEXT('managed model based 3d engineering');
#9366=APPLICATION_CONTEXT('managed model based 3d engineering');
#9367=APPLICATION_CONTEXT('managed model based 3d engineering');
ENDSEC;
END-ISO-10303-21;
